,Date,rh,rs,rf,h,copula
0,2021-05-27 20:00:00+00:00,-0.0008139101727764443,0.0055728127328864,0.006582792406038,0.97021484375,t_Copula
1,2021-05-26 20:00:00+00:00,0.02234149287587652,0.0540122808101446,0.0326430667787524,0.97021484375,t_Copula
2,2021-05-25 20:00:00+00:00,0.0027648708967434737,-0.057625779220456,-0.0622446157222066,0.97021484375,t_Copula
3,2021-05-24 20:00:00+00:00,0.001750349012332772,0.0932707362225501,0.0943300216439482,0.97021484375,t_Copula
4,2021-05-21 20:00:00+00:00,-0.025608614154753295,-0.1311762914192989,-0.1088085571403067,0.97021484375,t_Copula
0,2021-05-20 20:00:00+00:00,0.012895063849507025,0.0333146135278298,0.0212907228088815,0.95908203125,t_Copula
1,2021-05-19 20:00:00+00:00,-0.07052987971450066,-0.1572935434063629,-0.0904653208639313,0.95908203125,t_Copula
2,2021-05-18 20:00:00+00:00,0.006820628022385531,-0.0120673317886385,-0.0196937896817927,0.95908203125,t_Copula
3,2021-05-17 20:00:00+00:00,0.002724711764184082,-0.1235333480808364,-0.1316446932912137,0.95908203125,t_Copula
4,2021-05-14 20:00:00+00:00,0.01941814513615228,0.0547603218120586,0.0368500039875044,0.95908203125,t_Copula
0,2021-05-13 20:00:00+00:00,0.004751869319607541,-0.1090931357718108,-0.1196032473721272,0.95185546875,t_Copula
1,2021-05-12 20:00:00+00:00,0.011798629987018763,-0.0285305076354498,-0.0423689719148536,0.95185546875,t_Copula
2,2021-05-11 20:00:00+00:00,0.002841553721416399,0.0208763624000823,0.0189470032696767,0.95185546875,t_Copula
3,2021-05-10 20:00:00+00:00,0.0378441313414846,0.0035860019533617,-0.0359908941145356,0.95185546875,t_Copula
4,2021-05-07 20:00:00+00:00,-0.00634813485299832,0.0187656090817355,0.0263839887033625,0.95185546875,t_Copula
0,2021-05-06 20:00:00+00:00,0.008487281972722239,-0.0098369858830063,-0.0192018525217622,0.954296875,t_Copula
1,2021-05-05 20:00:00+00:00,-0.0035394569469220094,0.0445594010009936,0.0504024053813606,0.954296875,t_Copula
2,2021-05-04 20:00:00+00:00,0.018717953268950142,-0.0379611366837664,-0.0593935613094369,0.954296875,t_Copula
3,2021-05-03 20:00:00+00:00,0.026111979681172084,0.0351895867189485,0.0095123512143707,0.954296875,t_Copula
4,2021-04-30 20:00:00+00:00,-0.014840633645440901,0.0634944241877102,0.0820866754207396,0.954296875,t_Copula
0,2021-04-29 20:00:00+00:00,0.014849614450946402,-0.0327748717605493,-0.0494098012974383,0.9638671875,t_Copula
1,2021-04-28 20:00:00+00:00,0.005042769666203236,0.0175844551527227,0.0130118398563282,0.9638671875,t_Copula
2,2021-04-27 20:00:00+00:00,0.01248405777170398,0.0239483040260528,0.0118940102983315,0.9638671875,t_Copula
3,2021-04-26 20:00:00+00:00,-0.0026521736179312,0.0573745152861067,0.0622769295215145,0.9638671875,t_Copula
4,2021-04-23 20:00:00+00:00,-0.007776355056850634,-0.0451840218977691,-0.038809980592807,0.9638671875,t_Copula
0,2021-04-22 20:00:00+00:00,0.018829292146573057,-0.032980359917207,-0.0532982556894824,0.9720703125,t_Copula
1,2021-04-21 20:00:00+00:00,0.012532406765494598,-0.0065570708621643,-0.0196379597053674,0.9720703125,t_Copula
2,2021-04-20 20:00:00+00:00,0.01849036883070663,0.0278162920594261,0.0095938772214273,0.9720703125,t_Copula
3,2021-04-19 20:00:00+00:00,-0.0032991453294988066,-0.0989360845207131,-0.0983847957924487,0.9720703125,t_Copula
4,2021-04-16 20:00:00+00:00,0.0014423817248779142,-0.0281014378275794,-0.0303926775383929,0.9720703125,t_Copula
0,2021-04-15 20:00:00+00:00,0.0071588191227801405,0.0289433869857805,0.0223297272189313,0.9755859375,t_Copula
1,2021-04-14 20:00:00+00:00,0.00861621864066725,-0.0105858249896476,-0.0196825752526951,0.9755859375,t_Copula
2,2021-04-13 20:00:00+00:00,-0.0014550208915347501,0.0474378074345631,0.0501163725785027,0.9755859375,t_Copula
3,2021-04-12 20:00:00+00:00,0.012111895056479277,0.0422397528371779,0.030881808175611,0.9755859375,t_Copula
4,2021-04-09 20:00:00+00:00,0.0011121451050777748,0.0110595770682762,0.0101963666970122,0.9755859375,t_Copula
0,2021-04-08 20:00:00+00:00,0.001494764428486249,0.0330759552926323,0.0325507191191601,0.97021484375,t_Copula
1,2021-04-07 20:00:00+00:00,-0.0006914719711567999,-0.0442136659474267,-0.0448583056182188,0.97021484375,t_Copula
2,2021-04-06 20:00:00+00:00,0.013173925360169092,-0.0056311615626738,-0.0193823945737203,0.97021484375,t_Copula
3,2021-04-05 20:00:00+00:00,0.007059962419896371,0.0118885134134479,0.0049767853219897,0.97021484375,t_Copula
4,2021-04-02 20:00:00+00:00,0.0080674509450727,0.0080674509450727,0.0,0.97021484375,t_Copula
0,2021-04-01 20:00:00+00:00,-0.013915470921928321,-0.0101702926054979,0.0038323799300737,0.97724609375,t_Copula
1,2021-03-31 20:00:00+00:00,0.0023580151945324867,-0.0027676264860859,-0.0052449855910395,0.97724609375,t_Copula
2,2021-03-30 20:00:00+00:00,0.0007381546064689389,0.0257233530873528,0.0255669463819577,0.97724609375,t_Copula
3,2021-03-29 20:00:00+00:00,0.0013312399684069914,0.0712012331124402,0.0714968252018487,0.97724609375,t_Copula
4,2021-03-26 20:00:00+00:00,-0.007290078852292138,0.0336132526958043,0.0418557125064962,0.97724609375,t_Copula
0,2021-03-25 20:00:00+00:00,0.0032859515014981577,-0.0434308101483539,-0.0479674761149589,0.97392578125,t_Copula
1,2021-03-24 20:00:00+00:00,-0.007599080351270617,-0.0122820620576211,-0.0048083558280386,0.97392578125,t_Copula
2,2021-03-23 20:00:00+00:00,0.0014331150629611766,-0.0124822224564021,-0.0142878829036679,0.97392578125,t_Copula
3,2021-03-22 20:00:00+00:00,0.005292350182422363,-0.0566505480831415,-0.0636012512021833,0.97392578125,t_Copula
4,2021-03-19 20:00:00+00:00,0.0014928468111642876,0.0291155874487288,0.0283622645270892,0.97392578125,t_Copula
0,2021-03-18 20:00:00+00:00,-0.0025347349005300276,-0.0135188214106275,-0.011305361932194,0.97158203125,t_Copula
1,2021-03-17 20:00:00+00:00,-0.0008843472753486056,0.0344191568147982,0.0363361023100918,0.97158203125,t_Copula
2,2021-03-16 20:00:00+00:00,0.008446299907964302,-0.009323667718586,-0.0182897244442532,0.97158203125,t_Copula
3,2021-03-15 20:00:00+00:00,0.00590572920867952,0.0027094561167466,-0.0032897614294294,0.97158203125,t_Copula
4,2021-03-12 21:00:00+00:00,-0.009096375275647262,-0.0218602261070897,-0.013137182884106,0.97158203125,t_Copula
0,2021-03-11 21:00:00+00:00,-0.005754826008894001,0.0166450995450082,0.023301019674112,0.961328125,t_Copula
1,2021-03-10 21:00:00+00:00,-0.010682451999043364,0.0226232390204347,0.0346454973628053,0.961328125,t_Copula
2,2021-03-09 21:00:00+00:00,0.0037194096230545245,0.0501840430487948,0.0483337917797217,0.961328125,t_Copula
3,2021-03-08 21:00:00+00:00,0.014933238345546843,0.0645261633231527,0.0515879268357054,0.961328125,t_Copula
4,2021-03-05 21:00:00+00:00,-0.007639808466020054,0.0156874659176989,0.0242656734751404,0.961328125,t_Copula
0,2021-03-04 21:00:00+00:00,0.006898429392258237,-0.0449182122536322,-0.0531133543997916,0.9755859375,t_Copula
1,2021-03-03 21:00:00+00:00,0.0009721482047137658,0.061010631614061,0.0615409479591307,0.9755859375,t_Copula
2,2021-03-02 21:00:00+00:00,-0.0057024632014595275,-0.023858062897603,-0.0186099440328838,0.9755859375,t_Copula
3,2021-03-01 21:00:00+00:00,0.020674507941089437,0.0703462691653522,0.050914798291937,0.9755859375,t_Copula
4,2021-02-26 21:00:00+00:00,-0.009209928024417176,-0.0600669714892439,-0.0521297422502328,0.9755859375,t_Copula
0,2021-02-25 21:00:00+00:00,0.007600873193387787,-0.0001211277173874,-0.0080621216686723,0.9578125,t_Copula
1,2021-02-24 21:00:00+00:00,-0.0003247355754132236,0.0315401290818644,0.0332683741935688,0.9578125,t_Copula
2,2021-02-23 21:00:00+00:00,-0.0037308462371831302,-0.1243208243320721,-0.1259014453192968,0.9578125,t_Copula
3,2021-02-22 21:00:00+00:00,0.0019505435173629987,-0.0315455268484266,-0.0349714274618358,0.9578125,t_Copula
4,2021-02-19 21:00:00+00:00,-0.008221541353707555,0.0515711630685854,0.0624263145681362,0.9578125,t_Copula
0,2021-02-18 21:00:00+00:00,0.01352025221694924,0.0070860458296443,-0.0066545069594993,0.96689453125,t_Copula
1,2021-02-17 21:00:00+00:00,-0.00934217810629212,0.0640022129104629,0.0758556271095416,0.96689453125,t_Copula
2,2021-02-16 21:00:00+00:00,-0.009154478448704347,0.0088434677647837,0.0186141772776606,0.96689453125,t_Copula
3,2021-02-12 21:00:00+00:00,0.010599237396576814,0.0206779031572914,0.0104237488526126,0.96689453125,t_Copula
4,2021-02-11 21:00:00+00:00,-0.0024484676398952507,0.0517031141649239,0.0560056759601402,0.96689453125,t_Copula
0,2021-02-10 21:00:00+00:00,-0.027670306581922877,0.1386143246706113,0.1696308651151574,0.9802734375,t_Copula
1,2021-02-05 21:00:00+00:00,0.012546311171674252,0.0297738549664722,0.017574222799236,0.9802734375,t_Copula
2,2021-02-03 21:00:00+00:00,0.007887090593361255,0.0409946614959645,0.0337738121182165,0.9802734375,t_Copula
3,2021-02-02 21:00:00+00:00,0.007886506116099909,0.0707674007158798,0.0641462802053941,0.9802734375,t_Copula
4,2021-02-01 21:00:00+00:00,0.018648119963581573,0.0617809689392834,0.04400083418123,0.9802734375,t_Copula
0,2021-01-28 21:00:00+00:00,-0.004866548565671043,0.0297392583642785,0.0358594882577093,0.9650390625,t_Copula
1,2021-01-27 21:00:00+00:00,0.0009532038120806281,-0.0191226269728139,-0.0208031276297632,0.9650390625,t_Copula
2,2021-01-26 21:00:00+00:00,0.004768812172050364,-0.0397512806903203,-0.0461329438282408,0.9650390625,t_Copula
3,2021-01-25 21:00:00+00:00,0.02006275163979543,0.0166451683867321,-0.0035413936967586,0.9650390625,t_Copula
4,2021-01-22 21:00:00+00:00,-0.003632005300356768,0.0446044907779851,0.0499839829834265,0.9650390625,t_Copula
0,2021-01-21 21:00:00+00:00,-0.0010154791741432828,-0.0925510569855831,-0.0939296840153466,0.97451171875,t_Copula
1,2021-01-20 21:00:00+00:00,0.0010876798042162641,-0.0416455868679836,-0.0438509520716832,0.97451171875,t_Copula
2,2021-01-19 21:00:00+00:00,0.03398066391902077,0.0595570704344405,0.0262453555183784,0.97451171875,t_Copula
3,2021-01-15 21:00:00+00:00,0.011206453204167077,-0.0907124567526247,-0.1045845914377741,0.97451171875,t_Copula
4,2021-01-14 21:00:00+00:00,-0.006336431463207573,0.0766022235914502,0.0851079093856795,0.97451171875,t_Copula
0,2021-01-13 21:00:00+00:00,-0.0016117873988028483,0.0493480815069534,0.0525666422479041,0.96943359375,t_Copula
1,2021-01-12 21:00:00+00:00,0.013462323969304989,0.0330899941553818,0.0202465339685128,0.96943359375,t_Copula
2,2021-01-11 21:00:00+00:00,0.005414786803921351,-0.1450149398537094,-0.1551728015487195,0.96943359375,t_Copula
3,2021-01-08 21:00:00+00:00,-0.017227297888961674,-0.0203752054179553,-0.0032471615892913,0.96943359375,t_Copula
4,2021-01-07 21:00:00+00:00,0.005330939905484,0.0818900568245895,0.0789730389092012,0.96943359375,t_Copula
0,2021-01-06 21:00:00+00:00,0.007889034425807497,0.0641120613087552,0.0592003902602966,0.94970703125,t_Copula
1,2021-01-05 21:00:00+00:00,-0.005419587726952613,0.078242191862348,0.0880921977372173,0.94970703125,t_Copula
2,2021-01-04 21:00:00+00:00,0.03856411759241042,0.1189343736854881,0.0846263673411944,0.94970703125,t_Copula
3,2020-12-31 21:00:00+00:00,0.0016998687795055731,0.0091625862768256,0.0078579153904943,0.94970703125,t_Copula
4,2020-12-30 21:00:00+00:00,-0.007321472715196842,0.0582480784589173,0.0690418718789644,0.94970703125,t_Copula
0,2020-12-29 21:00:00+00:00,-0.004952925642243201,-0.0014465013938808,0.0036818892845807,0.95234375,t_Copula
1,2020-12-28 21:00:00+00:00,0.01158234528559604,0.1402065846429343,0.1350607271348589,0.95234375,t_Copula
2,2020-12-24 21:00:00+00:00,0.0024032092494238656,-6.263889112095608e-06,-0.00253004562537,0.95234375,t_Copula
3,2020-12-23 21:00:00+00:00,-0.011224298979731095,-0.0136276914224958,-0.0025236606453969,0.95234375,t_Copula
4,2020-12-22 21:00:00+00:00,-0.0053817501061331485,0.0207781707836459,0.0274689899416876,0.95234375,t_Copula
0,2020-12-21 21:00:00+00:00,-0.0054022769788702775,-0.0087273072132468,-0.0034482792789159,0.9642578125,Gauss Mix Indep
1,2020-12-18 21:00:00+00:00,0.0001174780914580478,-0.0017478250829092,-0.00193444445063,0.9642578125,Gauss Mix Indep
2,2020-12-17 21:00:00+00:00,-0.004368423360520429,0.0824550008486491,0.0900417119608969,0.9642578125,Gauss Mix Indep
3,2020-12-16 21:00:00+00:00,-0.005537435178524924,0.0637283213241403,0.0718332333995637,0.9642578125,Gauss Mix Indep
4,2020-12-15 21:00:00+00:00,-0.0040676211626219875,0.0126299010456949,0.0173164500114609,0.9642578125,Gauss Mix Indep
0,2020-12-14 21:00:00+00:00,-0.0064932261196108815,0.0590370209310605,0.0691213153892537,0.948046875,t_Copula
1,2020-12-11 21:00:00+00:00,-0.0005358494390573267,-0.0224614585086178,-0.0231271360601874,0.948046875,t_Copula
2,2020-12-10 21:00:00+00:00,-0.0004554804624765861,-0.0009653201494076,-0.0005377789858028,0.948046875,t_Copula
3,2020-12-09 21:00:00+00:00,0.0040647394654953085,-0.0146091325008293,-0.0196972032277672,0.948046875,t_Copula
4,2020-12-08 21:00:00+00:00,-0.005090875460796496,-0.02217772543728,-0.0180232121713217,0.948046875,t_Copula
0,2020-12-07 21:00:00+00:00,0.0014191551500425926,0.0049190313526797,0.0036307093825351,0.96396484375,t_Copula
1,2020-12-04 21:00:00+00:00,-0.003024053122869866,-0.0267718861446248,-0.0246355799962284,0.96396484375,t_Copula
2,2020-12-03 21:00:00+00:00,0.002021384225521363,0.015555254626373,0.0140397966674826,0.96396484375,t_Copula
3,2020-12-02 21:00:00+00:00,0.0032318052980924,0.0032318052980924,0.0,0.96396484375,t_Copula
4,2020-12-01 21:00:00+00:00,-0.007641104755947453,0.1173332592256798,0.1296461844972002,0.96396484375,t_Copula
0,2020-11-27 21:00:00+00:00,0.0032372025985006325,-0.1078640570988847,-0.1154064616860647,0.9626953125,t_Copula
1,2020-11-25 21:00:00+00:00,-0.013581094820605275,-0.0235702408642462,-0.0103762279860908,0.9626953125,t_Copula
2,2020-11-24 21:00:00+00:00,0.012723829167935609,0.0509883718264754,0.0397473033904897,0.9626953125,t_Copula
3,2020-11-23 21:00:00+00:00,0.05813076513208544,0.0452912134830718,-0.0133370875315378,0.9626953125,t_Copula
4,2020-11-20 21:00:00+00:00,0.00651148509089107,0.0392011278770697,0.0339563747342736,0.9626953125,t_Copula
0,2020-11-19 21:00:00+00:00,-0.003106582520287369,0.0201119467059268,0.023856887344615,0.9732421875,t_Copula
1,2020-11-18 21:00:00+00:00,-0.0038887903911657648,-0.0074343031920975,-0.003642991278501,0.9732421875,t_Copula
2,2020-11-17 21:00:00+00:00,0.00027507073471910726,0.0479775296725753,0.0490139654348432,0.9732421875,t_Copula
3,2020-11-16 21:00:00+00:00,-0.0069874435203392815,0.0297210429114629,0.0377177303894897,0.9732421875,t_Copula
4,2020-11-13 21:00:00+00:00,0.0065686742966646235,0.0080543137051272,0.0015264848025945,0.9732421875,t_Copula
0,2020-11-12 21:00:00+00:00,-0.008410126693414687,0.0177676859150137,0.0269407840311866,0.9716796875,t_Copula
1,2020-11-11 21:00:00+00:00,7.918199110356836e-05,0.0272954145552773,0.0280094694931798,0.9716796875,t_Copula
2,2020-11-10 21:00:00+00:00,0.0035501118340231013,-0.0030142603855416,-0.0067556956309892,0.9716796875,t_Copula
3,2020-11-09 21:00:00+00:00,0.008080832722409101,-0.0046089055815837,-0.0130595899731544,0.9716796875,t_Copula
4,2020-11-06 21:00:00+00:00,0.009175960564279585,0.0340921895293879,0.0256424306133376,0.9716796875,t_Copula
0,2020-11-05 21:00:00+00:00,-0.007925284717286832,0.0625207114686827,0.0741079721537218,0.9505859375,t_Copula
1,2020-11-04 21:00:00+00:00,0.0011361927411294194,0.0240105603480178,0.0240634399316352,0.9505859375,t_Copula
2,2020-11-03 21:00:00+00:00,-0.0028160899655248267,0.0002530690908157,0.0032287023563722,0.9505859375,t_Copula
3,2020-11-02 21:00:00+00:00,0.0034476035697808593,0.008241635029437,0.005043238354929,0.9505859375,t_Copula
4,2020-10-30 20:00:00+00:00,-0.004609050143925498,-0.0001356963003537,0.0047058910374127,0.9505859375,t_Copula
0,2020-10-29 20:00:00+00:00,-0.00929138347843593,0.0192855630973319,0.0294572108854301,0.9701171875,Gauss Mix Indep
1,2020-10-28 20:00:00+00:00,-0.005004138920861656,-0.0402461728465079,-0.0363276049324157,0.9701171875,Gauss Mix Indep
2,2020-10-27 20:00:00+00:00,-0.004523172020198071,0.0453293366677446,0.051388130558137,0.9701171875,Gauss Mix Indep
3,2020-10-26 20:00:00+00:00,-0.006660381080595741,-0.0014942826702628,0.0053252312987527,0.9701171875,Gauss Mix Indep
4,2020-10-23 20:00:00+00:00,-0.0015760754978805455,-0.0129785320030773,-0.0117536898140945,0.9701171875,Gauss Mix Indep
0,2020-10-22 20:00:00+00:00,0.005861307001407617,0.0367977053701841,0.0321743570278561,0.9615234375,t_Copula
1,2020-10-21 20:00:00+00:00,0.002611831262492127,0.0616526760956251,0.0614034380551779,0.9615234375,t_Copula
2,2020-10-20 20:00:00+00:00,-0.012614053681537079,0.0070875130350591,0.0204899495407216,0.9615234375,t_Copula
3,2020-10-19 20:00:00+00:00,0.0018438191589564626,0.0336428539890607,0.0330715129656985,0.9615234375,t_Copula
4,2020-10-16 20:00:00+00:00,-0.0030157415976928073,-0.02213875760343,-0.0198882473998323,0.9615234375,t_Copula
0,2020-10-15 20:00:00+00:00,-0.0020319449641914757,0.0135601078411036,0.0164008855394167,0.95068359375,t_Copula
1,2020-10-14 20:00:00+00:00,-0.003753884047463431,-0.006232851798238,-0.0026075634070808,0.95068359375,t_Copula
2,2020-10-13 20:00:00+00:00,-0.00027718521174623784,-0.0166404737525389,-0.0172121288811214,0.95068359375,t_Copula
3,2020-10-12 20:00:00+00:00,0.005857119112799854,0.0485776805954491,0.0449366768959762,0.95068359375,t_Copula
4,2020-10-09 20:00:00+00:00,0.0036756240860419415,0.0182097390804458,0.0152880675441906,0.95068359375,t_Copula
0,2020-10-08 20:00:00+00:00,0.0019477008457073376,0.0234132896830555,0.0224522604386563,0.9560546875,t_Copula
1,2020-10-07 20:00:00+00:00,-0.000408704157359668,0.0067061542599916,0.0074418948103858,0.9560546875,t_Copula
2,2020-10-06 20:00:00+00:00,-0.005825042691976938,-0.0200022023827171,-0.0148288166734606,0.9560546875,t_Copula
3,2020-10-05 20:00:00+00:00,0.000980435597698722,0.0236758411175842,0.0237386059778986,0.9560546875,t_Copula
4,2020-10-02 20:00:00+00:00,-0.0050283081257259735,-0.0148846293132505,-0.0103093696588612,0.9560546875,t_Copula
0,2020-10-01 20:00:00+00:00,0.005875961761317911,-0.0044729364786781,-0.0106655311974194,0.9703125,t_Copula
1,2020-09-30 20:00:00+00:00,0.00010129210932988695,-0.0030265887940713,-0.0032235809632476,0.9703125,t_Copula
2,2020-09-29 20:00:00+00:00,-0.0028067812595847664,-0.0143371386037778,-0.0118831380036772,0.9703125,t_Copula
3,2020-09-28 20:00:00+00:00,0.0047859124607033,0.0154244384002012,0.0109640202919141,0.9703125,t_Copula
4,2020-09-25 20:00:00+00:00,-0.0028516141436888305,0.0115169964044035,0.0148082298724301,0.9703125,t_Copula
0,2020-09-24 20:00:00+00:00,0.00551060216941545,0.0393759184502874,0.0360741536165743,0.93876953125,t_Copula
1,2020-09-23 20:00:00+00:00,-0.0048997951414376205,-0.0246546414476142,-0.0210433398705137,0.93876953125,t_Copula
2,2020-09-22 20:00:00+00:00,-0.0019212211286040461,-0.0014768331765188,0.0004733727899046,0.93876953125,t_Copula
3,2020-09-21 20:00:00+00:00,-0.01115305016666198,-0.0469117166348985,-0.0380909960090234,0.93876953125,t_Copula
4,2020-09-18 20:00:00+00:00,-0.0035135873265335097,-0.0090596175020671,-0.0059077654215608,0.93876953125,t_Copula
0,2020-09-17 20:00:00+00:00,0.01202143578194119,0.0067953794270547,-0.0054225166758575,0.96376953125,t_Copula
1,2020-09-16 20:00:00+00:00,-0.004400348776401391,0.0135735862089776,0.018649619439688,0.96376953125,t_Copula
2,2020-09-15 20:00:00+00:00,-0.006285834176616408,0.003498712110336,0.0101523714640179,0.96376953125,t_Copula
3,2020-09-14 20:00:00+00:00,-0.0051391333564505225,0.0275958087565295,0.0339655291556303,0.96376953125,t_Copula
4,2020-09-11 20:00:00+00:00,0.005149391885119967,0.006537775603616,0.001440576479623,0.96376953125,t_Copula
0,2020-09-10 20:00:00+00:00,0.0019373328167970902,0.0023878048424128,0.0004806536982708,0.93720703125,t_Copula
1,2020-09-09 20:00:00+00:00,0.005875340407413689,0.0342361359337833,0.0302609717818094,0.93720703125,t_Copula
2,2020-09-08 20:00:00+00:00,-0.01865265795639999,-0.0741035313380216,-0.0591660876761285,0.93720703125,t_Copula
3,2020-09-04 20:00:00+00:00,-0.006949689523507708,-0.0147961198023573,-0.0083721419251245,0.93720703125,t_Copula
4,2020-09-03 20:00:00+00:00,-0.003063805758408658,-0.0672323086554585,-0.0684677992774607,0.93720703125,t_Copula
0,2020-09-02 20:00:00+00:00,-0.007204443612582788,-0.0565662171172705,-0.0522443990375196,0.94482421875,t_Copula
1,2020-09-01 20:00:00+00:00,0.010316327044416963,0.0291194196244784,0.019901154317295,0.94482421875,t_Copula
2,2020-08-31 20:00:00+00:00,0.015077787948317468,0.0338590104027906,0.0198780070215819,0.94482421875,t_Copula
3,2020-08-28 20:00:00+00:00,-0.003396703957952576,0.0265351408246273,0.031679802643268,0.94482421875,t_Copula
4,2020-08-27 20:00:00+00:00,0.0011206031153321964,-0.0227377845931253,-0.0252516682309669,0.94482421875,t_Copula
0,2020-08-26 20:00:00+00:00,-0.00028599789363797576,0.0152899970229337,0.0164719805789212,0.9456054687499998,t_Copula
1,2020-08-25 20:00:00+00:00,-0.003581523533973993,-0.0440327496521363,-0.0427781220128041,0.9456054687499998,t_Copula
2,2020-08-24 20:00:00+00:00,0.0013433983142651469,0.0077004338109049,0.0067227143948767,0.9456054687499998,t_Copula
3,2020-08-21 20:00:00+00:00,-0.004394770061158128,-0.0198158156870763,-0.0163081180635549,0.9456054687499998,t_Copula
4,2020-08-20 20:00:00+00:00,0.004957742124949264,0.0215755043865468,0.0175736740223855,0.9456054687499998,t_Copula
0,2020-08-19 20:00:00+00:00,-0.010759138373695666,-0.0371253332680691,-0.0287101058824313,0.918359375,t_Copula
1,2020-08-18 20:00:00+00:00,0.0015508207244824164,-0.0306496431239708,-0.0350630316682434,0.918359375,t_Copula
2,2020-08-17 20:00:00+00:00,-0.006646810314664242,0.0369243234529294,0.0474445352807485,0.918359375,t_Copula
3,2020-08-14 20:00:00+00:00,0.014960094316240204,0.0408746704266972,0.0282183389378009,0.918359375,t_Copula
4,2020-08-13 20:00:00+00:00,0.003639304782973628,-0.0014464044335149,-0.0055378203293112,0.918359375,t_Copula
0,2020-08-12 20:00:00+00:00,-0.004095631314410269,0.0137188712495323,0.0188684843043827,0.9441406249999998,t_Copula
1,2020-08-11 20:00:00+00:00,0.004162510514491659,-0.0409286235151017,-0.0477589173006864,0.9441406249999998,t_Copula
2,2020-08-10 20:00:00+00:00,0.0005534945878836045,0.0342693027606045,0.035710578784512,0.9441406249999998,t_Copula
3,2020-08-07 20:00:00+00:00,-0.0038474011813372858,-0.0379527866754511,-0.0361232051571913,0.9441406249999998,t_Copula
4,2020-08-06 20:00:00+00:00,0.001409196815686825,0.0163273216329749,0.0158007445313436,0.9441406249999998,t_Copula
0,2020-08-05 20:00:00+00:00,-0.0015250918171090047,0.0347844788139428,0.0384498452184044,0.9443359374999998,t_Copula
1,2020-08-04 20:00:00+00:00,-0.0007236890046025818,-0.0182458509606047,-0.018555009144722,0.9443359374999998,t_Copula
2,2020-08-03 20:00:00+00:00,0.036236628302419985,0.035832979680117,-0.000427441767568,0.9443359374999998,t_Copula
3,2020-07-31 20:00:00+00:00,-0.0063623893783732975,0.0206555661078611,0.0286105340412658,0.9443359374999998,t_Copula
4,2020-07-30 20:00:00+00:00,0.004882748386765952,0.0003257334841923,-0.0048256290178236,0.9443359374999998,t_Copula
0,2020-07-29 20:00:00+00:00,0.0007483937206021682,0.0182312617868262,0.0185517688080968,0.9423828124999998,t_Copula
1,2020-07-28 20:00:00+00:00,0.003457929207345783,0.016147297042051,0.0134651944691587,0.9423828124999998,t_Copula
2,2020-07-27 20:00:00+00:00,-0.0056046903297492096,0.1194424858756475,0.1326925476003381,0.9423828124999998,t_Copula
3,2020-07-24 20:00:00+00:00,0.004860164955427655,0.0019470782076403,-0.0030911925696728,0.9423828124999998,t_Copula
4,2020-07-23 20:00:00+00:00,0.013244285647351188,0.0368050831358546,0.0250013022054171,0.9423828124999998,t_Copula
0,2020-07-22 20:00:00+00:00,0.0005593190446497461,0.002526263083554,0.0021119332031435,0.93134765625,t_Copula
1,2020-07-21 20:00:00+00:00,0.003681514749237568,0.0245891813890582,0.022448831539453,0.93134765625,t_Copula
2,2020-07-17 20:00:00+00:00,-0.0011303668982646361,0.0044239050357967,0.0059636934680495,0.93134765625,t_Copula
3,2020-07-16 20:00:00+00:00,-0.004340955332335456,-0.0098952272663967,-0.0059636934680494,0.93134765625,t_Copula
4,2020-07-15 20:00:00+00:00,0.0014468002456261633,-0.0105578470250606,-0.0128895447259969,0.93134765625,t_Copula
0,2020-07-14 20:00:00+00:00,0.0014692644329583138,0.005483307988181,0.0042780813910783,0.93828125,t_Copula
1,2020-07-13 20:00:00+00:00,-0.0018319676477752,-0.0018319676477752,0.0,0.93828125,t_Copula
2,2020-07-10 20:00:00+00:00,-0.00027744202973622556,0.0007287577985958,0.0010723861617527,0.93828125,t_Copula
3,2020-07-09 20:00:00+00:00,-0.0004166966539468388,-0.024272589729992,-0.02542509836581,0.93828125,t_Copula
4,2020-07-08 20:00:00+00:00,0.0061874600010010175,0.0270279849221102,0.0222113837627142,0.93828125,t_Copula
0,2020-07-07 20:00:00+00:00,-0.0003885352556613677,-0.0058086158589859,-0.0058651194523981,0.9241210937499998,t_Copula
1,2020-07-06 20:00:00+00:00,0.006149581422510295,0.0350931045564421,0.0313200546223673,0.9241210937499998,t_Copula
2,2020-07-02 20:00:00+00:00,0.004457234602521801,-0.0205475671986717,-0.0270579277654255,0.9241210937499998,t_Copula
3,2020-07-01 20:00:00+00:00,-0.0050556700813655115,0.0073621611339069,0.013437450242459,0.9241210937499998,t_Copula
4,2020-06-30 20:00:00+00:00,-0.0014100382717911124,-0.0029090184767703,-0.001622060371868,0.9241210937499998,t_Copula
0,2020-06-29 20:00:00+00:00,-0.003607348740582719,-0.0061363494649405,-0.0026976007726483,0.9375,t_Copula
1,2020-06-26 20:00:00+00:00,-0.006436535389047425,-0.0124784467415243,-0.006444705442642,0.9375,t_Copula
2,2020-06-25 20:00:00+00:00,0.0020793824626442,-0.0014271671770963,-0.0037403196157232,0.9375,t_Copula
3,2020-06-24 20:00:00+00:00,-0.0004247049558026017,-0.0367132309899116,-0.0387077611030496,0.9375,t_Copula
4,2020-06-23 20:00:00+00:00,-0.0008175056893379058,0.007395636249816,0.0087606847350975,0.9375,t_Copula
0,2020-06-22 20:00:00+00:00,0.0036611745904879048,0.0301955732988336,0.0288809781859545,0.91875,t_Copula
1,2020-06-19 20:00:00+00:00,-0.0007039050628314392,-0.0099572300352275,-0.0100716462284583,0.91875,t_Copula
2,2020-06-18 20:00:00+00:00,0.0015755883522978907,0.0093616519002536,0.0084746269909722,0.91875,t_Copula
3,2020-06-17 20:00:00+00:00,-0.0020068816103221317,-0.0208710610291011,-0.020532440183705,0.91875,t_Copula
4,2020-06-16 20:00:00+00:00,0.0005880918552346927,0.0087633617092818,0.0088982529023642,0.91875,t_Copula
0,2020-06-15 20:00:00+00:00,-0.0032921157941552333,-0.0046987046885401,-0.0015760444554657,0.8924804687499999,rotGumbel
1,2020-06-12 20:00:00+00:00,0.0012391000495216888,0.0163582413953848,0.0169405851167128,0.8924804687499999,rotGumbel
2,2020-06-11 20:00:00+00:00,-0.004178639037953451,-0.0609437476035086,-0.0636037544273208,0.8924804687499999,rotGumbel
3,2020-06-10 20:00:00+00:00,0.0019170735616847907,0.0127133399188121,0.0120969217088285,0.8924804687499999,rotGumbel
4,2020-06-09 20:00:00+00:00,0.0005963981718346656,0.0033159954070427,0.0030472344554689,0.8924804687499999,rotGumbel
0,2020-06-08 20:00:00+00:00,-0.0007908513704915155,-0.0036372183203508,-0.0030472344554688,0.93408203125,Gauss Mix Indep
1,2020-06-05 20:00:00+00:00,0.0013810255039004614,-0.0071064011706827,-0.0090863825559573,0.93408203125,Gauss Mix Indep
2,2020-06-04 20:00:00+00:00,-0.002462553299167232,0.020825358318629,0.0249313345495278,0.93408203125,Gauss Mix Indep
3,2020-06-03 20:00:00+00:00,0.0007211841250020839,0.0079677839401031,0.0077579908109393,0.93408203125,Gauss Mix Indep
4,2020-06-02 20:00:00+00:00,0.0007003458484550673,-0.0060648924351223,-0.0072426596993029,0.93408203125,Gauss Mix Indep
0,2020-06-01 20:00:00+00:00,-0.0006951148281793065,0.0158533532000904,0.0176811678432264,0.9359375,Gauss Mix Indep
1,2020-05-29 20:00:00+00:00,0.0009806663601467326,-0.0019609939975443,-0.0031430093971991,0.9359375,Gauss Mix Indep
2,2020-05-28 20:00:00+00:00,-0.0001405591109152407,0.0307118489325952,0.0329641755389761,0.9359375,Gauss Mix Indep
3,2020-05-27 20:00:00+00:00,-0.0025743529325133394,0.0382711578384751,0.0436412802895369,0.9359375,Gauss Mix Indep
4,2020-05-26 20:00:00+00:00,-0.0004654492675988109,-0.0418167355169858,-0.0441816747906639,0.9359375,Gauss Mix Indep
0,2020-05-22 20:00:00+00:00,0.007599825244553091,0.0167248724110105,0.0097720647337925,0.9337890625,Gauss Mix Indep
1,2020-05-21 20:00:00+00:00,-0.002243937598904254,-0.0494275774169682,-0.0505292273307859,0.9337890625,Gauss Mix Indep
2,2020-05-20 20:00:00+00:00,0.0003858533864449683,-0.0116445766391966,-0.012883455706188,0.9337890625,Gauss Mix Indep
3,2020-05-19 20:00:00+00:00,0.00028858520508352227,-0.0059065167791547,-0.0066343698304329,0.9337890625,Gauss Mix Indep
4,2020-05-18 20:00:00+00:00,0.0076621093599243476,0.0439820516303572,0.0388952320486543,0.9337890625,Gauss Mix Indep
0,2020-05-15 20:00:00+00:00,-0.00015493063638005733,-0.0346547606747204,-0.0373681256180035,0.9232421875,Gauss Mix Indep
1,2020-05-14 20:00:00+00:00,0.0012253337082526738,0.0485072086325736,0.0512128621985452,0.9232421875,Gauss Mix Indep
2,2020-05-13 20:00:00+00:00,-0.002235319573418923,0.0377249756262365,0.0432825706414715,0.9232421875,Gauss Mix Indep
3,2020-05-12 20:00:00+00:00,-0.002147814286455314,0.0066821361074446,0.0095640672766591,0.9232421875,Gauss Mix Indep
4,2020-05-11 20:00:00+00:00,-0.006547742694361078,-0.1281318207070692,-0.1316925067537689,0.9232421875,Gauss Mix Indep
0,2020-05-08 20:00:00+00:00,0.005047311862303444,0.0077807195891482,0.0029776696939245,0.91796875,Gauss Mix Indep
1,2020-05-07 20:00:00+00:00,-0.005412431687960406,0.0583446239322874,0.069454494633121,0.91796875,Gauss Mix Indep
2,2020-05-06 20:00:00+00:00,-0.006885515402756056,0.0295287773766419,0.0396683359639399,0.91796875,Gauss Mix Indep
3,2020-05-05 20:00:00+00:00,0.001612031088276747,0.0072265363581887,0.006116227017436,0.91796875,Gauss Mix Indep
4,2020-05-04 20:00:00+00:00,-0.00630165658224868,0.005549914858203,0.012910648037258,0.91796875,Gauss Mix Indep
0,2020-05-01 20:00:00+00:00,0.01051691975879628,0.0024336959190402,-0.0089989358685695,0.8982421875,rotGumbel
1,2020-04-30 20:00:00+00:00,-0.006145893887521807,0.0044783279338743,0.0118277920690472,0.8982421875,rotGumbel
2,2020-04-29 20:00:00+00:00,0.0018527924118001,0.1150602894877861,0.1260322646290603,0.8982421875,rotGumbel
3,2020-04-28 20:00:00+00:00,0.0069226495506621,0.0069226495506621,0.0,0.8982421875,rotGumbel
4,2020-04-27 20:00:00+00:00,4.906696978852418e-05,0.0216663450271424,0.024066202142564,0.8982421875,rotGumbel
0,2020-04-24 20:00:00+00:00,0.0022662758174793306,-0.0014283690379658,-0.0039421864457391,0.93720703125,Gauss Mix Indep
1,2020-04-23 20:00:00+00:00,-0.004430238712324085,0.0551957249915949,0.063620909485061,0.93720703125,Gauss Mix Indep
2,2020-04-22 20:00:00+00:00,0.0015358232047743975,0.0355470676858006,0.0362900014052004,0.93720703125,Gauss Mix Indep
3,2020-04-21 20:00:00+00:00,0.004589458474854412,0.0162064643269956,0.0123953464547177,0.93720703125,Gauss Mix Indep
4,2020-04-20 20:00:00+00:00,-0.0028311054071955694,-0.0432052030514035,-0.0430791663933197,0.93720703125,Gauss Mix Indep
0,2020-04-17 20:00:00+00:00,-3.842907132293799e-05,-0.0013548684555612,-0.0014044946128985,0.9373046875,Gauss Mix Indep
1,2020-04-16 20:00:00+00:00,0.004661873057920367,0.0546452902472773,0.0533267547425521,0.9373046875,Gauss Mix Indep
2,2020-04-15 20:00:00+00:00,0.0031586904570167565,-0.0255365512028061,-0.0306146358196068,0.9373046875,Gauss Mix Indep
3,2020-04-14 20:00:00+00:00,0.0013678444857217927,0.0210869873902794,0.0210381353763982,0.9373046875,Gauss Mix Indep
4,2020-04-13 20:00:00+00:00,-0.004314059957323674,-0.0744627313892823,-0.0748408413693745,0.9373046875,Gauss Mix Indep
0,2020-04-09 20:00:00+00:00,-0.0026058491859555204,-0.0076389348108605,-0.0054274217353651,0.92734375,Gauss Mix Indep
1,2020-04-08 20:00:00+00:00,0.009671618281004057,0.0077912315265458,-0.0020277127596517,0.92734375,Gauss Mix Indep
2,2020-04-07 20:00:00+00:00,0.0032524551825361364,0.0051328419369943,0.0020277127596516,0.92734375,Gauss Mix Indep
3,2020-04-06 20:00:00+00:00,0.01005455759323734,0.0810976910875981,0.0766092762196982,0.92734375,Gauss Mix Indep
4,2020-04-03 20:00:00+00:00,0.005221559975703886,-0.0021999283431596,-0.0080029528628014,0.92734375,Gauss Mix Indep
0,2020-04-02 20:00:00+00:00,-0.00845481150152208,0.0886822274552258,0.1029479692524424,0.9435546874999998,Gauss Mix Indep
1,2020-04-01 20:00:00+00:00,-0.0026808935049527083,-0.042743478025563,-0.0424592077717915,0.9435546874999998,Gauss Mix Indep
2,2020-03-31 20:00:00+00:00,0.0006431354796442943,0.0138092284625629,0.0139537147738653,0.9435546874999998,Gauss Mix Indep
3,2020-03-30 20:00:00+00:00,0.0016397462366089868,-0.0422544325782674,-0.0465200156348928,0.9435546874999998,Gauss Mix Indep
4,2020-03-27 20:00:00+00:00,0.00453003969581186,0.0066416885163658,0.0022379718404546,0.9435546874999998,Gauss Mix Indep
0,2020-03-26 20:00:00+00:00,0.00018037430921812557,0.0050906924351857,0.0052414945908379,0.9368164062499998,t_Copula
1,2020-03-25 20:00:00+00:00,-0.0029620655537893406,-0.014842776002568,-0.0126820051074214,0.9368164062499998,t_Copula
2,2020-03-24 20:00:00+00:00,0.0032091826028898818,0.0656628100571466,0.0666658131065974,0.9368164062499998,t_Copula
3,2020-03-23 20:00:00+00:00,-0.003402023000900133,0.0085511395606056,0.0127593437537599,0.9368164062499998,t_Copula
4,2020-03-20 20:00:00+00:00,-0.001502289600644944,-0.0074979350658373,-0.0064000218454675,0.9368164062499998,t_Copula
0,2020-03-19 20:00:00+00:00,0.006698654110930041,0.1561660774214021,0.1596148101678208,0.93642578125,t_Copula
1,2020-03-18 20:00:00+00:00,0.0006387761493600371,-0.0106803157870724,-0.0120875483813816,0.93642578125,t_Copula
2,2020-03-17 20:00:00+00:00,-0.003248821787754874,0.0809097556847099,0.0898721277837146,0.93642578125,t_Copula
3,2020-03-16 20:00:00+00:00,-0.013629569201177985,-0.0917102574938108,-0.083381608939051,0.93642578125,t_Copula
4,2020-03-13 20:00:00+00:00,0.005676141166234952,-0.1027781462417223,-0.1158172805357683,0.93642578125,t_Copula
0,2020-03-12 20:00:00+00:00,-0.014021709680654026,-0.2713846860261839,-0.2699196161119405,0.9534800769677918,NIG
1,2020-03-11 20:00:00+00:00,-0.008853876383541296,-0.0255925145065448,-0.0175553097829111,0.9534800769677918,NIG
2,2020-03-10 20:00:00+00:00,0.00240304543990226,0.0197449610755767,0.0181880209713708,0.9534800769677918,NIG
3,2020-03-09 20:00:00+00:00,-0.008554142511998764,-0.1605208462592599,-0.1593811002643472,0.9534800769677918,NIG
4,2020-03-06 21:00:00+00:00,0.004123116020021754,0.0036086946010328,-0.0005395198404406,0.9534800769677918,NIG
0,2020-03-05 21:00:00+00:00,0.003922946426628493,0.0467429482350738,0.0469310519660152,0.9124023437499998,rotGumbel
1,2020-03-04 21:00:00+00:00,-0.0016675017725438458,-0.0037282645768847,-0.0022586119144226,0.9124023437499998,rotGumbel
2,2020-03-03 21:00:00+00:00,-0.00623323379176911,-0.0245735969164681,-0.0201011793210872,0.9124023437499998,rotGumbel
3,2020-03-02 21:00:00+00:00,0.005015256600613607,0.0321461891927795,0.0297357112002332,0.9124023437499998,rotGumbel
4,2020-02-28 21:00:00+00:00,-0.016654200727220615,-0.0336415897816638,-0.0186183093136571,0.9124023437499998,rotGumbel
0,2020-02-27 21:00:00+00:00,0.0060471680208570265,0.0124719220280281,0.0067302553540678,0.9546077628819716,NIG
1,2020-02-26 21:00:00+00:00,-0.007180352530085456,-0.064515734034495,-0.0600617172138988,0.9546077628819716,NIG
2,2020-02-25 21:00:00+00:00,-0.002781309080681433,-0.0336420159814258,-0.0323281541390105,0.9546077628819716,NIG
3,2020-02-24 21:00:00+00:00,0.0011357727908361762,-0.0124808703886256,-0.0142641236630561,0.9546077628819716,NIG
4,2020-02-21 21:00:00+00:00,0.0019658473208735653,0.0141142393579548,0.0127260561975791,0.9546077628819716,NIG
0,2020-02-20 21:00:00+00:00,-0.0023345713827482573,-0.0617009698895877,-0.0630325208849751,0.9418376049908304,NIG
1,2020-02-19 21:00:00+00:00,-0.005603235541993521,-0.0074135918994614,-0.001922153402959,0.9418376049908304,NIG
2,2020-02-18 21:00:00+00:00,-0.0049968780608776915,-0.0282202241149234,-0.0246574844017529,0.9418376049908304,NIG
3,2020-02-14 21:00:00+00:00,0.004487957015797735,0.0209532907815534,0.0174821367064824,0.9418376049908304,NIG
4,2020-02-13 21:00:00+00:00,0.009210054458437603,-0.012095380431067,-0.0226211342344013,0.9418376049908304,NIG
0,2020-02-12 21:00:00+00:00,0.015755097540509327,0.0287393930620932,0.0136056520557786,0.954330999231248,NIG
1,2020-02-11 21:00:00+00:00,-0.0017769831547188586,0.042983508155942,0.0469024807396147,0.954330999231248,NIG
2,2020-02-10 21:00:00+00:00,0.004281628331104979,0.0156881107260574,0.0119523335238411,0.954330999231248,NIG
3,2020-02-07 21:00:00+00:00,0.0019408183389505312,-0.0023526050450949,-0.0044988828692602,0.954330999231248,NIG
4,2020-02-06 21:00:00+00:00,0.006797853247415898,0.0149239363981947,0.0085149525241501,0.954330999231248,NIG
0,2020-02-05 21:00:00+00:00,0.00015342595421177774,0.0556903695611172,0.0601217301789819,0.9237416062640312,NIG
1,2020-02-04 21:00:00+00:00,0.005436118279221958,-0.0092500671523729,-0.0158985860677982,0.9237416062640312,NIG
2,2020-02-03 21:00:00+00:00,0.012921698215432185,0.0104965416471985,-0.0026253624950834,0.9237416062640312,NIG
3,2020-01-31 21:00:00+00:00,-0.00861828339298772,-0.0273191155028654,-0.0202446571455313,0.9237416062640312,NIG
4,2020-01-30 21:00:00+00:00,0.0054738662431285355,0.0251439970844044,0.0212939751851489,0.9237416062640312,NIG
0,2020-01-29 21:00:00+00:00,-0.002306950179492312,0.0330062956314239,0.0374375270721305,0.9432579706153812,NIG
1,2020-01-28 21:00:00+00:00,-0.003638042764113705,0.0066991343431229,0.0109590137897193,0.9432579706153812,NIG
2,2020-01-27 21:00:00+00:00,0.002881214018185904,0.0596437088914191,0.0601770635833603,0.9432579706153812,NIG
3,2020-01-24 21:00:00+00:00,-0.0005712476328457415,0.012209468265725,0.0135495445537901,0.9432579706153812,NIG
4,2020-01-23 21:00:00+00:00,-0.0037276523814751203,-0.037791921429471,-0.03611341765368,0.9432579706153812,NIG
0,2020-01-22 21:00:00+00:00,1.2661486958195738e-05,-0.0059056293702549,-0.0062731885220773,0.9434262714064452,NIG
1,2020-01-21 21:00:00+00:00,0.0034927896101182507,-0.0177206116388285,-0.0224854892129749,0.9434262714064452,NIG
2,2020-01-17 21:00:00+00:00,0.004535467346869826,0.0198674729624245,0.0162514083826582,0.9434262714064452,NIG
3,2020-01-16 21:00:00+00:00,0.0016922127783405433,-0.0089081939291249,-0.0112360732669258,0.9434262714064452,NIG
4,2020-01-15 21:00:00+00:00,0.001951483343384736,0.0146863395391515,0.0134985176708953,0.9434262714064452,NIG
0,2020-01-14 21:00:00+00:00,0.014636624043444159,0.0760025555989636,0.0667304270829819,0.9196094531091268,NIG
1,2020-01-13 21:00:00+00:00,0.0021167220701119142,0.0110667630619054,0.009732436918231,0.9196094531091268,NIG
2,2020-01-10 21:00:00+00:00,0.0075515677999423506,0.0355157846443414,0.0304087966362832,0.9196094531091268,NIG
3,2020-01-09 21:00:00+00:00,0.00043324947611613276,-0.025279780312352,-0.0279608149976432,0.9196094531091268,NIG
4,2020-01-08 21:00:00+00:00,-0.0026717484413791397,-0.0199759877178988,-0.0188169436688753,0.9196094531091268,NIG
0,2020-01-07 21:00:00+00:00,-0.012981191589275798,0.0644582564991249,0.0827020835352438,0.936366349892498,NIG
1,2020-01-06 21:00:00+00:00,0.013187230252921414,0.0430142940764915,0.0318540535197516,0.936366349892498,NIG
2,2020-01-03 21:00:00+00:00,-0.004395720655449277,0.0515427890574451,0.0597399828809702,0.936366349892498,NIG
3,2020-01-02 21:00:00+00:00,0.012516794952932755,-0.0210577569797205,-0.0358562136886998,0.936366349892498,NIG
4,2019-12-31 21:00:00+00:00,-0.004113761844893591,-0.0156819215377264,-0.0123543095009351,0.936366349892498,NIG
0,2019-12-30 21:00:00+00:00,0.008645029801284792,0.0111757656887297,0.002732242136873,0.9262487585896352,NIG
1,2019-12-27 21:00:00+00:00,-0.005973822049450012,-0.0047058564050482,0.0013689256073417,0.9262487585896352,NIG
2,2019-12-26 21:00:00+00:00,0.001244315209813029,0.0044218440845122,0.0034305350967892,0.9262487585896352,NIG
3,2019-12-24 21:00:00+00:00,-0.0007237799803896938,-0.0233623510800697,-0.0244411351591455,0.9262487585896352,NIG
4,2019-12-23 21:00:00+00:00,-0.002581481409305194,0.0232455567239017,0.0278834793501184,0.9262487585896352,NIG
0,2019-12-20 21:00:00+00:00,0.0018390696526846507,0.0095105325514156,0.008310297133628,0.923127389475404,NIG
1,2019-12-19 21:00:00+00:00,-0.004247150088515946,-0.0003873783769682,0.0041811907604011,0.923127389475404,NIG
2,2019-12-18 21:00:00+00:00,0.002095923756478213,0.0765766506143988,0.0806830429982655,0.923127389475404,NIG
3,2019-12-17 21:00:00+00:00,-0.013162918437681803,-0.0514895006711036,-0.0415181942063295,0.923127389475404,NIG
4,2019-12-16 21:00:00+00:00,-0.009280460018762864,-0.0626778867019041,-0.0578440497941308,0.923127389475404,NIG
0,2019-12-13 21:00:00+00:00,0.0013972029566679432,0.0001326530528149,-0.0013698632279138,0.923121285457716,NIG
1,2019-12-12 21:00:00+00:00,-0.001455785332006956,0.009348511395172,0.0117040922979279,0.923121285457716,NIG
2,2019-12-11 21:00:00+00:00,0.0038588517143198376,-0.0031465866251114,-0.0075888601528213,0.923121285457716,NIG
3,2019-12-10 21:00:00+00:00,0.00018770304465628995,-0.0130404639418985,-0.0143298255548249,0.923121285457716,NIG
4,2019-12-09 21:00:00+00:00,0.0018023325104200398,-0.0155454236459311,-0.0187924993493672,0.923121285457716,NIG
0,2019-12-06 21:00:00+00:00,-0.001140839200397454,0.0051059591014062,0.0066711388170226,0.9363915926713794,NIG
1,2019-12-05 21:00:00+00:00,-0.002650788475402028,0.0234059014438587,0.0278267021224796,0.9363915926713794,NIG
2,2019-12-04 21:00:00+00:00,0.0034464416103754496,-0.01442660583083,-0.0190871506975158,0.9363915926713794,NIG
3,2019-12-03 21:00:00+00:00,0.00052649111322535,0.0011589744825411,0.0006754475096379,0.9363915926713794,NIG
4,2019-12-02 21:00:00+00:00,0.0011580149064449596,-0.0547167256561955,-0.0596702714974603,0.9363915926713794,NIG
0,2019-11-29 21:00:00+00:00,-0.006385459232411253,0.0205921127638233,0.029717949214109,0.907787135709438,NIG
1,2019-11-27 21:00:00+00:00,-0.004430034994685174,0.0571384454720561,0.067822596338761,0.907787135709438,NIG
2,2019-11-26 21:00:00+00:00,0.002232619587209629,-0.006011399882363,-0.0090814455782411,0.907787135709438,NIG
3,2019-11-25 21:00:00+00:00,-0.004452556939303246,-0.0250495047695696,-0.0226891823204454,0.907787135709438,NIG
4,2019-11-22 21:00:00+00:00,-0.0076221082632466144,-0.0391582995587656,-0.0347396322937242,0.907787135709438,NIG
0,2019-11-21 21:00:00+00:00,-0.0022552003806653176,-0.0660342846054114,-0.0678979409056461,0.9393375318019768,NIG
1,2019-11-20 21:00:00+00:00,-0.0010689421913993,-0.0010689421913993,0.0,0.9393375318019768,NIG
2,2019-11-19 21:00:00+00:00,-0.0017869489036871945,-0.0143803280809183,-0.0134066602801153,0.9393375318019768,NIG
3,2019-11-18 21:00:00+00:00,0.003355641423741222,-0.0285083118021388,-0.0339217290346675,0.9393375318019768,NIG
4,2019-11-15 21:00:00+00:00,-0.0026770252065934953,-0.023872118072137,-0.0225638730998898,0.9393375318019768,NIG
0,2019-11-14 21:00:00+00:00,-0.0010406288248165363,-0.0127132206448132,-0.012507269352394,0.9332646072551742,NIG
1,2019-11-13 21:00:00+00:00,0.0010449741774123202,-0.0031636670350281,-0.004509590505975,0.9332646072551742,NIG
2,2019-11-12 21:00:00+00:00,-0.002648920053424813,0.0063172400798044,0.0096073075776436,0.9332646072551742,NIG
3,2019-11-11 21:00:00+00:00,0.005069739162108757,-0.0059936456902082,-0.0118544995345484,0.9332646072551742,NIG
4,2019-11-08 21:00:00+00:00,0.0016121361985406632,-0.0388706879965202,-0.0433776486114961,0.9332646072551742,NIG
0,2019-11-07 21:00:00+00:00,6.711207882246877e-05,-0.0139868203857089,-0.0149336108592588,0.9410940593659548,NIG
1,2019-11-06 21:00:00+00:00,0.00192961230609114,-0.0050194260350039,-0.0073839997946399,0.9410940593659548,NIG
2,2019-11-05 21:00:00+00:00,0.008047729409974724,-0.0052107938785877,-0.0140884146027817,0.9410940593659548,NIG
3,2019-11-04 21:00:00+00:00,-0.001629592343057238,0.0306113018136166,0.0342589498210153,0.9410940593659548,NIG
4,2019-11-01 20:00:00+00:00,0.003422535504073111,0.0054431354415882,0.0021470754356652,0.9410940593659548,NIG
0,2019-10-31 20:00:00+00:00,-0.0037956904214349794,-0.0002483533595538,0.0037685105164502,0.9413101134775768,NIG
1,2019-10-30 20:00:00+00:00,-0.0004510805139993062,-0.0050094919088326,-0.004842624475788,0.9413101134775768,NIG
2,2019-10-29 20:00:00+00:00,0.011225869278277146,-0.010253616621773,-0.0228187136125589,0.9413101134775768,NIG
3,2019-10-28 20:00:00+00:00,-0.012843537418288087,0.0713086818396664,0.0893990386941265,0.9413101134775768,NIG
4,2019-10-25 20:00:00+00:00,-0.005426120236867116,0.1359046826074371,0.1501426584297194,0.9413101134775768,NIG
0,2019-10-24 20:00:00+00:00,0.005143584427815391,0.0045120466790439,-0.0006664445431605,0.9476223569579112,NIG
1,2019-10-23 20:00:00+00:00,0.0006944668245944252,-0.0866919972612507,-0.0922165496035531,0.9476223569579112,NIG
2,2019-10-22 20:00:00+00:00,4.921692116966825e-05,-0.0022508384724702,-0.0024271856576111,0.9476223569579112,NIG
3,2019-10-21 20:00:00+00:00,-0.0044278940082890204,0.0259172865986887,0.0320224405684062,0.9476223569579112,NIG
4,2019-10-18 20:00:00+00:00,-0.0014014691902162965,-0.0149433673699856,-0.0142903954094561,0.9476223569579112,NIG
0,2019-10-17 20:00:00+00:00,0.0029757940596977887,0.0164256090026523,0.0142903954094561,0.9411786418488204,NIG
1,2019-10-16 20:00:00+00:00,0.0005431460841552639,-0.0273112757379565,-0.0295952549107951,0.9411786418488204,NIG
2,2019-10-15 20:00:00+00:00,3.884729111794036e-05,-0.0208833778732842,-0.0222298129537908,0.9411786418488204,NIG
3,2019-10-14 20:00:00+00:00,0.0059402996419075,0.0059402996419075,0.0,0.9411786418488204,NIG
4,2019-10-11 20:00:00+00:00,-0.0024095659797199256,-0.0283329135965446,-0.0275434933010185,0.9411786418488204,NIG
0,2019-10-10 20:00:00+00:00,-0.0007925805311579685,-0.0046206573507779,-0.0040380787492802,0.9479945928004248,NIG
1,2019-10-09 20:00:00+00:00,-0.00197757240902445,0.0496114430194924,0.0544191030416326,0.9479945928004248,NIG
2,2019-10-08 20:00:00+00:00,0.000680637320548988,-0.0067816656417349,-0.007871672495768,0.9479945928004248,NIG
3,2019-10-07 20:00:00+00:00,0.005929306711127144,0.0099401692366573,0.0042308917751122,0.9479945928004248,NIG
4,2019-10-04 20:00:00+00:00,0.003030331613398071,0.008789733245628,0.0060753528300371,0.9479945928004248,NIG
0,2019-10-03 20:00:00+00:00,-0.0023317585771106524,-0.015442786985469,-0.013918530291063,0.9419836817668066,NIG
1,2019-10-02 20:00:00+00:00,0.0037556816491838957,-0.0018883357255132,-0.0059916296682667,0.9419836817668066,NIG
2,2019-10-01 20:00:00+00:00,-0.0034279969484271367,-0.0028651145404225,0.0005975500625965,0.9419836817668066,NIG
3,2019-09-30 20:00:00+00:00,0.005957923345753728,0.0386112807982286,0.0346644619057832,0.9419836817668066,NIG
4,2019-09-27 20:00:00+00:00,-0.0007116312560855736,-0.0122982924901953,-0.0123002780816516,0.9419836817668066,NIG
0,2019-09-26 20:00:00+00:00,-0.0004182059196485115,-0.0260149433301573,-0.0271346162459232,0.943324098580334,NIG
1,2019-09-25 20:00:00+00:00,-0.007584183986514524,-0.0103858614204219,-0.0029700051531852,0.943324098580334,NIG
2,2019-09-24 20:00:00+00:00,-0.00460214726365768,-0.1576583594336489,-0.1622519899579952,0.943324098580334,NIG
3,2019-09-23 20:00:00+00:00,-0.0036399791519194577,-0.0372836316284102,-0.035664998410539,0.943324098580334,NIG
4,2019-09-20 20:00:00+00:00,-0.006569424397036054,-0.0024290047349999,0.0043891804187631,0.943324098580334,NIG
0,2019-09-19 20:00:00+00:00,0.004093942240682007,-0.0024849023635219,-0.0068193152720549,0.964736830860948,NIG
1,2019-09-18 20:00:00+00:00,0.007944081068967615,-0.0004490424131424,-0.0086999098755459,0.964736830860948,NIG
2,2019-09-17 20:00:00+00:00,0.015200198714864012,0.0292295806677083,0.0145421854997743,0.964736830860948,NIG
3,2019-09-16 20:00:00+00:00,0.013366918904821596,0.00166164511251,-0.0121331262763811,0.964736830860948,NIG
4,2019-09-13 20:00:00+00:00,0.0028759959537633575,-0.0082290110475596,-0.0115109184661403,0.964736830860948,NIG
0,2019-09-12 20:00:00+00:00,-0.005391296903842772,0.020273699636699,0.026578032177309,0.9656469812860436,NIG
1,2019-09-11 20:00:00+00:00,-0.003952202897313133,0.0017392496176263,0.0058939266887777,0.9656469812860436,NIG
2,2019-09-10 20:00:00+00:00,0.0029236735717426375,-0.0252039552464512,-0.0291282729230237,0.9656469812860436,NIG
3,2019-09-09 20:00:00+00:00,0.01304472127317884,0.0038480138417091,-0.0095238815112554,0.9656469812860436,NIG
4,2019-09-06 20:00:00+00:00,0.00035158936382184876,-0.0128299579638369,-0.0136504826122934,0.9656469812860436,NIG
0,2019-09-05 20:00:00+00:00,0.0006521391878455997,-0.0189245123233222,-0.0203616474675382,0.9614473260269392,NIG
1,2019-09-04 20:00:00+00:00,-0.003574039340835649,0.0017256377951855,0.005512186671652,0.9614473260269392,NIG
2,2019-09-03 20:00:00+00:00,-0.012751472570457278,0.0959069917755372,0.11301551463564,0.9614473260269392,NIG
3,2019-08-30 20:00:00+00:00,-0.007756952970671088,0.0047198290002032,0.0129770832297522,0.9614473260269392,NIG
4,2019-08-29 20:00:00+00:00,0.0011495227503108586,-0.0162729868240244,-0.0181211274946612,0.9614473260269392,NIG
0,2019-08-28 20:00:00+00:00,0.00010485323059795937,-0.0539532050301428,-0.0553895622760659,0.9759611024061028,NIG
1,2019-08-27 20:00:00+00:00,0.003114982414077023,-0.0128616273625988,-0.0163701296468554,0.9759611024061028,NIG
2,2019-08-26 20:00:00+00:00,-0.004223230820585202,-0.0116520857371958,-0.0076118350396299,0.9759611024061028,NIG
3,2019-08-23 20:00:00+00:00,-0.005069263101803476,0.0207079186818972,0.0264120995397772,0.9759611024061028,NIG
4,2019-08-22 20:00:00+00:00,0.0039453009847230415,0.0101388752643919,0.006346128205724,0.9759611024061028,NIG
