,Date,rs,rf,rh,h
0,2021-05-27 20:00:00+00:00,0.0165185833102249,0.006582792406038,0.008998450190622016,1.1423925677354063
1,2021-05-26 20:00:00+00:00,0.1290307114087904,0.0326430667787524,0.09173951453265311,1.1423925677354063
2,2021-05-25 20:00:00+00:00,-0.0669279038644507,-0.0622446157222066,0.004179882518144537,1.1423925677354063
3,2021-05-24 20:00:00+00:00,0.0419453057452609,0.0943300216439482,-0.06581660989510554,1.1423925677354063
4,2021-05-21 20:00:00+00:00,-0.1842497873035332,-0.1088085571403067,-0.05994770032043355,1.1423925677354063
0,2021-05-20 20:00:00+00:00,0.0373945655447583,0.0212907228088815,0.014136377674727436,1.092409500551509
1,2021-05-19 20:00:00+00:00,-0.3759128797269317,-0.0904653208639313,-0.2770877037447325,1.092409500551509
2,2021-05-18 20:00:00+00:00,0.0455332367735937,-0.0196937896817927,0.06704691972384733,1.092409500551509
3,2021-05-17 20:00:00+00:00,-0.1397333128030341,-0.1316446932912137,0.004076600845477257,1.092409500551509
4,2021-05-14 20:00:00+00:00,0.0859344488767762,0.0368500039875044,0.045679154425465406,1.092409500551509
0,2021-05-13 20:00:00+00:00,-0.1775213445969948,-0.1196032473721272,-0.047170495271098734,1.089860452704343
1,2021-05-12 20:00:00+00:00,-0.0471009496641685,-0.0423689719148536,-0.00092468275242856,1.089860452704343
2,2021-05-11 20:00:00+00:00,0.0151204146095047,0.0189470032696767,-0.0055291749513758145,1.089860452704343
3,2021-05-10 20:00:00+00:00,0.0584074264610791,-0.0359908941145356,0.09763247861398094,1.089860452704343
4,2021-05-07 20:00:00+00:00,0.0315917408750643,0.0263839887033625,0.0028368750026713727,1.089860452704343
0,2021-05-06 20:00:00+00:00,-0.0706667124354584,-0.0192018525217622,-0.049495462192866685,1.102562902126111
1,2021-05-05 20:00:00+00:00,0.1574543961265958,0.0504024053813606,0.10188257377518616,1.102562902126111
2,2021-05-04 20:00:00+00:00,0.0427017097012603,-0.0593935613094369,0.10818684702619813,1.102562902126111
3,2021-05-03 20:00:00+00:00,0.0928285824687163,0.0095123512143707,0.0823406169077569,1.102562902126111
4,2021-04-30 20:00:00+00:00,0.0610485363034092,0.0820866754207396,-0.02945718677436554,1.102562902126111
0,2021-04-29 20:00:00+00:00,-0.0231590421158448,-0.0494098012974383,0.03166940882397344,1.1096675052336404
1,2021-04-28 20:00:00+00:00,0.0026940242530799,0.0130118398563282,-0.011744791618791463,1.1096675052336404
2,2021-04-27 20:00:00+00:00,0.0464261243653892,0.0118940102983315,0.033227727630416454,1.1096675052336404
3,2021-04-26 20:00:00+00:00,0.0205409665047623,0.0622769295215145,-0.048565718510987954,1.1096675052336404
4,2021-04-23 20:00:00+00:00,-0.1189657118738114,-0.038809980592807,-0.07589953753122525,1.1096675052336404
0,2021-04-22 20:00:00+00:00,-0.0138762764822415,-0.0532982556894824,0.04558494622059106,1.1156316831315425
1,2021-04-21 20:00:00+00:00,0.0051303033996146,-0.0196379597053674,0.027039033438983045,1.1156316831315425
2,2021-04-20 20:00:00+00:00,0.0137316860041191,0.0095938772214273,0.0030284526118207946,1.1156316831315425
3,2021-04-19 20:00:00+00:00,-0.1454949970350701,-0.0983847957924487,-0.03573380171058746,1.1156316831315425
4,2021-04-16 20:00:00+00:00,0.0847905682295272,-0.0303926775383929,0.1186976022265587,1.1156316831315425
0,2021-04-15 20:00:00+00:00,0.0801257318790853,0.0223297272189313,0.0553216862598787,1.1108082681000042
1,2021-04-14 20:00:00+00:00,-0.0103846269200805,-0.0196825752526951,0.01147894040811375,1.1108082681000042
2,2021-04-13 20:00:00+00:00,0.0940147525506065,0.0501163725785027,0.03834507152322537,1.1108082681000042
3,2021-04-12 20:00:00+00:00,0.0842425445967608,0.030881808175611,0.04993877674141379,1.1108082681000042
4,2021-04-09 20:00:00+00:00,0.0037597427476237,0.0101963666970122,-0.007566465683996983,1.1108082681000042
0,2021-04-08 20:00:00+00:00,0.0101498155320232,0.0325507191191601,-0.026242438546274578,1.11801689987477
1,2021-04-07 20:00:00+00:00,-0.0800232001475773,-0.0448583056182188,-0.02987085636666135,1.11801689987477
2,2021-04-06 20:00:00+00:00,0.0918671344909551,-0.0193823945737203,0.11353697918441544,1.11801689987477
3,2021-04-05 20:00:00+00:00,0.0607918569082132,0.0049767853219897,0.05522772681118002,1.11801689987477
4,2021-04-02 20:00:00+00:00,0.0177829153284085,0.0,0.0177829153284085,1.11801689987477
0,2021-04-01 20:00:00+00:00,0.0427139955255938,0.0038323799300737,0.038412049650797045,1.1225259377438672
1,2021-03-31 20:00:00+00:00,-0.0183987580584113,-0.0052449855910395,-0.012511125689376614,1.1225259377438672
2,2021-03-30 20:00:00+00:00,0.0129358302601424,0.0255669463819577,-0.015763730202511844,1.1225259377438672
3,2021-03-29 20:00:00+00:00,0.0699895892797174,0.0714968252018487,-0.010267451475697173,1.1225259377438672
4,2021-03-26 20:00:00+00:00,0.0377123449158664,0.0418557125064962,-0.00927177801542596,1.1225259377438672
0,2021-03-25 20:00:00+00:00,-0.0725238424178215,-0.0479674761149589,-0.018201874860549715,1.1324750009169486
1,2021-03-24 20:00:00+00:00,0.0081100736092719,-0.0048083558280386,0.013555416380038928,1.1324750009169486
2,2021-03-23 20:00:00+00:00,-0.0354883837452201,-0.0142878829036679,-0.01930771354078754,1.1324750009169486
3,2021-03-22 20:00:00+00:00,-0.0446485868970484,-0.0636012512021833,0.027378240116463212,1.1324750009169486
4,2021-03-19 20:00:00+00:00,0.0062404369188368,0.0283622645270892,-0.02587911862748528,1.1324750009169486
0,2021-03-18 20:00:00+00:00,-0.0155141008890366,-0.011305361932194,-0.0027367937638296796,1.1301988562454863
1,2021-03-17 20:00:00+00:00,0.0236545142498985,0.0363361023100918,-0.017412507021386227,1.1301988562454863
2,2021-03-16 20:00:00+00:00,-0.0217967900740233,-0.0182897244442532,-0.001125764426083222,1.1301988562454863
3,2021-03-15 20:00:00+00:00,-0.0669591300468828,-0.0032897614294294,-0.06324104544202117,1.1301988562454863
4,2021-03-12 21:00:00+00:00,0.0774384980679406,-0.013137182884106,0.09228612713784498,1.1301988562454863
0,2021-03-11 21:00:00+00:00,0.0050822906839352,0.023301019674112,-0.021322625161159164,1.1332085983529239
1,2021-03-10 21:00:00+00:00,0.0039906660786436,0.0346454973628053,-0.035269909427100905,1.1332085983529239
2,2021-03-09 21:00:00+00:00,0.0592882282948772,0.0483337917797217,0.0045159598590966965,1.1332085983529239
3,2021-03-08 21:00:00+00:00,0.0308380013292108,0.0515879268357054,-0.0276218809322121,1.1332085983529239
4,2021-03-05 21:00:00+00:00,0.0088902741505975,0.0242656734751404,-0.018607795676256075,1.1332085983529239
0,2021-03-04 21:00:00+00:00,-0.0417689645681074,-0.0531133543997916,0.01853685611836557,1.135417285689446
1,2021-03-03 21:00:00+00:00,0.0833206319316685,0.0615409479591307,0.013445975841156865,1.135417285689446
2,2021-03-02 21:00:00+00:00,0.0103877878931236,-0.0186099440328838,0.031517840033773024,1.135417285689446
3,2021-03-01 21:00:00+00:00,0.0055122304962961,0.050914798291937,-0.052297311581760646,1.135417285689446
4,2021-02-26 21:00:00+00:00,-0.1235152601772424,-0.0521297422502328,-0.06432624972779265,1.135417285689446
0,2021-02-25 21:00:00+00:00,0.0771385715890745,-0.0080621216686723,0.08621764100322236,1.1261389727504623
1,2021-02-24 21:00:00+00:00,0.0485094826228399,0.0332683741935688,0.01104466988341634,1.1261389727504623
2,2021-02-23 21:00:00+00:00,-0.1861064674938149,-0.1259014453192968,-0.044323943194143484,1.1261389727504623
3,2021-02-22 21:00:00+00:00,-0.1561458096349779,-0.0349714274618358,-0.11676312223748883,1.1261389727504623
4,2021-02-19 21:00:00+00:00,0.0467095805363416,0.0624263145681362,-0.023591125224016518,1.1261389727504623
0,2021-02-18 21:00:00+00:00,-0.0071490678432773,-0.0066545069594993,0.0003111984438971347,1.1210847524210512
1,2021-02-17 21:00:00+00:00,0.1112578884341985,0.0758556271095416,0.02621730149635447,1.1210847524210512
2,2021-02-16 21:00:00+00:00,0.0610839448519579,0.0186141772776606,0.040215874527110215,1.1210847524210512
3,2021-02-12 21:00:00+00:00,0.0514051111758747,0.0104237488526126,0.039719205274144284,1.1210847524210512
4,2021-02-11 21:00:00+00:00,0.0456346759875365,0.0560056759601402,-0.017152433380410906,1.1210847524210512
0,2021-02-10 21:00:00+00:00,-0.0005114686666446,-0.0599402430571146,0.06871860296142626,1.154984833179678
1,2021-02-09 21:00:00+00:00,0.0704526854230272,0.0657724466588818,-0.005513492909100651,1.154984833179678
2,2021-02-08 21:00:00+00:00,0.0718672946295481,0.1637986615133903,-0.11731767511354951,1.154984833179678
3,2021-02-05 21:00:00+00:00,0.0313906144443223,0.003907781448076,0.026877186140413598,1.154984833179678
4,2021-02-04 21:00:00+00:00,-0.0455746062532742,0.01366644135116,-0.06135913873740358,1.154984833179678
0,2021-02-03 21:00:00+00:00,0.068998304494249,0.0337738121182165,0.02992187048448674,1.1570039494797124
1,2021-02-02 21:00:00+00:00,0.0966907513990432,0.0641462802053941,0.022473251856969925,1.1570039494797124
2,2021-02-01 21:00:00+00:00,-0.0285028468104047,-0.026353314271625,0.0019880418837454963,1.1570039494797124
3,2021-01-29 21:00:00+00:00,0.0333789150874542,0.0703541484528553,-0.048021112534781384,1.1570039494797124
4,2021-01-28 21:00:00+00:00,0.0233616100197399,0.0358594882577093,-0.018127959520751132,1.1570039494797124
0,2021-01-27 21:00:00+00:00,-0.0475935251566359,-0.0208031276297632,-0.023471436240609198,1.1595414567141837
1,2021-01-26 21:00:00+00:00,-0.0498546138627266,-0.0461329438282408,0.0036384470263853483,1.1595414567141837
2,2021-01-25 21:00:00+00:00,0.0048457381315667,-0.0035413936967586,0.008952130937504594,1.1595414567141837
3,2021-01-22 21:00:00+00:00,0.0448382353633782,0.0499839829834265,-0.01312026507760114,1.1595414567141837
4,2021-01-21 21:00:00+00:00,-0.0930733636413027,-0.0939296840153466,0.015841998990555273,1.1595414567141837
0,2021-01-20 21:00:00+00:00,-0.0776162933593941,-0.0438509520716832,-0.02652459259294631,1.165121812701538
1,2021-01-19 21:00:00+00:00,0.1239674768752972,0.0262453555183784,0.09338844067872784,1.165121812701538
2,2021-01-15 21:00:00+00:00,-0.0825222574658729,-0.1045845914377741,0.0393315312907562,1.165121812701538
3,2021-01-14 21:00:00+00:00,0.0538597366646966,0.0851079093856795,-0.045301344993984534,1.165121812701538
4,2021-01-13 21:00:00+00:00,0.0622437298147275,0.0525666422479041,0.0009971883112162294,1.165121812701538
0,2021-01-12 21:00:00+00:00,0.0503278218045662,0.0202465339685128,0.027257793553744813,1.1394556859312146
1,2021-01-11 21:00:00+00:00,-0.2445310409974684,-0.1551728015487195,-0.06771850997090395,1.1394556859312146
2,2021-01-08 21:00:00+00:00,-0.0581525084241214,-0.0032471615892913,-0.054452511688065995,1.1394556859312146
3,2021-01-07 21:00:00+00:00,0.0435942761314301,0.0789730389092012,-0.04639200208892625,1.1394556859312146
4,2021-01-06 21:00:00+00:00,0.0522590299946819,0.0592003902602966,-0.01519719129675997,1.1394556859312146
0,2021-01-05 21:00:00+00:00,0.0487146389250354,0.0880921977372173,-0.05037989159312796,1.12489565550137
1,2021-01-04 21:00:00+00:00,0.192125190722691,0.0846263673411944,0.09692935775971838,1.12489565550137
2,2020-12-31 21:00:00+00:00,-0.0294046737848337,0.0078579153904943,-0.03824400866889809,1.12489565550137
3,2020-12-30 21:00:00+00:00,0.0166665420081759,0.0690418718789644,-0.060998359716153375,1.12489565550137
4,2020-12-29 21:00:00+00:00,-0.0319314137498543,0.0036818892845807,-0.03607315501011618,1.12489565550137
0,2020-12-28 21:00:00+00:00,0.1905341637114948,0.1350607271348589,0.0399479044739956,1.114952232466052
1,2020-12-24 21:00:00+00:00,0.0293312960131401,-0.00253004562537,0.03215217603138735,1.114952232466052
2,2020-12-23 21:00:00+00:00,-0.0470955379284597,-0.0025236606453969,-0.04428177685788771,1.114952232466052
3,2020-12-22 21:00:00+00:00,0.0562385805842736,0.0274689899416876,0.025611968925201484,1.114952232466052
4,2020-12-21 21:00:00+00:00,-0.0349370146839057,-0.0034482792789159,-0.031092348003711988,1.114952232466052
0,2020-12-18 21:00:00+00:00,0.0522626086962238,-0.00193444445063,0.054395617967452854,1.1026469488614068
1,2020-12-17 21:00:00+00:00,0.1248998968637898,0.0900417119608969,0.0256156778998492,1.1026469488614068
2,2020-12-16 21:00:00+00:00,0.0841691163420621,0.0718332333995637,0.00496242070718389,1.1026469488614068
3,2020-12-15 21:00:00+00:00,0.0094050773707803,0.0173164500114609,-0.009688853399468133,1.1026469488614068
4,2020-12-14 21:00:00+00:00,0.1264638150909907,0.0691213153892537,0.0502474075757431,1.1026469488614068
0,2020-12-11 21:00:00+00:00,-0.0432997370748334,-0.0231271360601874,-0.017893225337927792,1.0985584929662813
1,2020-12-10 21:00:00+00:00,-0.0170047142684371,-0.0005377789858028,-0.01641393259624464,1.0985584929662813
2,2020-12-09 21:00:00+00:00,-0.0097174974341978,-0.0196972032277672,0.011921032459348708,1.0985584929662813
3,2020-12-08 21:00:00+00:00,-0.0685730411241077,-0.0180232121713217,-0.048773488322768996,1.0985584929662813
4,2020-12-07 21:00:00+00:00,-0.0067104237329084,0.0036307093825351,-0.010698970360584696,1.0985584929662813
0,2020-12-04 21:00:00+00:00,-0.0530000742132956,-0.0246355799962284,-0.026180372080517166,1.088657224099632
1,2020-12-03 21:00:00+00:00,0.006590242507743,0.0140397966674826,-0.008694283559201871,1.088657224099632
2,2020-12-02 21:00:00+00:00,-0.0095611162762375,0.0,-0.0095611162762375,1.088657224099632
3,2020-12-01 21:00:00+00:00,0.0170365388568632,-0.0228726616659914,0.04193702721393146,1.088657224099632
4,2020-11-30 21:00:00+00:00,0.2239783674470973,0.1525188461631915,0.057937623760198426,1.088657224099632
0,2020-11-27 21:00:00+00:00,-0.1892558896026489,-0.1154064616860647,-0.06501160506218355,1.0765799655000412
1,2020-11-25 21:00:00+00:00,-0.0659942145242062,-0.0103762279860908,-0.05482337535692001,1.0765799655000412
2,2020-11-24 21:00:00+00:00,0.0209286284136537,0.0397473033904897,-0.021862522099199373,1.0765799655000412
3,2020-11-23 21:00:00+00:00,0.0480705023110493,-0.0133370875315378,0.0624289435456233,1.0765799655000412
4,2020-11-20 21:00:00+00:00,0.0128783305631799,0.0339563747342736,-0.02367842217675084,1.0765799655000412
0,2020-11-19 21:00:00+00:00,0.1276485670394736,0.023856887344615,0.10229163505652179,1.0628767959821634
1,2020-11-18 21:00:00+00:00,-0.0278407987943583,-0.003642991278501,-0.023968747896474192,1.0628767959821634
2,2020-11-17 21:00:00+00:00,0.0461435393211053,0.0490139654348432,-0.00595226721866135,1.0628767959821634
3,2020-11-16 21:00:00+00:00,0.0869003819486621,0.0377177303894897,0.046811081520562216,1.0628767959821634
4,2020-11-13 21:00:00+00:00,0.1016694906689289,0.0015264848025945,0.10004702539283179,1.0628767959821634
0,2020-11-12 21:00:00+00:00,-0.0125055906704965,0.0269407840311866,-0.04087367473703789,1.0529791573141505
1,2020-11-11 21:00:00+00:00,0.0297569312663589,0.0280094694931798,0.0002635436826140293,1.0529791573141505
2,2020-11-10 21:00:00+00:00,-0.0187397486827056,-0.0067556956309892,-0.011626141990115704,1.0529791573141505
3,2020-11-09 21:00:00+00:00,-0.0344385788736297,-0.0130595899731544,-0.02068710282882925,1.0529791573141505
4,2020-11-06 21:00:00+00:00,0.0417361743255781,0.0256424306133376,0.014735229346859297,1.0529791573141505
0,2020-11-05 21:00:00+00:00,0.0751488190090942,0.0741079721537218,-0.0032155614464356302,1.057435228331157
1,2020-11-04 21:00:00+00:00,0.0148511242418007,0.0240634399316352,-0.010594404856741046,1.057435228331157
2,2020-11-03 21:00:00+00:00,-0.0151629935697493,0.0032287023563722,-0.01857713718317308,1.057435228331157
3,2020-11-02 21:00:00+00:00,0.0066906122203542,0.005043238354929,0.001357714318981404,1.057435228331157
4,2020-10-30 20:00:00+00:00,-0.0196119440888198,0.0047058910374127,-0.024588119052467845,1.057435228331157
0,2020-10-29 20:00:00+00:00,-0.0107198856461058,0.0294572108854301,-0.04178627250538239,1.0546275742162137
1,2020-10-28 20:00:00+00:00,-0.0385921016608489,-0.0363276049324157,-0.0002800077938903689,1.0546275742162137
2,2020-10-27 20:00:00+00:00,0.022675468688333,0.051388130558137,-0.03151987078570111,1.0546275742162137
3,2020-10-26 20:00:00+00:00,0.0129883849003849,0.0053252312987527,0.007372249133641083,1.0546275742162137
4,2020-10-23 20:00:00+00:00,0.0182483684333935,-0.0117536898140945,0.0306441338101218,1.0546275742162137
0,2020-10-22 20:00:00+00:00,0.0458690329146696,0.0321743570278561,0.012415287136960954,1.0397642367412305
1,2020-10-21 20:00:00+00:00,0.1158531509992431,0.0614034380551779,0.05200805209651363,1.0397642367412305
2,2020-10-20 20:00:00+00:00,-0.0316127179215647,0.0204899495407216,-0.052917434666639424,1.0397642367412305
3,2020-10-19 20:00:00+00:00,0.0194425118009032,0.0330715129656985,-0.014944064635754005,1.0397642367412305
4,2020-10-16 20:00:00+00:00,-0.0499920709035139,-0.0198882473998323,-0.029312982525706507,1.0397642367412305
0,2020-10-15 20:00:00+00:00,0.0036588301926086,0.0164008855394167,-0.013041898420708211,1.018282127094875
1,2020-10-14 20:00:00+00:00,-0.0044334507247731,-0.0026075634070808,-0.0017782155120761038,1.018282127094875
2,2020-10-13 20:00:00+00:00,-0.028903514789761,-0.0172121288811214,-0.011376711580861568,1.018282127094875
3,2020-10-12 20:00:00+00:00,0.0699734276050038,0.0449366768959762,0.024215212670794038,1.018282127094875
4,2020-10-09 20:00:00+00:00,0.0105526594979546,0.0152880675441906,-0.005014906440113926,1.018282127094875
0,2020-10-08 20:00:00+00:00,0.0096033059123105,0.0224522604386563,-0.013285111822834669,1.0194259859794754
1,2020-10-07 20:00:00+00:00,0.0097963701228513,0.0074418948103858,0.002209909168218215,1.0194259859794754
2,2020-10-06 20:00:00+00:00,0.0079620279505346,-0.0148288166734606,0.023078909008786057,1.0194259859794754
3,2020-10-05 20:00:00+00:00,0.0250595275171122,0.0237386059778986,0.0008597757123146518,1.0194259859794754
4,2020-10-02 20:00:00+00:00,-0.0366638265223123,-0.0103093696588612,-0.026154187193000833,1.0194259859794754
0,2020-10-01 20:00:00+00:00,0.0109369240752247,-0.0106655311974194,0.02174816306352964,1.0136615596718517
1,2020-09-30 20:00:00+00:00,0.0120014125598687,-0.0032235809632476,0.015269032666802752,1.0136615596718517
2,2020-09-29 20:00:00+00:00,-0.0196780685846598,-0.0118831380036772,-0.007632588382056514,1.0136615596718517
3,2020-09-28 20:00:00+00:00,-0.0011588913567845,0.0109640202919141,-0.012272697266159977,1.0136615596718517
4,2020-09-25 20:00:00+00:00,0.0308426641756388,0.0148082298724301,0.015832130787172,1.0136615596718517
0,2020-09-24 20:00:00+00:00,0.0360715466253301,0.0360741536165743,-0.0010293627923810972,1.028462367046781
1,2020-09-23 20:00:00+00:00,-0.0140073524853459,-0.0210433398705137,0.007634930648452522,1.028462367046781
2,2020-09-22 20:00:00+00:00,0.0104027338578169,0.0004733727899046,0.009915887757816077,1.028462367046781
3,2020-09-21 20:00:00+00:00,-0.0984462780797241,-0.0380909960090234,-0.05927112216111441,1.028462367046781
4,2020-09-18 20:00:00+00:00,-0.0189691100631912,-0.0059077654215608,-0.012893195653775655,1.028462367046781
0,2020-09-17 20:00:00+00:00,0.0157096101454031,-0.0054225166758575,0.02124025283799266,1.0199401907261
1,2020-09-16 20:00:00+00:00,-0.0142005803971499,0.018649619439688,-0.033222076805434465,1.0199401907261
2,2020-09-15 20:00:00+00:00,-0.0006651839411481,0.0101523714640179,-0.011019995628480734,1.0199401907261
3,2020-09-14 20:00:00+00:00,0.0042108808673031,0.0339655291556303,-0.030431927417803383,1.0199401907261
4,2020-09-11 20:00:00+00:00,0.0071390423112694,0.001440576479623,0.005669740461887183,1.0199401907261
0,2020-09-10 20:00:00+00:00,-0.0031919716429471,0.0004806536982708,-0.003632792491502023,0.9171277577616066
1,2020-09-09 20:00:00+00:00,0.0358238789844671,0.0302609717818094,0.008070701786528998,0.9171277577616066
2,2020-09-08 20:00:00+00:00,-0.0787084268571285,-0.0591660876761285,-0.024445565531194147,0.9171277577616066
3,2020-09-04 20:00:00+00:00,-0.053577226143791,-0.0083721419251245,-0.045898902392339624,0.9171277577616066
4,2020-09-03 20:00:00+00:00,-0.0827814913596612,-0.0684677992774607,-0.019987772129451922,0.9171277577616066
0,2020-09-02 20:00:00+00:00,-0.088442670865877,-0.0522443990375196,-0.044288109094195734,0.8451539798547864
1,2020-09-01 20:00:00+00:00,0.0315676775804227,0.019901154317295,0.014748137805456564,0.8451539798547864
2,2020-08-31 20:00:00+00:00,0.0741915723345381,0.0198780070215819,0.05739159558866677,0.8451539798547864
3,2020-08-28 20:00:00+00:00,0.0293597871535543,0.031679802643268,0.0025854758685821683,0.8451539798547864
4,2020-08-27 20:00:00+00:00,-0.0543649818341909,-0.0252516682309669,-0.033023433930816554,0.8451539798547864
0,2020-08-26 20:00:00+00:00,0.0058717967161568,0.0164719805789212,-0.007845033536222571,0.8327371554779801
1,2020-08-25 20:00:00+00:00,-0.0701791397201027,-0.0427781220128041,-0.03455620807847025,0.8327371554779801
2,2020-08-24 20:00:00+00:00,0.0270667866352402,0.0067227143948767,0.021468532572959706,0.8327371554779801
3,2020-08-21 20:00:00+00:00,-0.0315066620942525,-0.0163081180635549,-0.017926286246808726,0.8327371554779801
4,2020-08-20 20:00:00+00:00,0.0480971495115723,0.0175736740223855,0.03346289819487372,0.8327371554779801
0,2020-08-19 20:00:00+00:00,-0.1092291303878859,-0.0287101058824313,-0.08563571018929908,0.8217810235602243
1,2020-08-18 20:00:00+00:00,-0.0146254371626446,-0.0350630316682434,0.014188696890809021,0.8217810235602243
2,2020-08-17 20:00:00+00:00,0.1601527531370336,0.0474445352807485,0.1211637343716809,0.8217810235602243
3,2020-08-14 20:00:00+00:00,0.0624639037632548,0.0282183389378009,0.03927460830777944,0.8217810235602243
4,2020-08-13 20:00:00+00:00,-0.0077539717846199,-0.0055378203293112,-0.0032030961261059233,0.8217810235602243
0,2020-08-12 20:00:00+00:00,-0.0138342616019681,0.0188684843043827,-0.02937575449682803,0.8236746865380178
1,2020-08-11 20:00:00+00:00,-0.0527435442542459,-0.0477589173006864,-0.013405733017207919,0.8236746865380178
2,2020-08-10 20:00:00+00:00,0.0214521125278929,0.035710578784512,-0.007961787258531208,0.8236746865380178
3,2020-08-07 20:00:00+00:00,-0.0527096281875247,-0.0361232051571913,-0.022955858502926647,0.8236746865380178
4,2020-08-06 20:00:00+00:00,0.0154278404452211,0.0158007445313436,0.0024131671462993606,0.8236746865380178
0,2020-08-05 20:00:00+00:00,0.0303323444799492,0.0384498452184044,-0.0018122516620649905,0.8360136681805902
1,2020-08-04 20:00:00+00:00,-0.0335798795173854,-0.018555009144722,-0.018067638259181965,0.8360136681805902
2,2020-08-03 20:00:00+00:00,0.0167132702507986,-0.000427441767568,0.01707061741083672,0.8360136681805902
3,2020-07-31 20:00:00+00:00,0.021528915495555,0.0286105340412658,-0.002389882016889267,0.8360136681805902
4,2020-07-30 20:00:00+00:00,0.0226693297390955,-0.0048256290178236,0.026703621555564903,0.8360136681805902
0,2020-07-29 20:00:00+00:00,-0.019759275803395,0.0185517688080968,-0.03522176263417334,0.8334777664990004
1,2020-07-28 20:00:00+00:00,0.0798455688052815,0.0134651944691587,0.06862262859365241,0.8334777664990004
2,2020-07-27 20:00:00+00:00,0.1629809996938394,0.1326925476003381,0.05238471148884728,0.8334777664990004
3,2020-07-24 20:00:00+00:00,-0.012232948857297,-0.0030911925696728,-0.009656508578507809,0.8334777664990004
4,2020-07-23 20:00:00+00:00,0.0321824360401797,0.0250013022054171,0.011344406518442124,0.8334777664990004
0,2020-07-22 20:00:00+00:00,0.0025168758281145,0.0021119332031435,0.000776030548493129,0.8242899335216737
1,2020-07-21 20:00:00+00:00,0.0449829876821499,0.021908437038326,0.026924083572264387,0.8242899335216737
2,2020-07-20 20:00:00+00:00,-0.0047814868472136,0.0005403945011269,-0.00522692859462297,0.8242899335216737
3,2020-07-17 20:00:00+00:00,0.0050094399785897,0.0059636934680495,9.362748626753816e-05,0.8242899335216737
4,2020-07-16 20:00:00+00:00,-0.0319531138601801,-0.0059636934680494,-0.027037301367858018,0.8242899335216737
0,2020-07-15 20:00:00+00:00,-0.016861286225107,-0.0128895447259969,-0.006237051781820916,0.8242521104611308
1,2020-07-14 20:00:00+00:00,0.0114231863308369,0.0042780813910783,0.00789696871551612,0.8242521104611308
2,2020-07-13 20:00:00+00:00,-0.019201233343073,0.0,-0.019201233343073,0.8242521104611308
3,2020-07-10 20:00:00+00:00,0.0049307424683667,0.0010723861617527,0.004046825911312725,0.8242521104611308
4,2020-07-09 20:00:00+00:00,-0.0300929593142222,-0.02542509836581,-0.009136268327521457,0.8242521104611308
0,2020-07-08 20:00:00+00:00,0.0421280449677041,0.0222113837627142,0.023942421915168283,0.8187523680115624
1,2020-07-07 20:00:00+00:00,-0.0023916200448564,-0.0058651194523981,0.0024104603954652223,0.8187523680115624
2,2020-07-06 20:00:00+00:00,0.0638384231109175,0.0313200546223673,0.0381950542226028,0.8187523680115624
3,2020-07-02 20:00:00+00:00,-0.0187659674292856,-0.0270579277654255,0.003387775002142327,0.8187523680115624
4,2020-07-01 20:00:00+00:00,0.0109572405861733,0.013437450242459,-4.47036198775487e-05,0.8187523680115624
0,2020-06-30 20:00:00+00:00,-0.0101572820062155,-0.001622060371868,-0.00883165866263086,0.8172466121331993
1,2020-06-29 20:00:00+00:00,-0.036571473050364,-0.0026976007726483,-0.034366867958029276,0.8172466121331993
2,2020-06-26 20:00:00+00:00,0.0158643437619752,-0.006444705442642,0.021131257451170768,0.8172466121331993
3,2020-06-25 20:00:00+00:00,-0.0011732486288394,-0.0037403196157232,0.0018835149054057352,0.8172466121331993
4,2020-06-24 20:00:00+00:00,-0.039253653843716,-0.0387077611030496,-0.00761986721898749,0.8172466121331993
0,2020-06-23 20:00:00+00:00,-0.0027355093637528,0.0087606847350975,-0.009955630341843442,0.824150302905551
1,2020-06-22 20:00:00+00:00,0.0290033243922673,0.0288809781859545,0.005201057472104285,0.824150302905551
2,2020-06-19 20:00:00+00:00,-0.0124359284884252,-0.0100716462284583,-0.004135378198483742,0.824150302905551
3,2020-06-18 20:00:00+00:00,0.0041954568574195,0.0084746269909722,-0.0027889095442017973,0.824150302905551
4,2020-06-17 20:00:00+00:00,-0.0094011042990373,-0.020532440183705,0.007520712497753284,0.824150302905551
0,2020-06-16 20:00:00+00:00,0.001367308441066,0.0088982529023642,-0.006297424241066196,0.8613750099298406
1,2020-06-15 20:00:00+00:00,-0.0226496982414812,-0.0015760444554657,-0.02129213293300456,0.8613750099298406
2,2020-06-12 20:00:00+00:00,0.0271409939956242,0.0169405851167128,0.012548797322498402,0.8613750099298406
3,2020-06-11 20:00:00+00:00,-0.067169202295995,-0.0636037544273208,-0.012382517694586405,0.8613750099298406
4,2020-06-10 20:00:00+00:00,0.0177218990974221,0.0120969217088285,0.007301913040359447,0.8613750099298406
0,2020-06-09 20:00:00+00:00,-0.0083108908427634,0.0030472344554689,-0.01093853308385319,0.8623039281975617
1,2020-06-08 20:00:00+00:00,-0.0239071052001246,-0.0030472344554688,-0.021279462959034896,0.8623039281975617
2,2020-06-05 20:00:00+00:00,0.0001424496884407,-0.0090863825559573,0.00797767305954848,0.8623039281975617
3,2020-06-04 20:00:00+00:00,0.0058643604031394,0.0249313345495278,-0.01563402731412601,0.8623039281975617
4,2020-06-03 20:00:00+00:00,0.0280055244909501,0.0077579908109393,0.021315778539756552,0.8623039281975617
0,2020-06-02 20:00:00+00:00,-0.0264302818229416,-0.0072426596993029,-0.020191017196236685,0.8614604145084213
1,2020-06-01 20:00:00+00:00,0.0519035075149237,0.0176811678432264,0.03667188133570492,0.8614604145084213
2,2020-05-29 20:00:00+00:00,0.0043736352368442,-0.0031430093971991,0.0070812134149592,0.8614604145084213
3,2020-05-28 20:00:00+00:00,0.0161427203652843,0.0329641755389761,-0.012254611958450411,0.8614604145084213
4,2020-05-27 20:00:00+00:00,0.0337827311832587,0.0436412802895369,-0.0038125042246439506,0.8614604145084213
0,2020-05-26 20:00:00+00:00,-0.046089969180499,-0.0441816747906639,-0.007992976753894827,0.8622804048762431
1,2020-05-22 20:00:00+00:00,0.0334237947526467,0.0097720647337925,0.02499753481751525,0.8622804048762431
2,2020-05-21 20:00:00+00:00,-0.0318988180621419,-0.0505292273307859,0.011671544538731898,0.8622804048762431
3,2020-05-20 20:00:00+00:00,-0.0213705993138344,-0.012883455706188,-0.010261447911297466,0.8622804048762431
4,2020-05-19 20:00:00+00:00,-0.0044805952616091,-0.0066343698304329,0.001240091841875313,0.8622804048762431
0,2020-05-18 20:00:00+00:00,0.0565609626103154,0.0388952320486543,0.02278093540192594,0.8684876122125664
1,2020-05-15 20:00:00+00:00,-0.0285289024394976,-0.0373681256180035,0.003924851751341489,0.8684876122125664
2,2020-05-14 20:00:00+00:00,0.0213849696912967,0.0512128621985452,-0.02309276671408902,0.8684876122125664
3,2020-05-13 20:00:00+00:00,0.0209020887194935,0.0432825706414715,-0.016688287707339815,0.8684876122125664
4,2020-05-12 20:00:00+00:00,0.0162773533740534,0.0095640672766591,0.007971079421907397,0.8684876122125664
0,2020-05-11 20:00:00+00:00,-0.1417383765281511,-0.1316925067537689,-0.027168962523407614,0.8699767118789744
1,2020-05-08 20:00:00+00:00,0.0017806194005489,0.0029776696939245,-0.0008098838888332086,0.8699767118789744
2,2020-05-07 20:00:00+00:00,0.0272133639035852,0.069454494633121,-0.03321042896255329,0.8699767118789744
3,2020-05-06 20:00:00+00:00,0.001756745390587,0.0396683359639399,-0.032753783097031905,0.8699767118789744
4,2020-05-05 20:00:00+00:00,-0.0078103643790638,0.006116227017436,-0.013131339448798117,0.8699767118789744
0,2020-05-04 20:00:00+00:00,-0.0013789358098646,0.012910648037258,-0.012765484967857392,0.8819502417797379
1,2020-05-01 20:00:00+00:00,-0.0041633472324106,-0.0089989358685695,0.0037732664326346277,0.8819502417797379
2,2020-04-30 20:00:00+00:00,-0.0380353931814635,0.0118277920690472,-0.04846691725648014,0.8819502417797379
3,2020-04-29 20:00:00+00:00,0.0880162759982431,0.1260322646290603,-0.023137910263404546,0.8819502417797379
4,2020-04-28 20:00:00+00:00,0.0184371107031537,0.0,0.0184371107031537,0.8819502417797379
0,2020-04-27 20:00:00+00:00,-0.016406649482551,0.024066202142564,-0.03770688890624709,0.8850685827999437
1,2020-04-24 20:00:00+00:00,0.028004236451384,-0.0039421864457391,0.03149334182204745,0.8850685827999437
2,2020-04-23 20:00:00+00:00,0.037378318504001,0.063620909485061,-0.018930549690385427,0.8850685827999437
3,2020-04-22 20:00:00+00:00,0.0221586196340161,0.0362900014052004,-0.009960520479492585,0.8850685827999437
4,2020-04-21 20:00:00+00:00,0.0295008370204438,0.0123953464547177,0.0185301053004525,0.8850685827999437
0,2020-04-20 20:00:00+00:00,-0.0672934842478183,-0.0430791663933197,-0.028582008907592882,0.8986124519398411
1,2020-04-17 20:00:00+00:00,-0.0058832079048728,-0.0014044946128985,-0.00462111155703978,0.8986124519398411
2,2020-04-16 20:00:00+00:00,0.0567125127642937,0.0533267547425521,0.008792426931094409,0.8986124519398411
3,2020-04-15 20:00:00+00:00,-0.0265460071326347,-0.0306146358196068,0.0009646858264674534,0.8986124519398411
4,2020-04-14 20:00:00+00:00,0.0189324272794922,0.0210381353763982,2.729686466470052e-05,0.8986124519398411
0,2020-04-13 20:00:00+00:00,-0.1242049611530947,-0.0748408413693745,-0.05741774128399246,0.8923900192339652
1,2020-04-09 20:00:00+00:00,-0.0031076422697524,-0.0054274217353651,0.001735734717060903,0.8923900192339652
2,2020-04-08 20:00:00+00:00,0.0108761233812658,-0.0020277127596517,0.012685634009852337,0.8923900192339652
3,2020-04-07 20:00:00+00:00,0.0238323198469446,0.0020277127596516,0.022022809218358152,0.8923900192339652
4,2020-04-06 20:00:00+00:00,0.0942440079843912,0.0766092762196982,0.025878654505194568,0.8923900192339652
0,2020-04-03 20:00:00+00:00,0.0075279468467835,-0.0080029528628014,0.014704283496834898,0.8967110981507582
1,2020-04-02 20:00:00+00:00,0.0710582696111748,0.1029479692524424,-0.02125631694957332,0.8967110981507582
2,2020-04-01 20:00:00+00:00,-0.0381257599034629,-0.0424592077717915,-5.211707580853736e-05,0.8967110981507582
3,2020-03-31 20:00:00+00:00,0.0039869069538086,0.0139537147738653,-0.008525543944346613,0.8967110981507582
4,2020-03-30 20:00:00+00:00,-0.0225176087368665,-0.0465200156348928,0.019197405569088666,0.8967110981507582
0,2020-03-27 20:00:00+00:00,0.0164001689214797,0.0022379718404546,0.014391274758001293,0.8976405007269171
1,2020-03-26 20:00:00+00:00,0.0024658374442199,0.0052414945908379,-0.0022391403848572604,0.8976405007269171
2,2020-03-25 20:00:00+00:00,-0.0335675998138183,-0.0126820051074214,-0.022183718398971236,0.8976405007269171
3,2020-03-24 20:00:00+00:00,0.0513746137725099,0.0666658131065974,-0.008467320085863268,0.8976405007269171
4,2020-03-23 20:00:00+00:00,0.004663951660668,0.0127593437537599,-0.0067893520554039,0.8976405007269171
0,2020-03-20 20:00:00+00:00,-0.0201979511933663,-0.0064000218454675,-0.014375487414829132,0.9097568600739451
1,2020-03-19 20:00:00+00:00,0.1344401513772004,0.1596148101678208,-0.010770517142375063,0.9097568600739451
2,2020-03-18 20:00:00+00:00,-0.0212541890228821,-0.0120875483813816,-0.010257458961444477,0.9097568600739451
3,2020-03-17 20:00:00+00:00,0.072618723804573,0.0898721277837146,-0.009143060976103554,0.9097568600739451
4,2020-03-16 20:00:00+00:00,-0.1231018349757891,-0.083381608939051,-0.04724484423948447,0.9097568600739451
0,2020-03-13 20:00:00+00:00,0.0463140571845335,-0.1158172805357683,0.15033630102718526,0.8981582313230553
1,2020-03-12 20:00:00+00:00,-0.3116445139655852,-0.2699196161119405,-0.06921398895908665,0.8981582313230553
2,2020-03-11 20:00:00+00:00,-0.0610853337221747,-0.0175553097829111,-0.04531788773722694,0.8981582313230553
3,2020-03-10 20:00:00+00:00,0.035227811961525,0.0181880209713708,0.01889209121461197,0.8981582313230553
4,2020-03-09 20:00:00+00:00,-0.2460723520068259,-0.1593811002643472,-0.10292290488707725,0.8981582313230553
0,2020-03-06 21:00:00+00:00,0.0021117443975231,-0.0005395198404406,0.0026015463401030565,0.9078478785505997
1,2020-03-05 21:00:00+00:00,0.0441150351520109,0.0469310519660152,0.0015087791865160544,0.9078478785505997
2,2020-03-04 21:00:00+00:00,-0.0146646126018796,-0.0022586119144226,-0.012614136566901935,0.9078478785505997
3,2020-03-03 21:00:00+00:00,-0.0178950311428991,-0.0201011793210872,0.00035378186011509466,0.9078478785505997
4,2020-03-02 21:00:00+00:00,0.0424134333474308,0.0297357112002332,0.015417931017105785,0.9078478785505997
0,2020-02-28 21:00:00+00:00,-0.0671682878408034,-0.0186183093136571,-0.04981181518963354,0.9322260339953833
1,2020-02-27 21:00:00+00:00,0.0213813275074939,0.0067302553540678,0.01510720825099508,0.9322260339953833
2,2020-02-26 21:00:00+00:00,-0.1334404212826065,-0.0600617172138988,-0.07744932484934137,0.9322260339953833
3,2020-02-25 21:00:00+00:00,-0.0497052509989765,-0.0323281541390105,-0.019568104079575304,0.9322260339953833
4,2020-02-24 21:00:00+00:00,0.0129710914162328,-0.0142641236630561,0.026268478847063285,0.9322260339953833
0,2020-02-21 21:00:00+00:00,0.0663782297285493,0.0127260561975791,0.05447724548427425,0.9351667208996762
1,2020-02-20 21:00:00+00:00,-0.1066884535040354,-0.0630325208849751,-0.047742537637992875,0.9351667208996762
2,2020-02-19 21:00:00+00:00,-0.0274979720432623,-0.001922153402959,-0.025700438148350976,0.9351667208996762
3,2020-02-18 21:00:00+00:00,-0.0498296784568607,-0.0246574844017529,-0.026770819623238525,0.9351667208996762
4,2020-02-14 21:00:00+00:00,0.0243662643619942,0.0174821367064824,0.00801755190387319,0.9351667208996762
0,2020-02-13 21:00:00+00:00,-0.0169173535677487,-0.0226211342344013,0.004333815222381757,0.9394386934768524
1,2020-02-12 21:00:00+00:00,0.0638185951421434,0.0136056520557786,0.051036919150962104,0.9394386934768524
2,2020-02-11 21:00:00+00:00,0.0380540702308908,0.0469024807396147,-0.006007934995956067,0.9394386934768524
3,2020-02-10 21:00:00+00:00,0.0086685459201441,0.0119523335238411,-0.0025599386694927662,0.9394386934768524
4,2020-02-07 21:00:00+00:00,-0.0005721528876267,-0.0044988828692602,0.0036542717571764957,0.9394386934768524
0,2020-02-06 21:00:00+00:00,0.0114292604335014,0.0085149525241501,0.003627228211527344,0.9162743068556096
1,2020-02-05 21:00:00+00:00,0.070930551031729,0.0601217301789819,0.015842554385022377,0.9162743068556096
2,2020-02-04 21:00:00+00:00,-0.0345595991475378,-0.0158985860677982,-0.01999213321828175,0.9162743068556096
3,2020-02-03 21:00:00+00:00,0.0326932924346344,-0.0026253624950834,0.03509884463506165,0.9162743068556096
4,2020-01-31 21:00:00+00:00,-0.031969109152519,-0.0202446571455313,-0.013419449958967843,0.9162743068556096
0,2020-01-30 21:00:00+00:00,0.1431811122420857,0.0212939751851489,0.1234219681753572,0.9279218133262963
1,2020-01-29 21:00:00+00:00,0.0289309977317372,0.0374375270721305,-0.005808100275486443,0.9279218133262963
2,2020-01-28 21:00:00+00:00,-0.0062749246754297,0.0109590137897193,-0.01644403262345392,0.9279218133262963
3,2020-01-27 21:00:00+00:00,0.0782112997610396,0.0601770635833603,0.022371689800116085,0.9279218133262963
4,2020-01-24 21:00:00+00:00,0.0195614283168169,0.0135495445537901,0.006988510364718549,0.9279218133262963
0,2020-01-23 21:00:00+00:00,-0.0789813343864805,-0.03611341765368,-0.045587394162103716,0.9246962041814367
1,2020-01-22 21:00:00+00:00,0.0086932514495442,-0.0062731885220773,0.014494045064023636,0.9246962041814367
2,2020-01-21 21:00:00+00:00,-0.0518478360828541,-0.0224854892129749,-0.03105558955845357,0.9246962041814367
3,2020-01-17 21:00:00+00:00,0.0438436458147514,0.0162514083826582,0.02881603017070498,0.9246962041814367
4,2020-01-16 21:00:00+00:00,-0.0010334138019242,-0.0112360732669258,0.009356540497906603,0.9246962041814367
0,2020-01-15 21:00:00+00:00,0.0117047695595006,0.0134985176708953,-0.0006661227401572063,0.9164630221828867
1,2020-01-14 21:00:00+00:00,0.1405030216525693,0.0667304270829819,0.07934705277654497,0.9164630221828867
2,2020-01-13 21:00:00+00:00,0.0249021951837269,0.009732436918231,0.015982776632440618,0.9164630221828867
3,2020-01-10 21:00:00+00:00,0.0929561663452426,0.0304087966362832,0.0650876286790097,0.9164630221828867
4,2020-01-09 21:00:00+00:00,-0.0103435819615567,-0.0279608149976432,0.015281471053879971,0.9164630221828867
0,2020-01-08 21:00:00+00:00,-0.0398570173516341,-0.0188169436688753,-0.02256727047054669,0.9188392751414781
1,2020-01-07 21:00:00+00:00,0.0306995565053931,0.0827020835352438,-0.04529036598282029,0.9188392751414781
2,2020-01-06 21:00:00+00:00,0.0807982114151963,0.0318540535197516,0.05152945596878989,0.9188392751414781
3,2020-01-03 21:00:00+00:00,0.0591552451773397,0.0597399828809702,0.004263802610024736,0.9188392751414781
4,2020-01-02 21:00:00+00:00,-0.0449577408279339,-0.0358562136886998,-0.012011643432891024,0.9188392751414781
0,2019-12-31 21:00:00+00:00,-0.0245970817198784,-0.0123543095009351,-0.013249224389926362,0.9185343243257031
1,2019-12-30 21:00:00+00:00,0.0287608420297711,0.002732242136873,0.026251183844684244,0.9185343243257031
2,2019-12-27 21:00:00+00:00,0.0063702306940111,0.0013689256073417,0.0051128255362193386,0.9185343243257031
3,2019-12-26 21:00:00+00:00,0.0038284896097745,0.0034305350967892,0.0006774253725696216,0.9185343243257031
4,2019-12-24 21:00:00+00:00,-0.0168836049269752,-0.0244411351591455,0.0055664166421837,0.9185343243257031
0,2019-12-23 21:00:00+00:00,0.023776160530786,0.0278834793501184,-0.001864860910271486,0.9195775433580748
1,2019-12-20 21:00:00+00:00,0.0158436288187032,0.008310297133628,0.008201666195985913,0.9195775433580748
2,2019-12-19 21:00:00+00:00,-0.0211674066547741,0.0041811907604011,-0.025012335782535224,0.9195775433580748
3,2019-12-18 21:00:00+00:00,0.09314431191591,0.0806830429982655,0.01894999744491109,0.9195775433580748
4,2019-12-17 21:00:00+00:00,-0.0784871203525344,-0.0415181942063295,-0.040307921319614456,0.9195775433580748
0,2019-12-16 21:00:00+00:00,-0.1053600779824125,-0.0578440497941308,-0.05232059992907708,0.9169392226530639
1,2019-12-13 21:00:00+00:00,0.0055657540046059,-0.0013698632279138,0.0068218353279501966,0.9169392226530639
2,2019-12-12 21:00:00+00:00,0.0165630724651077,0.0117040922979279,0.005831131171585978,0.9169392226530639
3,2019-12-11 21:00:00+00:00,-0.007861290760402,-0.0075888601528213,-0.0009027672310512255,0.9169392226530639
4,2019-12-10 21:00:00+00:00,-0.0123895198048915,-0.0143298255548249,0.0007500593001036546,0.9169392226530639
0,2019-12-09 21:00:00+00:00,-0.0157892216378023,-0.0187924993493672,0.001532972669746089,0.9217610699628244
1,2019-12-06 21:00:00+00:00,0.0071284499142267,0.0066711388170226,0.000979253860377418,0.9217610699628244
2,2019-12-05 21:00:00+00:00,-0.004476719027484,0.0278267021224796,-0.030126289749437596,0.9217610699628244
3,2019-12-04 21:00:00+00:00,-0.0091861318992519,-0.0190871506975158,0.008407660550231932,0.9217610699628244
4,2019-12-03 21:00:00+00:00,-0.0001615249506101,0.0006754475096379,-0.0007841261697976559,0.9217610699628244
0,2019-12-02 21:00:00+00:00,-0.0830543488067724,-0.0596702714974603,-0.027619679049607604,0.9290165498832064
1,2019-11-29 21:00:00+00:00,0.019544329280219,0.029717949214109,-0.008064137368276887,0.9290165498832064
2,2019-11-27 21:00:00+00:00,0.0265796358345279,0.067822596338761,-0.036428678620229235,0.9290165498832064
3,2019-11-26 21:00:00+00:00,0.0148408011106488,-0.0090814455782411,0.023277614349698446,0.9290165498832064
4,2019-11-25 21:00:00+00:00,-0.0443438800890885,-0.0226891823204454,-0.023265254210077274,0.9290165498832064
0,2019-11-22 21:00:00+00:00,-0.0428237578435763,-0.0347396322937242,-0.010434394078327754,0.9323461886814436
1,2019-11-21 21:00:00+00:00,-0.0888967094144541,-0.0678979409056461,-0.025592322991757066,0.9323461886814436
2,2019-11-20 21:00:00+00:00,0.0074911573703959,0.0,0.0074911573703959,0.9323461886814436
3,2019-11-19 21:00:00+00:00,-0.0247469138884372,-0.0134066602801153,-0.012247265273324806,0.9323461886814436
4,2019-11-18 21:00:00+00:00,-0.0246838531044586,-0.0339217290346675,0.0069429416744983125,0.9323461886814436
0,2019-11-15 21:00:00+00:00,-0.0286822128085333,-0.0225638730998898,-0.0074479374441090325,0.9410740465708424
1,2019-11-14 21:00:00+00:00,-0.0270799662302709,-0.012507269352394,-0.015309699649261998,0.9410740465708424
2,2019-11-13 21:00:00+00:00,-0.0151053331772686,-0.004509590505975,-0.010861474591433254,0.9410740465708424
3,2019-11-12 21:00:00+00:00,-0.0080895360779596,0.0096073075776436,-0.01713072389670338,0.9410740465708424
4,2019-11-11 21:00:00+00:00,0.0326312332546484,-0.0118544995345484,0.04378719510169803,0.9410740465708424
0,2019-11-08 21:00:00+00:00,-0.0178032144465379,-0.0433776486114961,0.02316477713197749,0.9444493394613812
1,2019-11-07 21:00:00+00:00,-0.0305879149602508,-0.0149336108592588,-0.016483876048450516,0.9444493394613812
2,2019-11-06 21:00:00+00:00,-0.0028553995042123,-0.0073839997946399,0.0041184142244183285,0.9444493394613812
3,2019-11-05 21:00:00+00:00,0.0230178878228823,-0.0140884146027817,0.03632368168853756,0.9444493394613812
4,2019-11-04 21:00:00+00:00,0.0705544716219942,0.0342589498210153,0.038198629092895696,0.9444493394613812
0,2019-11-01 20:00:00+00:00,-0.0166051405000963,0.0021470754356652,-0.018650400198177517,0.9525793384374326
1,2019-10-31 20:00:00+00:00,0.0088948965898435,0.0037685105164502,0.005305091335188861,0.9525793384374326
2,2019-10-30 20:00:00+00:00,-0.0063684558371187,-0.004842624475788,-0.001755471817671648,0.9525793384374326
3,2019-10-29 20:00:00+00:00,0.0031288718923095,-0.0228187136125589,0.024865507009354092,0.9525793384374326
4,2019-10-28 20:00:00+00:00,0.0264806271878466,0.0893990386941265,-0.05867904994834686,0.9525793384374326
0,2019-10-25 20:00:00+00:00,0.1249362467032365,0.1501426584297194,-0.019538044292887025,0.9622467892011569
1,2019-10-24 20:00:00+00:00,0.0158329808793879,-0.0006664445431605,0.016474265001224724,0.9622467892011569
2,2019-10-23 20:00:00+00:00,-0.0927319711492654,-0.0922165496035531,-0.003996892382037209,0.9622467892011569
3,2019-10-22 20:00:00+00:00,-0.0044950821271413,-0.0024271856576111,-0.002159530521309921,0.9622467892011569
4,2019-10-21 20:00:00+00:00,0.0198298777154263,0.0320224405684062,-0.010983612903907439,0.9622467892011569
0,2019-10-18 20:00:00+00:00,-0.0211924392805871,-0.0142903954094561,-0.007422603391187398,0.9635727700220289
1,2019-10-17 20:00:00+00:00,0.0418522526602888,0.0142903954094561,0.0280824167708891,0.9635727700220289
2,2019-10-16 20:00:00+00:00,-0.0407063684590165,-0.0295952549107951,-0.012189186705113611,0.9635727700220289
3,2019-10-15 20:00:00+00:00,-0.0426627392502499,-0.0222298129537908,-0.021242696805294118,0.9635727700220289
4,2019-10-14 20:00:00+00:00,0.0158096514782065,0.0,0.0158096514782065,0.9635727700220289
0,2019-10-11 20:00:00+00:00,-0.0357046915634273,-0.0275434933010185,-0.009185648633036312,0.9628060842017585
1,2019-10-10 20:00:00+00:00,-0.0223806668050364,-0.0040380787492802,-0.018492780016743596,0.9628060842017585
2,2019-10-09 20:00:00+00:00,0.0402989474950344,0.0544191030416326,-0.01209609601025189,0.9628060842017585
3,2019-10-08 20:00:00+00:00,-0.0150020463841248,-0.007871672495768,-0.007423152212355729,0.9628060842017585
4,2019-10-07 20:00:00+00:00,0.0119382657619121,0.0042308917751122,0.007864737419234895,0.9628060842017585
0,2019-10-04 20:00:00+00:00,0.0215047036008292,0.0060753528300371,0.015669765757579116,0.9604278148919378
1,2019-10-03 20:00:00+00:00,0.0038860259874621,-0.013918530291063,0.017253769621414984,0.9604278148919378
2,2019-10-02 20:00:00+00:00,0.0051885122918998,-0.0059916296682667,0.010943040081834892,0.9604278148919378
3,2019-10-01 20:00:00+00:00,-0.0056260376041029,0.0005975500625965,-0.006199941305010997,0.9604278148919378
4,2019-09-30 20:00:00+00:00,0.0173064316073147,0.0346644619057832,-0.015986281795261476,0.9604278148919378
0,2019-09-27 20:00:00+00:00,0.0114908480373515,-0.0123002780816516,0.023184714274874313,0.9506993386569547
1,2019-09-26 20:00:00+00:00,-0.0497014977704913,-0.0271346162459232,-0.023904636050781858,0.9506993386569547
2,2019-09-25 20:00:00+00:00,-0.0364600197415703,-0.0029700051531852,-0.033636437806629386,0.9506993386569547
3,2019-09-24 20:00:00+00:00,-0.1986319856201757,-0.1622519899579952,-0.04437912607133482,0.9506993386569547
4,2019-09-23 20:00:00+00:00,-0.0335472160940813,-0.035664998410539,0.0003594743080194626,0.9506993386569547
0,2019-09-20 20:00:00+00:00,-0.0351009053680057,0.0043891804187631,-0.03927492888237556,0.950980163979255
1,2019-09-19 20:00:00+00:00,-0.0210682965475307,-0.0068193152720549,-0.014583262991885695,0.950980163979255
2,2019-09-18 20:00:00+00:00,0.0440017129003294,-0.0086999098755459,0.05227515462038078,0.950980163979255
3,2019-09-17 20:00:00+00:00,0.0647958864937213,0.0145421854997743,0.05096655654252919,0.950980163979255
4,2019-09-16 20:00:00+00:00,0.0418048648778475,-0.0121331262763811,0.053343227293741406,0.950980163979255
0,2019-09-13 20:00:00+00:00,-0.0159962462924771,-0.0115109184661403,-0.004909210364805846,0.9631756110760485
1,2019-09-12 20:00:00+00:00,-0.0001546794697631,0.026578032177309,-0.02575399185334158,0.9631756110760485
2,2019-09-11 20:00:00+00:00,-0.0252742523677771,0.0058939266887777,-0.030951138807877993,0.9631756110760485
3,2019-09-10 20:00:00+00:00,0.0124043466711274,-0.0291282729230237,0.040459988743350675,0.9631756110760485
4,2019-09-09 20:00:00+00:00,0.0657252543543917,-0.0095238815112554,0.07489842474881099,0.9631756110760485
0,2019-09-06 20:00:00+00:00,0.0123401736382979,-0.0136504826122934,0.02560307510514928,0.9716067807673723
1,2019-09-05 20:00:00+00:00,-0.0542079712309577,-0.0203616474675382,-0.034424456483902785,0.9716067807673723
2,2019-09-04 20:00:00+00:00,-0.01348455446957,0.005512186671652,-0.018840232416602615,0.9716067807673723
3,2019-09-03 20:00:00+00:00,0.0700935882233849,0.11301551463564,-0.03971305212851711,0.9716067807673723
4,2019-08-30 20:00:00+00:00,0.0012045729367192,0.0129770832297522,-0.01140404912389059,0.9716067807673723
0,2019-08-29 20:00:00+00:00,-0.0268135425498086,-0.0181211274946612,-0.009267313731635893,0.968274674042337
1,2019-08-28 20:00:00+00:00,-0.0954082652380143,-0.0553895622760659,-0.041775954879808855,0.968274674042337
2,2019-08-27 20:00:00+00:00,-0.0182611922257323,-0.0163701296468554,-0.002410410277892589,0.968274674042337
3,2019-08-26 20:00:00+00:00,-0.0168502017837309,-0.0076118350396299,-0.009479854691869218,0.968274674042337
4,2019-08-23 20:00:00+00:00,0.0178945424102071,0.0264120995397772,-0.007679624662444429,0.968274674042337
0,2019-08-22 20:00:00+00:00,0.0034619524132906,0.006346128205724,-0.002756517457880639,0.9798840599473523
1,2019-08-21 20:00:00+00:00,-0.0208437285274665,-0.0603365121022635,0.038279057914362015,0.9798840599473523
2,2019-08-20 20:00:00+00:00,-0.0153730902569021,0.0013840832659385,-0.01672933138683511,0.9798840599473523
3,2019-08-19 20:00:00+00:00,0.0094728934224004,0.0191103462024187,-0.0092530302014251,0.9798840599473523
4,2019-08-16 20:00:00+00:00,-0.0074107994206858,0.0369080951991188,-0.04357645358932171,0.9798840599473523
0,2019-08-15 20:00:00+00:00,-0.0078982915520998,-0.0019512201312618,-0.005975383658325381,0.9854899828913345
1,2019-08-14 20:00:00+00:00,-0.0904578676136415,-0.0777909616196521,-0.013795654177990085,0.9854899828913345
2,2019-08-13 20:00:00+00:00,-0.0247731654556003,-0.0526899741217013,0.027152276240139973,0.9854899828913345
3,2019-08-12 20:00:00+00:00,0.0210725829094004,-0.0336448891427242,0.05422928413504452,0.9854899828913345
4,2019-08-09 20:00:00+00:00,-0.0595659383362382,0.0221627302487045,-0.08140708698985927,0.9854899828913345
0,2019-08-08 20:00:00+00:00,-0.0020861470940156,-0.0180185055026783,0.015912818126445943,0.9989155436773681
1,2019-08-07 20:00:00+00:00,-0.0292106451055889,0.0058309203107931,-0.03503524203798419,0.9989155436773681
2,2019-08-06 20:00:00+00:00,-0.0584283757162706,-0.0083195155395583,-0.05011788232794041,0.9989155436773681
3,2019-08-05 20:00:00+00:00,0.0486372847128276,0.1200121130677939,-0.07124468046015753,0.9989155436773681
4,2019-08-02 20:00:00+00:00,-0.0639587090334879,0.0174327147320823,-0.08137251874785835,0.9989155436773681
0,2019-08-01 20:00:00+00:00,0.0163393609362782,0.0338359972490952,-0.01742938309054873,0.9980123765298489
1,2019-07-31 20:00:00+00:00,0.0745068178779643,0.038591609212429,0.03599191425375683,0.9980123765298489
2,2019-07-30 20:00:00+00:00,0.0084957955718752,0.0201297119526926,-0.011593906092892847,0.9980123765298489
3,2019-07-29 20:00:00+00:00,-0.0452826241216727,-0.0503282825108281,0.004945624713624475,0.9980123765298489
4,2019-07-26 20:00:00+00:00,0.0150244278567068,0.0139792591002395,0.0010729542599502585,0.9980123765298489
0,2019-07-25 20:00:00+00:00,-0.0047658216255975,0.0177534462512442,-0.022631138642114475,1.0063013548856707
1,2019-07-24 20:00:00+00:00,4.081420932101682e-05,-0.0557358170768557,0.05612784244942082,1.0063013548856707
2,2019-07-23 20:00:00+00:00,0.004446734313187,0.0,0.004446734313187,1.0063013548856707
3,2019-07-22 20:00:00+00:00,-0.0382061409644151,-0.0262733048850986,-0.01176727866121607,1.0063013548856707
4,2019-07-19 20:00:00+00:00,-0.0381447335023614,-0.0084507545177232,-0.029640727781370342,1.0063013548856707
0,2019-07-18 20:00:00+00:00,0.1100740172917938,0.0772415853938247,0.03348291841604184,0.9915785452259147
1,2019-07-17 20:00:00+00:00,0.1172047489145549,0.0116841562925047,0.10561899021584087,0.9915785452259147
2,2019-07-16 20:00:00+00:00,-0.1396842884528583,-0.1184073794062668,-0.022274071437179327,0.9915785452259147
3,2019-07-15 20:00:00+00:00,-0.1364419641084256,-0.0701119303845646,-0.06692047817471843,0.9915785452259147
4,2019-07-12 20:00:00+00:00,0.0312399645635906,0.0025423742507767,0.028719000802585614,0.9915785452259147
0,2019-07-11 20:00:00+00:00,-0.0571668186675864,-0.0488507720666595,-0.00839117270191675,0.9984621307338329
1,2019-07-10 20:00:00+00:00,-0.0935464435346724,-0.0403855356495744,-0.05322301555917117,0.9984621307338329
2,2019-07-09 20:00:00+00:00,-0.0160424762777827,0.0251486731087728,-0.04115247401509664,0.9984621307338329
3,2019-07-08 20:00:00+00:00,0.0183294928321545,0.0977405082979078,-0.0792607033419824,0.9984621307338329
4,2019-07-05 20:00:00+00:00,-0.0027187867986305,-0.0065602684436317,0.0038313928097839334,0.9984621307338329
0,2019-07-03 20:00:00+00:00,0.0096811553755335,0.0354961844207337,-0.029925999639563845,1.1158144364373537
1,2019-07-02 20:00:00+00:00,0.0140932664238201,0.0566802880837686,-0.04915141728147701,1.1158144364373537
2,2019-07-01 20:00:00+00:00,-0.0455904197920283,-0.1873281234562442,0.16343300471116784,1.1158144364373537
3,2019-06-28 20:00:00+00:00,0.03663067557948,0.1283920257084637,-0.10663100022945965,1.1158144364373537
4,2019-06-27 20:00:00+00:00,-0.1465852699898841,-0.2428666483689733,0.12440884238937075,1.1158144364373537
0,2019-06-26 20:00:00+00:00,0.0188682661191549,0.1953434079992754,-0.21796980819937906,1.2124190764574583
1,2019-06-25 20:00:00+00:00,-0.0070330097664917,0.0457222493380951,-0.06246753708254259,1.2124190764574583
2,2019-06-24 20:00:00+00:00,-0.0224772233215802,0.1017184331525767,-0.14580259210312696,1.2124190764574583
3,2019-06-21 20:00:00+00:00,0.0201499146392712,0.0375488047983802,-0.025374972596462302,1.2124190764574583
4,2019-06-20 20:00:00+00:00,-0.0358325330870738,0.0465692609504422,-0.0922939934399153,1.2124190764574583
0,2019-06-19 20:00:00+00:00,0.036150267969175,0.0103458586847907,0.023392102457171854,1.2331664195992489
1,2019-06-18 20:00:00+00:00,0.0103554927132845,-0.0269994802085021,0.04365034505304382,1.2331664195992489
2,2019-06-17 20:00:00+00:00,0.0343976142827683,0.1043546876879285,-0.09428908230175229,1.2331664195992489
3,2019-06-14 20:00:00+00:00,-0.0130492774069861,0.0197080132033399,-0.03735253748636349,1.2331664195992489
4,2019-06-13 20:00:00+00:00,-0.0495740816179314,0.0103062446051494,-0.06228339637717756,1.2331664195992489
0,2019-06-12 20:00:00+00:00,-0.0026385427627034,0.0347214047787099,-0.04561393388665032,1.2377204032452658
1,2019-06-11 20:00:00+00:00,0.0755197721144738,-0.011292466298172,0.08949668805468082,1.2377204032452658
2,2019-06-10 20:00:00+00:00,0.0905798062399475,0.0,0.0905798062399475,1.2377204032452658
3,2019-06-07 20:00:00+00:00,0.1130695272287265,0.0505384163629613,0.05051709814858489,1.2377204032452658
4,2019-06-06 20:00:00+00:00,0.0025967205257554,-0.0291000164864409,0.038614404665796916,1.2377204032452658
0,2019-06-05 20:00:00+00:00,0.0334881197052545,0.0271334475144002,-0.00041943142967375974,1.2496587879934136
1,2019-06-04 20:00:00+00:00,-0.1165047785210031,-0.125971783903748,0.040916968273522814,1.2496587879934136
2,2019-06-03 20:00:00+00:00,0.0149922878084108,0.012198815230187,-0.00025206884710027994,1.2496587879934136
3,2019-05-31 20:00:00+00:00,-0.0262591666837616,-0.014505621328102,-0.008132089515794243,1.2496587879934136
4,2019-05-30 20:00:00+00:00,-0.0347525445032737,-0.0086034370655564,-0.024001183767352875,1.2496587879934136
0,2019-05-29 20:00:00+00:00,0.0217523659034821,-0.0022818036141143,0.024567266627936304,1.2336297072378983
1,2019-05-28 20:00:00+00:00,0.1350638405808293,0.0806601822223309,0.035559043600139686,1.2336297072378983
2,2019-05-24 20:00:00+00:00,0.1338807093592306,0.0345620325723788,0.09124395923542025,1.2336297072378983
3,2019-05-23 20:00:00+00:00,-0.0280322174907318,-0.0183723888047921,-0.005367492868215279,1.2336297072378983
4,2019-05-22 20:00:00+00:00,-0.0190183946518797,-0.0106151480684601,-0.005923232647898326,1.2336297072378983
0,2019-05-21 20:00:00+00:00,0.013029263405043,0.0251585596361549,-0.01776200077049417,1.223888196337266
1,2019-05-20 20:00:00+00:00,0.044803327476885,0.0871271914549859,-0.061830613724889356,1.223888196337266
2,2019-05-17 20:00:00+00:00,-0.0908624865084476,-0.0928433073682742,0.02276734148849592,1.223888196337266
3,2019-05-16 20:00:00+00:00,-0.0740971094954367,-0.041556366981373,-0.023236762464274578,1.223888196337266
4,2019-05-15 20:00:00+00:00,0.1489802187621162,0.0555872094030167,0.08094768930643617,1.223888196337266
0,2019-05-14 20:00:00+00:00,-0.0178965972312399,-0.0203439947027176,0.007909786105057007,1.268501280766143
1,2019-05-13 20:00:00+00:00,0.15318855236363,0.2225144226366485,-0.12907127773989752,1.268501280766143
2,2019-05-10 20:00:00+00:00,0.05797746825314,0.0491440003469751,-0.004361759128969696,1.268501280766143
3,2019-05-09 20:00:00+00:00,-0.0204507570719091,0.0267798430157213,-0.05442102223606782,1.268501280766143
4,2019-05-08 20:00:00+00:00,-0.0019656767181585,0.0093737371491985,-0.013856274297481975,1.268501280766143
0,2019-05-07 20:00:00+00:00,-0.0344860260701514,0.0172715865086607,-0.05639582514624062,1.268545831913167
1,2019-05-06 20:00:00+00:00,-0.0182603150785584,0.0113886469640085,-0.03270733571588193,1.268545831913167
2,2019-05-03 20:00:00+00:00,0.0668133941418275,0.0524532527591144,0.00027403898396510806,1.268545831913167
3,2019-05-02 20:00:00+00:00,0.0081856718960565,0.0177990647381439,-0.014393257489468571,1.268545831913167
4,2019-05-01 20:00:00+00:00,-0.0076511796133651,0.0114069677933763,-0.022121441062420342,1.268545831913167
0,2019-04-30 20:00:00+00:00,0.0740882268509162,0.0173581986097577,0.052278843059740926,1.256431285382079
1,2019-04-29 20:00:00+00:00,-0.0727774174514611,0.0117418178766831,-0.08753020477898432,1.256431285382079
2,2019-04-26 20:00:00+00:00,-0.009290262174352,-0.0776169939310487,0.08823015727792854,1.256431285382079
3,2019-04-25 20:00:00+00:00,0.0220225766153409,0.0100687349482665,0.00937190302211896,1.256431285382079
4,2019-04-24 20:00:00+00:00,-0.070242733925813,-0.0299070771679307,-0.0326665465176888,1.256431285382079
0,2019-04-23 20:00:00+00:00,-0.0051333575836915,0.0372939990310054,-0.052084715800906706,1.2589520951663267
1,2019-04-22 20:00:00+00:00,-0.0623441309030062,0.0187096196567282,-0.08589864576960926,1.2589520951663267
2,2019-04-18 20:00:00+00:00,0.0326870966466255,0.0123517009765381,0.017136896823344898,1.2589520951663267
3,2019-04-17 20:00:00+00:00,-0.0081370476169737,0.0057526524894498,-0.01537936152133031,1.2589520951663267
4,2019-04-16 20:00:00+00:00,0.0550481161143335,0.0362252041734828,0.009442319422299367,1.2589520951663267
0,2019-04-15 20:00:00+00:00,-0.0332309606246343,-0.0099207162867478,-0.021536332504386815,1.1788088462795066
1,2019-04-12 20:00:00+00:00,0.0008041617682932,-0.0029571238897438,0.004290045569067656,1.1788088462795066
2,2019-04-11 20:00:00+00:00,-0.132807995034708,-0.0638616188625633,-0.05752735378178819,1.1788088462795066
3,2019-04-10 20:00:00+00:00,0.0366779904093391,0.0366754785584065,-0.006555388156844845,1.1788088462795066
4,2019-04-09 20:00:00+00:00,-0.00401847137659,0.0019175461292718,-0.006278891716924624,1.1788088462795066
0,2019-04-08 20:00:00+00:00,-0.006700042519763,0.0381464343513766,-0.05017960251054206,1.1398066616207865
1,2019-04-05 20:00:00+00:00,0.0823369019234254,0.0365522925086412,0.04067435542456459,1.1398066616207865
2,2019-04-04 20:00:00+00:00,-0.1603736791215144,-0.0611719505618161,-0.090649482366819,1.1398066616207865
3,2019-04-03 20:00:00+00:00,0.2653108904870712,0.0747067745668238,0.18015961116760307,1.1398066616207865
4,2019-04-02 20:00:00+00:00,0.1890232555435422,0.1452802851136054,0.023431818768887586,1.1398066616207865
0,2019-04-01 20:00:00+00:00,-0.0110335449408677,0.0121952730938182,-0.024905885953467596,1.1375178649858857
1,2019-03-29 20:00:00+00:00,0.0114013176690398,0.0173271661725035,-0.008308643401762041,1.1375178649858857
2,2019-03-28 20:00:00+00:00,-0.0115000367325465,0.0,-0.0115000367325465,1.1375178649858857
3,2019-03-27 20:00:00+00:00,0.0527800756463026,0.0252857972286731,0.02401702956827635,1.1375178649858857
4,2019-03-26 20:00:00+00:00,-0.0145335332627474,0.0038486256612944,-0.018911413708112897,1.1375178649858857
0,2019-03-25 20:00:00+00:00,-0.0080271091960339,-0.0228726616659914,0.017366289235552335,1.1102074084076903
1,2019-03-22 20:00:00+00:00,0.0050415962871545,0.005037794029957,-0.0005513999669357955,1.1102074084076903
2,2019-03-21 20:00:00+00:00,-0.0152960656179497,-0.0125472160520886,-0.0013660534020290428,1.1102074084076903
3,2019-03-20 20:00:00+00:00,-0.0003924308480102,0.0050000104167058,-0.0059434794547526025,1.1102074084076903
4,2019-03-19 20:00:00+00:00,0.017487181450349,0.0075472056353829,0.009108217841170633,1.1102074084076903
0,2019-03-18 20:00:00+00:00,-0.0032776521727323,0.0152674721307883,-0.020030104943039473,1.0972643425707829
1,2019-03-15 20:00:00+00:00,0.0590984727093795,0.0155041865359652,0.042086281662898864,1.0972643425707829
2,2019-03-14 20:00:00+00:00,0.0027602687941164,0.001302931780416,0.001330608210663658,1.0972643425707829
3,2019-03-13 20:00:00+00:00,-0.0248940962073184,0.0,-0.0248940962073184,1.0972643425707829
4,2019-03-12 20:00:00+00:00,0.0453256310564821,0.0,0.0453256310564821,1.0972643425707829
