,Last Price_btc,Open Price_btc,High Price_btc,Low Price_btc,BTC1 Curncy - Volume,Last Price_brr,Open Price_brr,High Price_brr,Low Price_brr,price_crix,return_btc,return_brr,return_crix
2020-09-04,10480,10730.0,10740.0,10355.0,13711.0,10273.83,10273.83,10273.83,10273.83,29614.3149015081,-0.022642476749759777,-0.05645189302836185,-0.10975355771293888
2020-09-03,10720,11710.0,11710.0,10840.0,15412.0,10870.49,10870.49,10870.49,10870.49,33049.664457623,-0.06675155564393763,-0.04096177605691657,-0.04651363512321924
2020-09-02,11460,12405.0,12405.0,11530.0,17210.0,11325.01,11325.01,11325.01,11325.01,34623.2370885509,-0.05227448825204289,-0.04636523758895043,0.023061181070938176
2020-09-01,12075,12050.0,12450.0,12050.0,8919.0,11862.46,11862.46,11862.46,11862.46,33833.9206146075,0.020075956572689225,0.012073475424192001,-0.00143401410918042
2020-08-31,11835,11735.0,11915.0,11705.0,4865.0,11720.1,11720.1,11720.1,11720.1,33882.4737387499,0.017473276435374302,0.023397685975360964,0.03348364499387261
2020-08-28,11630,11420.0,11700.0,11370.0,7783.0,11449.06,11449.06,11449.06,11449.06,32766.7485297178,0.025251668230967125,0.010991211063896123,-0.015183547919215837
2020-08-27,11340,11620.0,11740.0,11205.0,4740.0,11323.91,11323.91,11323.91,11323.91,33268.0602403644,-0.025251668230966987,-0.012726964298472882,0.0074873987670429284
2020-08-26,11630,11415.0,11715.0,11395.0,2732.0,11468.95,11468.95,11468.95,11468.95,33019.8992067953,0.016471980578921276,0.006092311035717556,-0.029176793317324385
2020-08-25,11440,11935.0,11975.0,11260.0,2883.0,11399.29,11399.29,11399.29,11399.29,33997.5063512139,-0.04277812201280418,-0.03138328534045941,0.0076537235330018235
2020-08-24,11940,11850.0,12015.0,11750.0,2090.0,11762.71,11762.71,11762.71,11762.71,33738.2920793618,0.0067227143948767375,0.0036529324304805885,-0.01381834160680809
2020-08-21,11860,12155.0,12155.0,11770.0,1558.0,11719.82,11719.82,11719.82,11719.82,34207.735318207,-0.01630811806355497,-0.009003850913498954,0.01113005803981934
2020-08-20,12055,11925.0,12110.0,11880.0,734.0,11825.82,11825.82,11825.82,11825.82,33829.1121959551,0.017573674022385504,-0.0020012399325762616,-0.023816405004139528
2020-08-19,11845,12270.0,12295.0,11745.0,1046.0,11849.51,11849.51,11849.51,11849.51,34644.4709497333,-0.028710105882431367,-0.01235093037425848,-0.022734457194753314
2020-08-18,12190,12625.0,12660.0,12015.0,1310.0,11996.77,11996.77,11996.77,11996.77,35441.1155203014,-0.0350630316682434,-0.013986357746635855,0.020297685599405226
2020-08-17,12625,12085.0,12770.0,12025.0,1010.0,12165.74,12165.74,12165.74,12165.74,34728.9945530132,0.047444535280748594,0.03905547586331369,0.020472881117422816
2020-08-14,12040,11900.0,12105.0,11875.0,938.0,11699.76,11699.76,11699.76,11699.76,34025.2206968564,0.028218338937800954,0.015450687937980446,0.028067832107171793
2020-08-13,11705,11765.0,11855.0,11465.0,709.0,11520.38,11520.38,11520.38,11520.38,33083.4845848827,-0.005537820329311236,-0.004335929034004002,0.0158469330639531
2020-08-12,11770,11485.0,11835.0,11340.0,604.0,11570.44,11570.44,11570.44,11570.44,32563.3450126077,0.018868484304382736,-0.0014103601173763366,-0.03505242532465079
2020-08-11,11550,12035.0,12185.0,11325.0,1558.0,11586.77,11586.77,11586.77,11586.77,33725.0098777458,-0.04775891730068647,-0.029207394023206542,0.014237237086184948
2020-08-10,12115,11870.0,12330.0,11815.0,908.0,11930.18,11930.18,11930.18,11930.18,33248.2607644775,0.035710578784512004,0.025264980636922445,-0.0041895151372305876
2020-08-07,11690,11980.0,12180.0,11515.0,1316.0,11632.54,11632.54,11632.54,11632.54,33387.8470514995,-0.03612320515719131,-0.018433756644108883,0.0016614002698185203
2020-08-06,12120,12005.0,12170.0,11855.0,764.0,11848.96,11848.96,11848.96,11848.96,33332.422527308,0.01580074453134367,0.019861807236756037,0.03680412447635743
2020-08-05,11930,11500.0,12035.0,11310.0,1248.0,11615.94,11615.94,11615.94,11615.94,32127.9525861844,0.03844984521840445,0.039690247279492274,0.0017315987504082412
2020-08-04,11480,11625.0,11655.0,11230.0,624.0,11163.93,11163.93,11163.93,11163.93,32072.3680026196,-0.018555009144722044,-0.013094730784909572,0.022403621798659658
2020-08-03,11695,11455.0,11785.0,11260.0,787.0,11311.08,11311.08,11311.08,11311.08,31361.8199444268,-0.00042744176756808513,0.009198686978554138,0.017648804835181827
2020-07-31,11700,11415.0,11850.0,11290.0,1344.0,11207.51,11207.51,11207.51,11207.51,30813.1769920296,0.022472855852058576,0.020398458932637815,0.010006699918978552
2020-07-30,11440,11670.0,11670.0,11145.0,517.0,10981.21,10981.21,10981.21,10981.21,30506.3763673079,-0.007836348329315861,-0.014827767795848695,0.015127364229881996
2020-07-29,11530,11235.0,11620.0,11165.0,494.0,11145.25,11145.25,11145.25,11145.25,30048.3682624494,0.018823055195466867,0.0028528126272334355,0.0005383419104029017
2020-07-28,11315,11485.0,11730.0,11000.0,1311.0,11113.5,11113.5,11113.5,11113.5,30032.1963198823,0.015138312247668552,0.06985995380944401,0.0817598573199373
2020-07-27,11145,9910.0,11275.0,9910.0,1340.0,10363.61,10363.61,10363.61,10363.61,27674.465349941,0.1337236818280764,0.08345305713464012,0.04801881096879562
2020-07-24,9750,9785.0,9795.0,9665.0,104.0,9533.84,9533.84,9533.84,9533.84,26376.9717832745,-0.002560820861673704,0.0036336737628995318,0.012859409132820961
2020-07-23,9775,9535.0,9835.0,9535.0,268.0,9499.26,9499.26,9499.26,9499.26,26039.9510991163,0.025383388205318783,0.01791029240192436,0.022132092101826012
2020-07-22,9530,9545.0,9550.0,9470.0,143.0,9330.64,9330.64,9330.64,9330.64,25469.9632807245,0.0021008411088117938,-0.006784611174161467,0.026147978997085042
2020-07-21,9510,9295.0,9585.0,9295.0,223.0,9394.16,9394.16,9394.16,9394.16,24812.6069390824,0.022329476398088577,0.02430361675080807,-0.009246659595205105
2020-07-20,9300,9350.0,9350.0,9270.0,73.0,9168.6,9168.6,9168.6,9168.6,25043.1046939482,0.00107584733346311,0.002408937159946059,0.009332606876737017
2020-07-17,9290,9240.0,9305.0,9195.0,75.0,9146.54,9146.54,9146.54,9146.54,24810.4744546102,0.0048556879866589525,0.006914983903895596,-0.011197260451804367
2020-07-16,9245,9295.0,9340.0,9140.0,50.0,9083.51,9083.51,9083.51,9083.51,25089.8449723174,-0.0053937563343191665,-0.015750231929914107,-0.004335435152154277
2020-07-15,9295,9415.0,9415.0,9285.0,144.0,9227.71,9227.71,9227.71,9227.71,25198.8565036366,-0.01388911216066715,0.0026650969663860337,0.0032966747062628528
2020-07-14,9425,9305.0,9420.0,9305.0,109.0,9203.15,9203.15,9203.15,9203.15,25115.9208518196,0.004785970315941081,-0.012467659187063624,-0.006400764367242811
2020-07-13,9380,9455.0,9495.0,9345.0,86.0,9318.61,9318.61,9318.61,9318.61,25277.197539474,-0.0005329070203388823,0.015357800014711867,0.006849213928034459
2020-07-10,9385,9350.0,9365.0,9300.0,12.0,9176.59,9176.59,9176.59,9176.59,25104.6601532611,0.0021333341424203877,-0.019929562032185846,-0.020474609665776366
2020-07-09,9365,9535.0,9560.0,9320.0,97.0,9361.31,9361.31,9361.31,9361.31,25623.9664259163,-0.02478376257773877,-0.008065610902474488,0.026553482957015262
2020-07-08,9600,9400.0,9650.0,9400.0,193.0,9437.12,9437.12,9437.12,9437.12,24952.5150092103,0.021053409197832263,0.018086479243261844,-0.008086672262173604
2020-07-07,9400,9495.0,9495.0,9380.0,114.0,9267.97,9267.97,9267.97,9267.97,25155.1158996303,-0.005305052229693229,0.0025875136452163045,0.03889829958005238
2020-07-06,9450,9215.0,9525.0,9215.0,123.0,9244.02,9244.02,9244.02,9244.02,24195.4111134775,0.030622860213983,0.0015253914546779052,-0.012849798606248755
2020-07-02,9165,9405.0,9405.0,9100.0,155.0,9229.93,9229.93,9229.93,9229.93,24508.3233978072,-0.02691228081744742,-9.642078471235942e-05,0.011817810050102134
2020-07-01,9415,9270.0,9470.0,9235.0,171.0,9230.82,9230.82,9230.82,9230.82,24220.3933893521,0.013903967304446652,0.008435600307599609,-0.00535642800679905
2020-06-30,9285,9380.0,9380.0,9230.0,137.0,9153.28,9153.28,9153.28,9153.28,24350.4762615879,-0.0010764263687381775,0.010143832128219794,0.006107296383755007
2020-06-29,9295,9240.0,9295.0,9170.0,117.0,9060.9,9060.9,9060.9,9060.9,24202.2138879391,0.022961996930095402,-0.0025681878640993632,-0.01753743358155719
2020-06-26,9084,9350.0,9445.0,9190.0,1005.0,9084.2,9084.2,9084.2,9084.2,24630.4022949306,-0.021346922554797202,-0.016551678870934523,-0.006242063055522495
2020-06-25,9280,9445.0,9455.0,9200.0,5012.0,9235.81,9235.81,9235.81,9235.81,24784.627660606,-0.0005386480065598942,-0.009406871813539944,-0.030001409463797455
2020-06-24,9285,9780.0,9855.0,9360.0,8255.0,9323.1,9323.1,9323.1,9323.1,25539.4679421513,-0.03959345341975756,-0.03442023598352364,-0.004135748565682855
2020-06-23,9660,9795.0,9890.0,9795.0,3811.0,9649.59,9649.59,9649.59,9649.59,25645.311480326,0.007794271726818703,0.01886360870818082,0.04117525563974221
2020-06-22,9585,9620.0,9815.0,9600.0,5062.0,9469.27,9469.27,9469.27,9469.27,24610.8034453224,0.028573372444055948,0.01002764708789069,-0.012213413300946042
2020-06-19,9315,9500.0,9595.0,9465.0,3481.0,9374.79,9374.79,9374.79,9374.79,24913.228420756,-0.010146949543736529,-0.0031258462434252763,-0.007431797582021474
2020-06-18,9410,9590.0,9645.0,9495.0,2135.0,9404.14,9404.14,9404.14,9404.14,25099.0681979453,0.00907398806740899,-0.0006027442585591257,-0.0033279340526293924
2020-06-17,9325,9680.0,9745.0,9425.0,3206.0,9409.81,9409.81,9409.81,9409.81,25182.7353839103,-0.021745752136231502,-0.009061027533993769,0.00846094826945598
2020-06-16,9530,9620.0,9770.0,9590.0,3436.0,9495.46,9495.46,9495.46,9495.46,24970.5644120856,0.009488737508701453,0.031083270580881495,0.006170165345916021
2020-06-15,9440,9320.0,9625.0,9190.0,5850.0,9204.85,9204.85,9204.85,9204.85,24816.9662512088,-0.002644804503876813,-0.030184542804858893,0.0033656829986406533
2020-06-12,9465,9640.0,9665.0,9545.0,3848.0,9486.93,9486.93,9486.93,9486.93,24733.5806133459,0.01758638450207599,-0.014365697970785135,-0.05750936008496103
2020-06-11,9300,10135.0,10210.0,9320.0,10869.0,9624.2,9624.2,9624.2,9624.2,26197.6894876592,-0.06604947584456991,-0.013075751961826802,0.010691884835892338
2020-06-10,9935,10005.0,10165.0,9915.0,7010.0,9750.87,9750.87,9750.87,9750.87,25919.0788989963,0.01317141635547049,0.004498935277102616,-0.0025489710124336545
2020-06-09,9805,10060.0,10090.0,9900.0,4291.0,9707.1,9707.1,9707.1,9707.1,25985.2301527762,0.0025529756015836565,0.0021450604819742997,0.004680242903207037
2020-06-08,9780,9980.0,10025.0,9975.0,3757.0,9686.3,9686.3,9686.3,9686.3,25863.8971192799,-0.0020429016298002933,-0.0015525350440100153,-0.003415817448442642
2020-06-05,9800,9940.0,9955.0,9940.0,4508.0,9701.35,9701.35,9701.35,9701.35,25952.3945297966,-0.009647193378002801,-0.00527091577718113,0.01088718565447025
2020-06-04,9895,9900.0,10000.0,9900.0,4328.0,9752.62,9752.62,9752.62,9752.62,25671.3785049392,0.024553663174051277,0.020118756426146772,0.011867682164866257
2020-06-03,9655,9790.0,9800.0,9750.0,3179.0,9558.37,9558.37,9558.37,9558.37,25368.5194164056,0.007798323897708526,-0.04683948465433355,-0.053972765601034235
2020-06-02,9580,9880.0,10645.0,9500.0,14048.0,10016.73,10016.73,10016.73,10016.73,26775.3524029286,-0.007280323368125385,0.04646187649936825,0.06572505542037957
2020-06-01,9650,9750.0,9775.0,9705.0,3656.0,9561.98,9561.98,9561.98,9561.98,25072.1262843168,0.018829008152907778,0.012475556968756409,0.001083853480208667
2020-05-29,9470,9535.0,9720.0,9400.0,3864.0,9443.43,9443.43,9443.43,9443.43,25044.9664942626,-0.009458819865323053,-0.0017161228731786325,0.0004700993186860852
2020-05-28,9560,9145.0,9645.0,9130.0,3729.0,9459.65,9459.65,9459.65,9459.65,25033.1956395293,0.03296417553897619,0.03400088958404747,0.07095085083868134
2020-05-27,9250,8915.0,9335.0,8870.0,2554.0,9143.42,9143.42,9143.42,9143.42,23318.6138385452,0.0436412802895369,0.03522948491292669,-0.006707538533488175
2020-05-26,8855,9120.0,9130.0,8695.0,2493.0,8826.91,8826.91,8826.91,8826.91,23475.550078961,-0.044181674790663934,-0.03511682925248945,-0.01722645998525677
2020-05-22,9255,9220.0,9370.0,9045.0,595.0,9142.39,9142.39,9142.39,9142.39,23883.4539860899,0.009772064733792522,0.0009498744975827246,-0.028084816509926894
2020-05-21,9165,9655.0,9680.0,8900.0,1506.0,9133.71,9133.71,9133.71,9133.71,24563.7243293897,-0.05052922733078596,-0.06798912460465396,-0.030046475082066395
2020-05-20,9640,9785.0,9975.0,9380.0,843.0,9776.3,9776.3,9776.3,9776.3,25312.9775013739,-0.012883455706188004,0.008056877899175838,0.0006169857224340564
2020-05-19,9765,9825.0,10040.0,9590.0,695.0,9697.85,9697.85,9697.85,9697.85,25297.3645726356,-0.00663436983043298,0.00016602996105508823,0.010423334610058711
2020-05-18,9830,9800.0,10125.0,9630.0,1001.0,9696.24,9696.24,9696.24,9696.24,25035.0511422071,0.03889523204865436,0.012195254112328767,-0.005420933352085377
2020-05-15,9455,9955.0,9970.0,9245.0,880.0,9578.71,9578.71,9578.71,9578.71,25171.1329980029,-0.03736812561800353,-0.013311558611369172,0.08417707676321973
2020-05-14,9815,9530.0,10125.0,9435.0,642.0,9707.07,9707.07,9707.07,9707.07,23139.0286825909,0.05121286219854523,0.06406372228732529,0.0017878743143531213
2020-05-13,9325,8905.0,9450.0,8905.0,762.0,9104.7,9104.7,9104.7,9104.7,23097.6959674101,0.04328257064147153,0.027409927077100014,0.020817085650756854
2020-05-12,8930,8720.0,9105.0,8655.0,704.0,8858.53,8858.53,8858.53,8858.53,22621.839409768,0.00956406727665919,-0.0038003988100746805,-0.03195855917775851
2020-05-11,8845,8860.0,9280.0,8315.0,1491.0,8892.26,8892.26,8892.26,8892.26,23356.4772611085,-0.13169250675376898,-0.11258225227427011,-0.10140337421432666
2020-05-08,10090,10120.0,10275.0,9920.0,628.0,9951.9,9951.9,9951.9,9951.9,25849.1500057328,0.0029776696939245338,0.04467856088198736,0.07239304462477475
2020-05-07,10060,9455.0,10145.0,9185.0,1060.0,9517.05,9517.05,9517.05,9517.05,24043.9804960512,0.06945449463312102,0.030545708184012525,0.010076271241941827
2020-05-06,9385,9140.0,9530.0,9025.0,663.0,9230.74,9230.74,9230.74,9230.74,23802.9233450222,0.039668335963939906,0.040086543950553326,0.013388930739855864
2020-05-05,9020,9075.0,9225.0,8885.0,412.0,8868.03,8868.03,8868.03,8868.03,23486.351660261,0.006116227017436054,0.0052607511122919354,-0.007352245738424994
2020-05-04,8965,9050.0,9060.0,8625.0,314.0,8821.5,8821.5,8821.5,8821.5,23659.66543117,0.012910648037258032,0.004966116812816338,0.026741267273461926
2020-05-01,8850,8850.0,9135.0,8725.0,494.0,8777.8,8777.8,8777.8,8777.8,23035.3605488184,-0.011236073266925842,-0.00801988608327883,0.11876241275347273
2020-04-30,8950,8900.0,9585.0,8520.0,734.0,8848.48,8848.48,8848.48,8848.48,20455.8322561696,0.010106767669774384,0.060993467859186454,0.10704158517760667
2020-04-29,8860,7810.0,9085.0,7805.0,1535.0,8324.91,8324.91,8324.91,8324.91,18379.3261211184,0.129347959331028,0.07369585581689958,0.0026148246932933493
2020-04-28,7785,7835.0,7875.0,7760.0,639.0,7733.46,7733.46,7733.46,7733.46,18331.3301831596,-0.0012836972237782198,0.006824849123311516,0.008668287940220069
2020-04-27,7795,7700.0,7910.0,7680.0,480.0,7680.86,7680.86,7680.86,7680.86,18173.1156500445,0.024019330636145326,0.029060830984440355,0.0419412491054047
2020-04-24,7610,7715.0,7720.0,7500.0,695.0,7460.86,7460.86,7460.86,7460.86,17426.6752183605,-0.00654881187890544,-0.004183781933680507,0.035458512439526836
2020-04-23,7660,7200.0,7855.0,7130.0,1128.0,7492.14,7492.14,7492.14,7492.14,16819.5782240761,0.06750200277994564,0.05446979818325464,0.040011753963214845
2020-04-22,7160,6870.0,7235.0,6840.0,264.0,7094.96,7094.96,7094.96,7094.96,16159.8831848999,0.035540343192975714,0.035279096477203134,-0.0018008178965188421
2020-04-21,6910,6895.0,6975.0,6830.0,174.0,6849.02,6849.02,6849.02,6849.02,16189.0104102878,0.012377296708555054,-0.029521860550313986,-0.038893757049037116
2020-04-20,6825,7240.0,7290.0,6800.0,127.0,7054.23,7054.23,7054.23,7054.23,16831.0669069121,-0.043017385083690816,0.0009261144349355447,0.013048139159433463
2020-04-17,7125,7200.0,7280.0,7075.0,120.0,7047.7,7047.7,7047.7,7047.7,16612.8793699798,-0.00420168685369997,0.005240947056493308,0.06576725654311373
2020-04-16,7155,6750.0,7235.0,6490.0,195.0,7010.86,7010.86,7010.86,7010.86,15555.4491307128,0.05752844159625195,0.03935000664895446,-0.03257926894658962
2020-04-15,6755,6945.0,6975.0,6725.0,51.0,6740.34,6740.34,6740.34,6740.34,16070.5800225638,-0.030614635819606863,-0.027192290707728838,-0.0017195279490597613
2020-04-14,6965,6860.0,7010.0,6820.0,109.0,6926.14,6926.14,6926.14,6926.14,16098.2376062495,0.020305266160745523,0.03027254232685534,-0.007394082377588159
2020-04-13,6825,7145.0,7175.0,6595.0,408.0,6719.61,6719.61,6719.61,6719.61,16217.710452957,-0.07614670884357022,-0.08642957679912515,-0.05561985571350929
2020-04-09,7365,7500.0,7500.0,7200.0,101.0,7326.22,7326.22,7326.22,7326.22,17145.2940859839,-0.008113634774169775,0.009865297437236553,0.019659456862441527
2020-04-08,7425,7380.0,7545.0,7340.0,220.0,7254.3,7254.3,7254.3,7254.3,16811.5185891209,-0.0006731740409044372,-0.00808243579385893,-0.014022166180739957
2020-04-07,7430,7415.0,7560.0,7320.0,447.0,7313.17,7313.17,7313.17,7313.17,17048.9129987419,0.0020208831397723103,0.029200430929419305,0.08065909765725048
2020-04-06,7415,6870.0,7420.0,6870.0,125.0,7102.71,7102.71,7102.71,7102.71,15727.7607301145,0.077068936369961,0.04201233077975718,-0.0008229613387554087
2020-04-03,6865,6975.0,7150.0,6695.0,166.0,6810.49,6810.49,6810.49,6810.49,15740.7093965357,-0.010145014546860539,0.014964975553759242,0.04362400874626261
2020-04-02,6935,6520.0,7385.0,6510.0,305.0,6709.33,6709.33,6709.33,6709.33,15068.7988220092,0.1031999098479205,0.07162508146501725,0.023371245105594393
2020-04-01,6255,6510.0,6510.0,6230.0,48.0,6245.58,6245.58,6245.58,6245.58,14720.7057597614,-0.043025799369465274,-0.034920260080362,0.004581159861122833
2020-03-31,6530,6535.0,6565.0,6410.0,134.0,6467.53,6467.53,6467.53,6467.53,14653.4220897053,0.01621031250705614,0.021555650761173235,0.06985395609525237
2020-03-30,6425,5980.0,6580.0,5900.0,193.0,6329.61,6329.61,6329.61,6329.61,13664.7557054757,-0.034119426771863526,-0.049131584827930924,-0.11939167938950344
2020-03-27,6648,6790.0,6945.0,6670.0,464.0,6648.36,6648.36,6648.36,6648.36,15397.5995088426,-0.004053146733166129,0.005868251587544592,0.01439058356803903
2020-03-26,6675,6730.0,6870.0,6600.0,3497.0,6609.46,6609.46,6609.46,6609.46,15177.6057819276,0.006764400088542063,-0.006284808920202414,-0.007234391306940324
2020-03-25,6630,6850.0,7025.0,6635.0,5175.0,6651.13,6651.13,6651.13,6651.13,15287.8046515112,-0.014227121290131687,0.010733782791208258,0.038312307869557215
2020-03-24,6725,6470.0,6905.0,6470.0,7837.0,6580.12,6580.12,6580.12,6580.12,14713.1716189356,0.06528229209041578,0.055469901394461354,0.09167047787480805
2020-03-23,6300,6065.0,6695.0,5820.0,8329.0,6225.06,6225.06,6225.06,6225.06,13424.3825020612,0.01438873745209967,-0.0592923040875219,-0.05819885069750872
2020-03-20,6210,6320.0,7000.0,5925.0,6787.0,6605.32,6605.32,6605.32,6605.32,14228.848580753,-0.004819286435948883,0.11233676524555543,0.13565795209393913
2020-03-19,6240,5450.0,6465.0,5360.0,8961.0,5903.46,5903.46,5903.46,5903.46,12423.7944586987,0.1557545294092328,0.10972793529555674,-0.0010928974932345895
2020-03-18,5340,5365.0,5455.0,5040.0,8746.0,5289.96,5289.96,5289.96,5289.96,12437.3798148677,-0.0074627212015896,-0.005897553755277829,0.0615600060536182
2020-03-17,5380,4875.0,5500.0,4875.0,6875.0,5321.25,5321.25,5321.25,5321.25,11694.8249648417,0.08734938611909432,0.04981225080409575,-0.07265142632346218
2020-03-16,4930,5865.0,5865.0,4475.0,14879.0,5062.68,5062.68,5062.68,5062.68,12576.0958784665,-0.07801225012315444,-0.03200464411052172,0.06981124744166664
2020-03-13,5330,5850.0,5965.0,4270.0,15531.0,5227.33,5227.33,5227.33,5227.33,11728.0875732524,-0.12007351036936305,-0.15228757441352478,-0.44664393429464794
2020-03-12,6010,7785.0,7785.0,5820.0,16034.0,6087.2,6087.2,6087.2,6087.2,18331.6769891149,-0.26772552316046827,-0.24703383936521514,-0.0024410487141093436
2020-03-11,7855,8170.0,8170.0,7760.0,3910.0,7792.97,7792.97,7792.97,7792.97,18376.4801667788,-0.01766607457833305,-0.018169683452541753,0.00035577195929161886
2020-03-10,7995,8050.0,8300.0,7945.0,5067.0,7935.86,7935.86,7935.86,7935.86,18369.9434932765,0.018302814491600594,0.03034154418215251,-0.012433771527561104
2020-03-09,7850,8815.0,8815.0,7875.0,9510.0,7698.69,7698.69,7698.69,7698.69,18599.7770616962,-0.15487834949735121,-0.1642153111461182,-0.11840702448964799
2020-03-06,9165,9490.0,9505.0,9405.0,1827.0,9072.66,9072.66,9072.66,9072.66,20937.8100787436,-0.003267976764616111,0.0015564325655525518,0.02909068137907022
2020-03-05,9195,9510.0,9515.0,9430.0,3734.0,9058.55,9058.55,9058.55,9058.55,20337.4891251844,0.048463953107984264,0.03798661949217312,-0.0011074974591259816
2020-03-04,8760,9150.0,9215.0,9035.0,1842.0,8720.9,8720.9,8720.9,8720.9,20360.0253198012,-0.0011409014357915558,-0.00447231979096427,-0.01793883591919802
2020-03-03,8770,9155.0,9200.0,9065.0,2956.0,8759.99,8759.99,8759.99,8759.99,20728.5560971263,-0.02310612799025091,-0.0061386610825242965,0.04313338783282312
2020-03-02,8975,8830.0,9225.0,8830.0,2157.0,8813.93,8813.93,8813.93,8813.93,19853.4715969029,0.031119908713804472,0.017273495904850493,-0.028213946756932107
2020-02-28,8700,8855.0,8965.0,8480.0,3889.0,8662.99,8662.99,8662.99,8662.99,20421.5931773223,-0.027771691300144393,-0.023502121821504438,-0.0005973592722515785
2020-02-27,8945,8800.0,9055.0,8575.0,2186.0,8869.0,8869.0,8869.0,8869.0,20433.7958496878,0.006730255354067889,-0.015297880617560171,-0.068418587215447
2020-02-26,8885,9510.0,9530.0,8705.0,2011.0,9005.72,9005.72,9005.72,9005.72,21880.7832975396,-0.06006171721389889,-0.042867843206932175,-0.03789541845010544
2020-02-25,9435,9815.0,9850.0,9385.0,1538.0,9400.17,9400.17,9400.17,9400.17,22725.8761793628,-0.032328154139010586,-0.03479028948731857,-0.03413100589316232
2020-02-24,9745,10010.0,10220.0,9640.0,1636.0,9732.96,9732.96,9732.96,9732.96,23514.9220611661,-0.01426412366305612,0.0015845346188064064,0.04141772505696378
2020-02-21,9885,9785.0,9950.0,9745.0,267.0,9717.55,9717.55,9717.55,9717.55,22560.8809688257,0.012726056197579123,0.013355507539883732,-0.007242033929981368
2020-02-20,9760,9880.0,9880.0,9560.0,441.0,9588.63,9588.63,9588.63,9588.63,22724.8606909608,-0.06303252088497512,-0.05599577175166125,-0.058037099337473294
2020-02-19,10395,10470.0,10705.0,9455.0,742.0,10140.87,10140.87,10140.87,10140.87,24082.769087843,-0.0019221534029590186,0.0322789518182417,0.04644109138052766
2020-02-18,10415,10255.0,10455.0,9660.0,2045.0,9818.76,9818.76,9818.76,9818.76,22989.9121557425,-0.024657484401752916,-0.04411588053454815,-0.056737137577806164
2020-02-14,10675,10545.0,10795.0,10425.0,456.0,10261.62,10261.62,10261.62,10261.62,24332.0072730865,0.017482136706482476,-0.0011521754061419494,-0.003353889595149691
2020-02-13,10490,10690.0,10880.0,10425.0,486.0,10273.45,10273.45,10273.45,10273.45,24413.7511424401,-0.022621134234401333,-0.00606811463230814,0.024672907981928772
2020-02-12,10730,10535.0,10820.0,10520.0,363.0,10335.98,10335.98,10335.98,10335.98,23818.7631322796,0.013605652055778678,0.030228890612893817,0.034627558411571786
2020-02-11,10585,10110.0,10725.0,9975.0,678.0,10028.21,10028.21,10028.21,10028.21,23008.0942647001,0.046902480739614755,0.01292696203592131,-0.022358495720020532
2020-02-10,10100,10415.0,10485.0,9870.0,387.0,9899.41,9899.41,9899.41,9899.41,23528.3146429592,0.011952333523841173,0.010958454444411599,0.04425374107996993
2020-02-07,9980,9935.0,10170.0,9910.0,343.0,9791.52,9791.52,9791.52,9791.52,22509.8014242247,-0.004498882869260241,-0.00040945421143302426,0.017843227705745007
2020-02-06,10025,9915.0,10130.0,9810.0,703.0,9795.53,9795.53,9795.53,9795.53,22111.7160377383,0.008514952524150188,0.035536884638057105,0.051843392597519966
2020-02-05,9940,9340.0,10020.0,9335.0,498.0,9453.54,9453.54,9453.54,9453.54,20994.5779789395,0.06012173017898199,0.029338105047151133,-0.010261410002568971
2020-02-04,9360,9450.0,9490.0,9240.0,199.0,9180.22,9180.22,9180.22,9180.22,21211.121070033,-0.015898586067798273,-0.012812681706022951,-0.0001061492056383671
2020-02-03,9510,9565.0,9895.0,9400.0,274.0,9298.6,9298.6,9298.6,9298.6,21213.3727331893,-0.002625362495083499,0.002257724942851134,-0.013134709378620203
2020-01-31,9535,9780.0,9785.0,9430.0,177.0,9277.63,9277.63,9277.63,9277.63,21493.8421287631,-0.028942588676042033,-0.008119888528695308,0.029510198770506348
2020-01-30,9815,9490.0,9825.0,9420.0,274.0,9353.27,9353.27,9353.27,9353.27,20868.8221645479,0.020067563050809173,0.006807914261150054,-0.0026860692065121166
2020-01-29,9620,9315.0,9670.0,9315.0,344.0,9289.81,9289.81,9289.81,9289.81,20924.9526165313,0.03652165618411625,0.03127139006984765,0.04347182310612328
2020-01-28,9275,9090.0,9405.0,9090.0,352.0,9003.8,9003.8,9003.8,9003.8,20034.795338227,0.010840214552864807,0.02770540411694439,0.031313027158473776
2020-01-27,9175,8740.0,9160.0,8730.0,324.0,8757.77,8757.77,8757.77,8757.77,19417.165640398,0.06297752396074098,0.033620973235031985,0.02452508235242076
2020-01-24,8615,8515.0,8650.0,8385.0,152.0,8468.22,8468.22,8468.22,8468.22,18946.7501222225,0.01520497129370341,0.015176784220416451,-0.036323127729298126
2020-01-23,8485,8830.0,8830.0,8410.0,235.0,8340.67,8340.67,8340.67,8340.67,19647.6069472157,-0.039288704133170815,-0.03437785878277867,-0.00578858030000601
2020-01-22,8825,8905.0,8975.0,8765.0,100.0,8632.39,8632.39,8632.39,8632.39,19761.6685064856,-0.0045223367068106994,-0.0023985418929858655,0.011107472114033116
2020-01-21,8865,8810.0,8940.0,8635.0,266.0,8653.12,8653.12,8653.12,8653.12,19543.3808807629,-0.023412440624743232,-0.018661914382073708,-0.003239968183433735
2020-01-17,9075,8920.0,9210.0,8915.0,150.0,8816.12,8816.12,8816.12,8816.12,19606.8035011684,0.016106985262506777,0.015384083513053494,-0.00955366874873336
2020-01-16,8930,8970.0,8975.0,8790.0,142.0,8681.53,8681.53,8681.53,8681.53,19795.0180451768,-0.012795723958850832,-0.011859324193432793,-0.002152867988260099
2020-01-15,9045,9135.0,9175.0,8835.0,259.0,8785.1,8785.1,8785.1,8785.1,19837.6800121672,0.01223597023586708,0.010349210636450334,0.110316283067828
2020-01-14,8935,8415.0,9125.0,8415.0,458.0,8694.65,8694.65,8694.65,8694.65,17765.6510566839,0.07011269243264004,0.07419512060984478,-0.005772696026268081
2020-01-13,8330,8350.0,8365.0,8235.0,100.0,8072.9,8072.9,8072.9,8072.9,17868.5033418109,0.011470092549147739,0.005887554968606685,0.05305503217402931
2020-01-10,8235,7980.0,8295.0,7850.0,138.0,8025.51,8025.51,8025.51,8025.51,16945.1988655536,0.0308285819626278,0.015683980992483415,-0.024814162142408742
2020-01-09,7985,8210.0,8210.0,7910.0,42.0,7900.62,7900.62,7900.62,7900.62,17370.9401388683,-0.02961351498445986,-0.0489732553995783,-0.013508233334200528
2020-01-08,8225,8350.0,8665.0,8055.0,166.0,8297.17,8297.17,8297.17,8297.17,17607.1828701642,-0.015083242211328476,0.06053513747666193,0.035333176213755375
2020-01-07,8350,7910.0,8365.0,7910.0,315.0,7809.8,7809.8,7809.8,7809.8,16995.9275622405,0.07974335128752592,0.03672338591750497,0.05709342899220365
2020-01-06,7710,7510.0,7750.0,7480.0,349.0,7528.2,7528.2,7528.2,7528.2,16052.7525161215,0.03363323935853628,0.034976709718853236,0.05742944392610748
2020-01-03,7455,7050.0,7550.0,6955.0,119.0,7269.44,7269.44,7269.44,7269.44,15156.8244197241,0.05727677804675061,0.02158225607339102,-0.0322381550901149
2020-01-02,7040,7280.0,7280.0,7020.0,60.0,7114.23,7114.23,7114.23,7114.23,15653.4140345525,-0.03420926947721713,-0.010051600922849548,-0.006474452022175916
2019-12-31,7285,7345.0,7420.0,7260.0,72.0,7186.1,7186.1,7186.1,7186.1,15755.0901059498,-0.01363347633617498,-0.010167861405599415,-0.01971122061227443
2019-12-30,7385,7490.0,7545.0,7350.0,47.0,7259.54,7259.54,7259.54,7259.54,16068.7230522494,0.024814488669633455,0.007705025065048054,0.03205766972612189
2019-12-27,7204,7325.0,7370.0,7245.0,614.0,7203.82,7203.82,7203.82,7203.82,15561.7665730169,-0.006365041552873781,-0.0011071325153020808,0.002344986910000177
2019-12-26,7250,7320.0,7570.0,7315.0,4302.0,7211.8,7211.8,7211.8,7211.8,15525.3171874755,0.0020711087831363196,-0.008502534450190256,-0.016929160459220317
2019-12-24,7235,7445.0,7530.0,7350.0,3521.0,7273.38,7273.38,7273.38,7273.38,15790.385131604,-0.02390007922454828,-0.040632243547212024,-0.018275484494135213
2019-12-23,7410,7560.0,7815.0,7480.0,7852.0,7575.0,7575.0,7575.0,7575.0,16081.6151493748,0.024591403137322113,0.05525318277054062,0.04013134964086095
2019-12-20,7230,7280.0,7335.0,7205.0,2478.0,7167.81,7167.81,7167.81,7167.81,15449.0166439688,0.009030974890538092,0.0041381239840796065,-0.015861084907779162
2019-12-19,7165,7455.0,7515.0,7175.0,4596.0,7138.21,7138.21,7138.21,7138.21,15696.0084093441,0.004195810351335524,0.049450141145694695,0.08401358400254814
2019-12-18,7135,6660.0,7290.0,6500.0,11821.0,6793.81,6793.81,6793.81,6793.81,14431.2046926301,0.080977505591574,0.009656694869371268,-0.05288301966213289
2019-12-17,6580,6935.0,6985.0,6640.0,5979.0,6728.52,6728.52,6728.52,6728.52,15214.9100932639,-0.041672696400568074,-0.0520635237439707,-0.038063987979622134
2019-12-16,6860,7335.0,7335.0,6905.0,7720.0,7088.11,7088.11,7088.11,7088.11,15805.213630643,-0.05736085528445232,-0.02127843799340137,-0.011526394078546694
2019-12-13,7265,7360.0,7415.0,7315.0,3653.0,7240.55,7240.55,7240.55,7240.55,15988.4447196804,0.0,0.011036362776643232,0.0029694617387036044
2019-12-12,7265,7365.0,7465.0,7280.0,4522.0,7161.08,7161.08,7161.08,7161.08,15941.0380657812,0.012465535376561494,-0.003308267614349703,-0.007087390190114549
2019-12-11,7175,7415.0,7415.0,7335.0,2979.0,7184.81,7184.81,7184.81,7184.81,16054.419738058,-0.005559430580149426,-0.011180429810955454,-0.01476088285899135
2019-12-10,7215,7520.0,7520.0,7360.0,3362.0,7265.59,7265.59,7265.59,7265.59,16293.1547825035,-0.014448135747386041,-0.03189483887720293,-0.02021778961619139
2019-12-09,7320,7700.0,7790.0,7585.0,3527.0,7501.06,7501.06,7501.06,7501.06,16625.9189005953,-0.018945086242449304,0.014472864366932599,0.018763896956799576
2019-12-06,7460,7535.0,7570.0,7535.0,3514.0,7393.28,7393.28,7393.28,7393.28,16316.8605092554,0.005376357036380496,0.0053678916007196134,0.019621652528250804
2019-12-05,7420,7355.0,7555.0,7340.0,4442.0,7353.7,7353.7,7353.7,7353.7,15999.8173691366,0.027324104274554176,-0.015765036357710066,-0.010824876008424801
2019-12-04,7220,7315.0,8055.0,7270.0,8673.0,7470.55,7470.55,7470.55,7470.55,16173.9542127723,-0.01648388972168937,0.01734644305019648,-0.0036183221876077754
2019-12-03,7340,7480.0,7540.0,7405.0,1711.0,7342.08,7342.08,7342.08,7342.08,16232.5827947462,0.0006814310314791943,0.0041641562460464675,-0.013151849414592943
2019-12-02,7335,7580.0,7580.0,7420.0,4334.0,7311.57,7311.57,7311.57,7311.57,16447.4813383199,-0.061466322100601024,-0.06154417512551494,-0.0031119458767660943
2019-11-29,7800,7540.0,7930.0,7365.0,4898.0,7775.69,7775.69,7775.69,7775.69,16498.7447331385,0.02269141120207067,0.06677421790069714,0.03164761401656348
2019-11-27,7625,7170.0,7745.0,6845.0,2970.0,7273.43,7273.43,7273.43,7273.43,15984.7746882925,0.06782259633876109,0.027132056441528888,0.01051515770436981
2019-11-26,7125,7220.0,7365.0,7040.0,721.0,7078.74,7078.74,7078.74,7078.74,15817.5728788757,-0.00908144557824115,-0.02109331663377612,0.01757937023859559
2019-11-25,7190,7035.0,7390.0,6530.0,1227.0,7229.64,7229.64,7229.64,7229.64,15541.9397358018,-0.022689182320445478,0.01779027926763028,-0.09139185271367531
2019-11-22,7355,7655.0,7755.0,6810.0,1318.0,7102.16,7102.16,7102.16,7102.16,17029.2765352013,-0.034739632293724294,-0.06521977185009586,-0.059177123488966824
2019-11-21,7615,8150.0,8175.0,7425.0,606.0,7580.8,7580.8,7580.8,7580.8,18067.4347999517,-0.06789794090564616,-0.06753215270120631,-0.006098994016011071
2019-11-20,8150,8155.0,8295.0,8080.0,564.0,8110.43,8110.43,8110.43,8110.43,18177.9646946429,0.0,0.00286090372187944,-0.011874490139748324
2019-11-19,8150,8255.0,8265.0,8080.0,371.0,8087.26,8087.26,8087.26,8087.26,18395.1054234304,-0.013406660280115385,-0.03989695203589602,-0.037723409095575304
2019-11-18,8260,8590.0,8595.0,8095.0,601.0,8416.44,8416.44,8416.44,8416.44,19102.2862860154,-0.0339217290346675,-0.004884421255408956,-0.017733356374146934
2019-11-15,8545,8690.0,8855.0,8425.0,359.0,8457.65,8457.65,8457.65,8457.65,19444.0553361171,-0.022563873099889893,-0.01798071144670762,-0.013626490361418582
2019-11-14,8740,8870.0,8870.0,8685.0,109.0,8611.1,8611.1,8611.1,8611.1,19710.8229944041,-0.012507269352394008,-0.013721319447301313,-0.00045876484829789033
2019-11-13,8850,8875.0,8905.0,8785.0,39.0,8730.07,8730.07,8730.07,8730.07,19719.8677016632,-0.004509590505975038,0.009255686566365806,0.005480768827643102
2019-11-12,8890,8735.0,8960.0,8630.0,138.0,8649.64,8649.64,8649.64,8649.64,19612.0833059663,0.009607307577643645,-0.0072996093782047074,-0.028475036043633644
2019-11-11,8805,9185.0,9195.0,8675.0,222.0,8713.01,8713.01,8713.01,8713.01,20178.5651037229,-0.011854499534548481,-0.0038237328511347025,-0.01355750955410625
2019-11-08,8910,9370.0,9380.0,8785.0,310.0,8746.39,8746.39,8746.39,8746.39,20453.9990733858,-0.04337764861149611,-0.050917811875681035,-0.01657522179369607
2019-11-07,9305,9530.0,9535.0,9210.0,141.0,9203.27,9203.27,9203.27,9203.27,20795.8539783562,-0.014933610859258813,-0.015135972013500766,0.008019393468477076
2019-11-06,9445,9520.0,9600.0,9410.0,37.0,9343.63,9343.63,9343.63,9343.63,20629.7507565201,-0.007383999794639915,-0.0020399507992076137,-0.0011312859780478466
2019-11-05,9515,9600.0,9660.0,9015.0,228.0,9362.71,9362.71,9362.71,9362.71,20653.1021103207,-0.014088414602781728,0.006408598990366522,0.018980145108595126
2019-11-04,9650,9320.0,9860.0,9270.0,366.0,9302.9,9302.9,9302.9,9302.9,20264.7999083472,0.03425894982101534,0.017417466015720307,0.005002155864159911
2019-11-01,9325,9250.0,9435.0,9210.0,125.0,9142.27,9142.27,9142.27,9142.27,20163.6853269348,-0.005347606326595242,-0.011104922341591678,-0.0013661030004504195
2019-10-31,9375,9305.0,9560.0,9105.0,82.0,9244.36,9244.36,9244.36,9244.36,20191.2498216427,0.003740319615723177,0.019164863344801834,-0.02577855165706434
2019-10-30,9340,9610.0,9610.0,9150.0,108.0,9068.88,9068.88,9068.88,9068.88,20718.5179033022,-0.006935210512242431,-0.030913592552263884,0.02524071982064941
2019-10-29,9405,9665.0,9740.0,9245.0,234.0,9353.61,9353.61,9353.61,9353.61,20202.112239429,-0.020000666706669543,-0.0029122762049627817,-0.02497691368206089
2019-10-28,9595,9740.0,10115.0,9430.0,738.0,9380.89,9380.89,9380.89,9380.89,20713.0529519724,0.08819640782060278,0.20025172800119662,0.2202661984168633
2019-10-25,8785,7495.0,8940.0,7485.0,760.0,7678.49,7678.49,7678.49,7678.49,16618.1900324243,0.15415067982725836,0.025365594963769528,-0.003180030112926043
2019-10-24,7530,7500.0,7540.0,7415.0,228.0,7486.17,7486.17,7486.17,7486.17,16671.1204927733,-0.0006637902666566221,0.0011253736839860738,-0.07151787833441389
2019-10-23,7535,8210.0,8210.0,7325.0,463.0,7477.75,7477.75,7477.75,7477.75,17907.0732595987,-0.0948878188000674,-0.09518312817103886,-0.020308776091930273
2019-10-22,8285,8350.0,8350.0,8235.0,21.0,8224.48,8224.48,8224.48,8224.48,18274.4619812742,-0.0030129579888305944,-0.0026580307498362404,0.0008898855079438541
2019-10-21,8310,8355.0,8430.0,8280.0,70.0,8246.37,8246.37,8246.37,8246.37,18258.2070359844,0.03240882842301037,0.040524584638826334,0.01069992879015835
2019-10-18,8045,8185.0,8185.0,7930.0,147.0,7918.87,7918.87,7918.87,7918.87,18063.8869801902,-0.01358045562863068,-0.01657387181461852,0.013316994126263602
2019-10-17,8155,8120.0,8205.0,8025.0,42.0,8051.21,8051.21,8051.21,8051.21,17824.9249627651,0.014202152882102222,0.010441582644319722,-0.021806575377491304
2019-10-16,8040,8290.0,8290.0,8015.0,120.0,7967.58,7967.58,7967.58,7967.58,18217.8946216327,-0.03001756768765121,-0.04033841839768375,-0.019716070263523996
2019-10-15,8285,8470.0,8470.0,8260.0,7.0,8295.55,8295.55,8295.55,8295.55,18580.6441590359,-0.022083857785436815,0.0019173216952060783,0.00946791740084846
2019-10-14,8470,8400.0,8470.0,8385.0,15.0,8279.66,8279.66,8279.66,8279.66,18405.5543308395,0.0005904930788644295,-0.005570434449853615,-0.02939756043630323
2019-10-11,8465,8630.0,8815.0,8400.0,38.0,8325.91,8325.91,8325.91,8325.91,18954.6644300406,-0.02795755763505367,-0.021582840766711103,-0.005715720101344439
2019-10-10,8705,8705.0,8780.0,8570.0,94.0,8507.56,8507.56,8507.56,8507.56,19063.314196571,-0.004012616447291686,0.014757684580457316,0.046630311341062596
2019-10-09,8740,8300.0,8865.0,8265.0,178.0,8382.93,8382.93,8382.93,8382.93,18194.7929966913,0.05527568063184419,0.022603731004792557,0.0004054439065344911
2019-10-08,8270,8345.0,8460.0,8250.0,86.0,8195.57,8195.57,8195.57,8195.57,18187.4175240114,-0.00722894714315143,0.004923289350104916,0.04175557975015427
2019-10-07,8330,8095.0,8400.0,7880.0,105.0,8155.32,8155.32,8155.32,8155.32,17443.628105359,0.00481348703154772,-0.0012891242358853668,-0.032464290177719714
2019-10-04,8290,8165.0,8275.0,8130.0,7.0,8165.84,8165.84,8165.84,8165.84,18019.2155777596,0.005443013135641363,0.00233806959000289,-0.02056771214098407
2019-10-03,8245,8340.0,8340.0,8180.0,33.0,8146.77,8146.77,8146.77,8146.77,18393.6672233095,-0.01325320603579477,-0.010640677808801015,0.0
2019-10-02,8355,8415.0,8415.0,8280.0,33.0,8233.92,8233.92,8233.92,8233.92,18393.6672233095,-0.005371543801910877,-0.015381609121447714,0.008989333184199162
2019-10-01,8400,8370.0,8635.0,8320.0,67.0,8361.55,8361.55,8361.55,8361.55,18229.0613770139,-0.0005950610113109561,0.02546025890240748,0.031633438583273436
2019-09-30,8405,8185.0,8460.0,7800.0,146.0,8151.35,8151.35,8151.35,8151.35,17661.4387443565,0.04888535013909191,0.018184671372624448,-0.002446433966996109
2019-09-27,8004,8230.0,8230.0,8070.0,447.0,8004.46,8004.46,8004.46,8004.46,17704.6991833341,-0.017462825332521522,-0.03135305933490386,-0.03978934788100537
2019-09-26,8145,8760.0,8760.0,7880.0,5369.0,8259.4,8259.4,8259.4,8259.4,18423.360335165,-0.024857296808755643,-0.018468972902638645,-0.031355801324076726
2019-09-25,8350,8855.0,8870.0,8385.0,5824.0,8413.36,8413.36,8413.36,8413.36,19010.1917668513,-0.0035863756312275773,-0.12571973558706792,-0.10726855628909164
2019-09-24,8380,10000.0,10030.0,8160.0,10527.0,9540.45,9540.45,9540.45,9540.45,21162.7762351146,-0.15704454515431793,-0.032810616919091165,-0.038349646154312515
2019-09-23,9805,10285.0,10285.0,10000.0,4645.0,9858.67,9858.67,9858.67,9858.67,21990.1240681292,-0.03753255147406714,-0.031032923533480007,-0.02682697161208526
2019-09-20,10180,10540.0,10560.0,10385.0,2400.0,10169.41,10169.41,10169.41,10169.41,22588.0367366386,0.0024588160900287748,0.030790526704344776,0.009556930438602191
2019-09-19,10155,10475.0,10630.0,9905.0,4344.0,9861.06,9861.06,9861.06,9861.06,22373.1927007826,-0.004911601229460099,-0.03176356095722212,0.0030792800933450632
2019-09-18,10205,10450.0,10480.0,10335.0,1581.0,10179.31,10179.31,10179.31,10179.31,22304.4053360093,-0.009751418080614211,-0.0016000066235708204,0.007418061135706767
2019-09-17,10305,10580.0,10605.0,10425.0,1583.0,10195.61,10195.61,10195.61,10195.61,22139.5620582977,0.016634434438458915,0.0055984369924543045,0.0017967067236989956
2019-09-16,10135,10605.0,10670.0,10370.0,2313.0,10138.69,10138.69,10138.69,10138.69,22099.8194718652,-0.01274527056693358,-0.01632184586826339,-0.0015295642651745604
2019-09-13,10265,10700.0,10745.0,10500.0,2876.0,10305.53,10305.53,10305.53,10305.53,22133.6484311844,-0.01402683215598057,-8.053604016402181e-05,0.021263678695118273
2019-09-12,10410,10440.0,10680.0,10340.0,3099.0,10306.36,10306.36,10306.36,10306.36,21667.9741624609,0.02775926963427478,0.028757094656588156,0.001014855316373858
2019-09-11,10125,10515.0,10515.0,10250.0,3528.0,10014.2,10014.2,10014.2,10014.2,21645.9954581759,0.006440448321009744,-0.01973957758145878,-0.017701720772057818
2019-09-10,10060,10650.0,10650.0,10250.0,3400.0,10213.84,10213.84,10213.84,10213.84,22032.5783219427,-0.03034985756984284,-0.012167882669931194,-0.005244625617352744
2019-09-09,10370,10695.0,10805.0,10390.0,3966.0,10338.88,10338.88,10338.88,10338.88,22148.434492183,-0.008641436395340917,-0.05082901642696202,-0.007235201677059407
2019-09-06,10460,11000.0,11270.0,10525.0,6764.0,10877.98,10877.98,10877.98,10877.98,22309.2639979267,-0.015651256173703706,0.028804966656376458,-0.0013197316333379617
2019-09-05,10625,10855.0,10855.0,10790.0,3606.0,10569.11,10569.11,10569.11,10569.11,22338.7256758193,-0.019571920177841866,0.013439181786708852,-0.008219262307640552
2019-09-04,10835,10990.0,11000.0,10680.0,3701.0,10428.02,10428.02,10428.02,10428.02,22523.0901538563,0.003235500858148279,-0.0268215166924109,0.02872058925434016
2019-09-03,10800,9995.0,11000.0,9995.0,7222.0,10711.5,10711.5,10711.5,10711.5,21885.4147719606,0.11258821877927944,0.11122706293345802,0.07455488079240494
2019-08-30,9650,9590.0,9780.0,9420.0,2856.0,9583.96,9583.96,9583.96,9583.96,20313.0907351079,0.008324709886031633,0.015834284647759968,-0.02475733400826288
2019-08-29,9570,9815.0,9830.0,9400.0,1611.0,9433.4,9433.4,9433.4,9433.4,20822.2656064295,-0.01812112749466126,-0.07674095565529604,-0.04758765165453847
2019-08-28,9745,10295.0,10450.0,9630.0,2059.0,10185.83,10185.83,10185.83,10185.83,21837.1037013077,-0.05538956227606595,0.0026473701767872784,-0.013969837841424505
2019-08-27,10300,10450.0,10535.0,10165.0,995.0,10158.9,10158.9,10158.9,10158.9,22144.3052810557,-0.01637012964685544,-0.01651429440507723,0.020829243490111966
2019-08-26,10470,10080.0,10845.0,10080.0,777.0,10328.06,10328.06,10328.06,10328.06,21687.8267098549,-0.007611835039629982,-0.0071115209964462515,-0.007311737656373882
2019-08-23,10550,10295.0,10635.0,10170.0,246.0,10401.77,10401.77,10401.77,10401.77,21846.9835565859,0.026412099539777276,0.030515394980563458,0.005062850967600934
2019-08-22,10275,10180.0,10340.0,9865.0,405.0,10089.15,10089.15,10089.15,10089.15,21736.655058784,0.006346128205724074,0.008889496097343404,-0.05585696963713225
2019-08-21,10210,10940.0,10940.0,9940.0,427.0,9999.86,9999.86,9999.86,9999.86,22985.3482045326,-0.060336512102263526,-0.06098303318629932,-0.01724705814531923
2019-08-20,10845,10860.0,11100.0,10675.0,276.0,10628.66,10628.66,10628.66,10628.66,23385.2162027687,0.0013840832659385552,-0.009035459870396355,0.05004342525090177
2019-08-19,10830,10585.0,10975.0,10425.0,552.0,10725.13,10725.13,10725.13,10725.13,22243.7397894297,0.019110346202418797,0.058463348912155925,0.009148227945015458
2019-08-16,10625,10540.0,10670.0,9900.0,485.0,10116.08,10116.08,10116.08,10116.08,22041.1769457264,0.0369080951991188,0.009893502154230788,0.025279012153991108
2019-08-15,10240,10335.0,10520.0,9640.0,506.0,10016.49,10016.49,10016.49,10016.49,21490.9812663724,-0.0019512201312618048,-0.04517487343948321,-0.09276593892505047
2019-08-14,10260,11085.0,11090.0,10185.0,392.0,10479.36,10479.36,10479.36,10479.36,23580.0097848084,-0.07779096161965214,-0.04576304698014096,-0.035624004054466765
2019-08-13,11090,11645.0,11680.0,10950.0,380.0,10970.07,10970.07,10970.07,10970.07,24435.165753031,-0.052689974121701316,-0.03574872371932327,-0.015704788436206374
2019-08-12,11690,11765.0,11815.0,11500.0,211.0,11369.33,11369.33,11369.33,11369.33,24821.9440476677,-0.03364488914272424,-0.03285811401524255,-0.03275347885800671
2019-08-09,12090,12025.0,12380.0,11945.0,183.0,11749.11,11749.11,11749.11,11749.11,25648.4100007355,0.022162730248704583,0.005160063075513414,-0.0005758199360087515
2019-08-08,11825,12265.0,12335.0,11750.0,199.0,11688.64,11688.64,11688.64,11688.64,25663.1831194608,-0.018018505502678365,-0.031337290182035,0.03418994010680422
2019-08-07,12040,11815.0,12475.0,11555.0,428.0,12060.73,12060.73,12060.73,12060.73,24800.5904473699,0.005830920310793144,0.027132649327622424,-0.030248154933479748
2019-08-06,11970,12155.0,12610.0,11870.0,491.0,11737.89,11737.89,11737.89,11737.89,25562.223476076,-0.008319515539558389,-0.0039350345776288116,0.06680481507908967
2019-08-05,12070,11155.0,12250.0,11155.0,616.0,11784.17,11784.17,11784.17,11784.17,23910.3352117836,0.12001211306779393,0.11089952790500672,0.046122318567524835
2019-08-02,10705,10630.0,10955.0,10585.0,528.0,10547.17,10547.17,10547.17,10547.17,22832.5804379519,0.01743271473208237,0.051698723509727394,0.022130362545778298
2019-08-01,10520,10225.0,10730.0,10100.0,291.0,10015.75,10015.75,10015.75,10015.75,22332.8372991482,0.03383599724909529,0.0037370993181530705,0.04716273887913763
2019-07-31,10170,9840.0,10300.0,9840.0,206.0,9978.39,9978.39,9978.39,9978.39,21304.0113465034,0.03859160921242904,0.04250458396543892,0.009405128415458736
2019-07-30,9785,9565.0,9950.0,9535.0,253.0,9563.15,9563.15,9563.15,9563.15,21104.5836755058,0.02012971195269262,0.003980451926801491,-0.006492644543651466
2019-07-29,9590,9685.0,9855.0,9285.0,469.0,9525.16,9525.16,9525.16,9525.16,21242.0540256971,-0.05032828251082819,-0.024712175478630794,-0.03257371174774716
2019-07-26,10085,10090.0,10115.0,9910.0,111.0,9763.48,9763.48,9763.48,9763.48,21945.3793411889,0.001488464675704186,-0.022710447817652253,0.006188855398273944
2019-07-25,10070,9990.0,10420.0,9970.0,515.0,9987.75,9987.75,9987.75,9987.75,21809.9819713225,0.022596994639382046,0.020037722887231407,-0.0038086210297177143
2019-07-24,9845,10390.0,10390.0,9710.0,535.0,9789.61,9789.61,9789.61,9789.61,21893.2063117012,-0.056283362621846425,-0.01652124720984855,-0.039322466685403686
2019-07-23,10415,10455.0,10455.0,10150.0,142.0,9952.69,9952.69,9952.69,9952.69,22771.2515015601,0.0,-0.045033520326696955,-0.027356803924013615
2019-07-22,10415,10945.0,10960.0,10375.0,254.0,10411.14,10411.14,10411.14,10411.14,23402.7993424541,-0.027930809746722098,0.0061353077522982085,-0.0016047735789877825
2019-07-19,10710,10850.0,10950.0,10395.0,562.0,10347.46,10347.46,10347.46,10347.46,23440.3856872334,-0.004192878260035927,0.0612579487160219,0.09245829340454892
2019-07-18,10755,10085.0,11005.0,9520.0,389.0,9732.62,9732.62,9732.62,9732.62,21370.3003803557,0.07528879994376629,0.011604562625655157,0.021267307181342086
2019-07-17,9975,9700.0,10190.0,9170.0,317.0,9620.33,9620.33,9620.33,9620.33,20920.610434095,0.016170135047502848,-0.08312141769639712,-0.1322785333927429
2019-07-16,9815,11100.0,11200.0,9605.0,412.0,10454.16,10454.16,10454.16,10454.16,23879.3328758936,-0.11987514577458853,-0.006851251693065349,0.056734384456963514
2019-07-15,11065,11000.0,11185.0,10000.0,218.0,10526.03,10526.03,10526.03,10526.03,22562.2683083152,-0.07022723511856366,-0.10554442373926187,-0.10816459058414006
2019-07-12,11870,11525.0,12150.0,11450.0,146.0,11697.74,11697.74,11697.74,11697.74,25139.5815375957,0.003798274243580003,-0.0026465792636922317,-0.07352164127144518
2019-07-11,11825,12190.0,12505.0,11180.0,583.0,11728.74,11728.74,11728.74,11728.74,27057.5261869446,-0.050701152933036696,-0.09179250138302067,-0.03695140062854822
2019-07-10,12440,13000.0,13665.0,11970.0,510.0,12856.31,12856.31,12856.31,12856.31,28076.0415742078,-0.041721911017319105,0.03820249461113194,0.014341247986419291
2019-07-09,12970,12830.0,13295.0,12570.0,229.0,12374.43,12374.43,12374.43,12374.43,27676.2695660506,0.025772609609641176,0.03977138707342597,0.05735868485911376
2019-07-08,12640,11665.0,12695.0,11665.0,156.0,11891.94,11891.94,11891.94,11891.94,26133.4647348648,0.09975040276705942,0.05001443105598971,0.023101749862691468
2019-07-05,11440,11790.0,12250.0,11085.0,329.0,11311.8,11311.8,11311.8,11311.8,25536.6561729407,-0.006100236782139465,-0.004288955782094562,0.028011047174116885
2019-07-03,11510,10995.0,11840.0,10995.0,206.0,11360.42,11360.42,11360.42,11360.42,24831.2730726584,0.034470933911354855,0.10785943510234702,0.005009341170300292
2019-07-02,11120,10825.0,11210.0,10000.0,271.0,10198.86,10198.86,10198.86,10198.86,24707.1957863349,0.056418103933576574,-0.028649682949634422,-0.013621177885777417
2019-07-01,10510,11530.0,11530.0,10325.0,376.0,10495.28,10495.28,10495.28,10495.28,25046.0393806649,-0.11271683580288884,-0.1141005371735148,-0.0250176453877151
2019-06-28,11764,11285.0,12715.0,11150.0,385.0,11763.79,11763.79,11763.79,11763.79,25680.536025263,0.08041821736149352,0.009534598910208789,-0.1465368418433017
2019-06-27,10855,12810.0,13740.0,10700.0,23272.0,11652.16,11652.16,11652.16,11652.16,29733.3762322391,-0.24618331742850771,-0.09767557148848527,0.07843736121629073
2019-06-26,13885,11985.0,14265.0,11985.0,21334.0,12847.73,12847.73,12847.73,12847.73,27490.2894797922,0.19895169206057808,0.12738701802451172,0.05255733848931686
2019-06-25,11380,11340.0,11855.0,11340.0,10348.0,11311.05,11311.05,11311.05,11311.05,26082.7843696457,0.038974697723358584,0.037909475738711576,0.013789318609064505
2019-06-24,10945,10930.0,11430.0,10810.0,9902.0,10890.28,10890.28,10890.28,10890.28,25725.588946411,0.09229964065145367,0.10677480412534442,0.12142599450503369
2019-06-21,9980,9770.0,10215.0,9770.0,6905.0,9787.4,9787.4,9787.4,9787.4,22784.0374946538,0.03621921014952476,0.04691807982191557,0.023056759113821813
2019-06-20,9625,9420.0,9735.0,9410.0,5347.0,9338.8,9338.8,9338.8,9338.8,22264.7213106931,0.044074029906632464,0.02565173411282806,0.018050564578640762
2019-06-19,9210,9145.0,9330.0,9095.0,2222.0,9102.29,9102.29,9102.29,9102.29,21866.4359726046,0.010368442136589011,-0.004481122252593126,-0.02686837399163866
2019-06-18,9115,9505.0,9660.0,9095.0,6733.0,9143.17,9143.17,9143.17,9143.17,22461.9155125748,-0.02865835488750691,-0.019929854431967133,0.0298233991754014
2019-06-17,9380,9010.0,9560.0,9010.0,6926.0,9327.22,9327.22,9327.22,9327.22,21801.9154804164,0.10559745441026755,0.10420780577529007,0.08305914746693487
2019-06-14,8440,8405.0,8545.0,8310.0,2084.0,8404.18,8404.18,8404.18,8404.18,20064.2311404522,0.018535657729339555,0.029596557976189063,0.007595787489102004
2019-06-13,8285,8230.0,8375.0,8210.0,2079.0,8159.09,8159.09,8159.09,8159.09,19912.4048546581,0.010922438682733251,0.01936865346150989,0.031221286419772697
2019-06-12,8195,7985.0,8310.0,7985.0,3930.0,8002.58,8002.58,8002.58,8002.58,19300.318736777,0.03413300636945862,0.026148077219410797,-0.01210565297374308
2019-06-11,7920,8095.0,8140.0,7770.0,2537.0,7796.04,7796.04,7796.04,7796.04,19535.3816219078,-0.011299555253933394,-0.020441158934518158,0.04407094142232377
2019-06-10,8010,7590.0,8105.0,7585.0,3256.0,7957.04,7957.04,7957.04,7957.04,18693.134589236,0.0,-0.0013174611957866864,-0.034674874900713346
2019-06-07,8010,7890.0,8150.0,7890.0,2925.0,7967.53,7967.53,7967.53,7967.53,19352.6855330898,0.05122758920667338,0.03573077054306086,0.006975788639283886
2019-06-06,7610,7930.0,7930.0,7530.0,4391.0,7687.87,7687.87,7687.87,7687.87,19218.1550628104,-0.02913770393438968,-0.006098793637514632,0.02023274117328286
2019-06-05,7835,7770.0,7920.0,7770.0,2851.0,7734.9,7734.9,7734.9,7734.9,18833.2263186572,0.027168553314508886,-0.03027563299460302,-0.06241697564563532
2019-06-04,7625,8595.0,8595.0,7610.0,11780.0,7972.66,7972.66,7972.66,7972.66,20046.2006677971,-0.12497026032248894,-0.05862269632807236,-0.06835385930400924
2019-06-03,8640,8850.0,8900.0,8485.0,4641.0,8454.01,8454.01,8454.01,8454.01,21464.3517785094,0.01222722656956034,0.004722507159840211,0.05031758562914982
2019-05-31,8535,8320.0,8615.0,8145.0,8559.0,8414.18,8414.18,8414.18,8414.18,20411.0397072212,-0.016846172425854837,-0.03605400870966724,-0.04244725365563657
2019-05-30,8680,8720.0,9180.0,8420.0,3303.0,8723.08,8723.08,8723.08,8723.08,21296.08323763,-0.0086034370655564,0.0005894150856780311,-0.008044086900972008
2019-05-29,8755,8810.0,8820.0,8460.0,1876.0,8717.94,8717.94,8717.94,8717.94,21468.0816394271,-0.002281803614114363,0.00387308281228609,-0.007406894261797113
2019-05-28,8775,8660.0,9065.0,8600.0,2145.0,8684.24,8684.24,8684.24,8684.24,21627.6837986176,0.08066018222233098,0.07971736271842805,0.12138349978325585
2019-05-24,8095,7860.0,8235.0,7840.0,427.0,8018.83,8018.83,8018.83,8018.83,19155.5147683492,0.03456203257237882,0.038156934368189004,0.021298499964663938
2019-05-23,7820,7690.0,7900.0,7510.0,288.0,7718.62,7718.62,7718.62,7718.62,18751.8450766664,-0.0183723888047921,-0.019663864836075087,-0.04148026680661007
2019-05-22,7965,8005.0,8090.0,7720.0,260.0,7871.9,7871.9,7871.9,7871.9,19546.0343336326,-0.010615148068460142,-0.006538619244871901,0.0028418312732827883
2019-05-21,8050,8100.0,8140.0,7845.0,476.0,7923.54,7923.54,7923.54,7923.54,19490.5666542174,0.02515855963615493,0.020827391353381547,-0.028128359085315368
2019-05-20,7850,8085.0,8380.0,7630.0,944.0,7760.22,7760.22,7760.22,7760.22,20046.58763064,0.08712719145498599,0.0744103487068333,0.025157984055976034
2019-05-17,7195,7725.0,7995.0,6335.0,872.0,7203.74,7203.74,7203.74,7203.74,19548.5470157932,-0.09284330736827427,-0.0972890098998076,-0.025786128873644853
2019-05-16,7895,8230.0,8435.0,7785.0,566.0,7939.81,7939.81,7939.81,7939.81,20059.1837464504,-0.04155636698137305,-0.0032065173791487453,0.046359030015907784
2019-05-15,8230,7870.0,8300.0,7855.0,436.0,7965.31,7965.31,7965.31,7965.31,19150.4853716655,0.05558720940301679,-0.014995022711336917,0.051374511689197565
2019-05-14,7785,8090.0,8400.0,7625.0,1550.0,8085.65,8085.65,8085.65,8085.65,18191.4835798735,-0.02034399470271765,0.08139509007257775,0.10046656906016566
2019-05-13,7945,7135.0,8020.0,6860.0,1887.0,7453.59,7453.59,7453.59,7453.59,16452.6569409294,0.22251442263664856,0.1758311718648455,0.11013143948731804
2019-05-10,6360,6145.0,6425.0,6115.0,296.0,6251.77,6251.77,6251.77,6251.77,14736.9145642074,0.049144000346975185,0.04020389401723955,0.026940278089902715
2019-05-09,6055,5880.0,6105.0,5835.0,331.0,6005.41,6005.41,6005.41,6005.41,14345.1981535074,0.026779843015721345,0.025911423413632784,0.007835228904832075
2019-05-08,5895,5880.0,5900.0,5640.0,285.0,5851.8,5851.8,5851.8,5851.8,14233.2394261869,0.009373737149198515,0.0006803640038783565,0.018052119044388706
2019-05-07,5840,5710.0,5975.0,5680.0,416.0,5847.82,5847.82,5847.82,5847.82,13978.6045581291,0.017271586508660716,0.034512517018127985,0.00289558015137302
2019-05-06,5740,5785.0,5785.0,5570.0,236.0,5649.44,5649.44,5649.44,5649.44,13938.1869327034,0.01138864696400859,-0.01773907720691356,0.043776900151724016
2019-05-03,5675,5390.0,5800.0,5370.0,584.0,5750.55,5750.55,5750.55,5750.55,13341.1792283171,0.052453252759114485,0.06785511854706952,0.014545006426376498
2019-05-02,5385,5315.0,5410.0,5305.0,260.0,5373.29,5373.29,5373.29,5373.29,13148.5360848277,0.01779906473814393,0.01568452178989767,0.005324367863327309
2019-05-01,5290,5250.0,5345.0,5250.0,125.0,5289.67,5289.67,5289.67,5289.67,13078.7144847367,0.01140696779337638,0.005117359547086934,0.029567670560739296
2019-04-30,5230,5135.0,5280.0,5095.0,218.0,5262.67,5262.67,5262.67,5262.67,12697.6684456663,0.017358198609757732,0.020297061331250445,-0.016902309852715198
2019-04-29,5140,5110.0,5175.0,5070.0,275.0,5156.93,5156.93,5156.93,5156.93,12914.1124207778,0.011741817876683195,-0.0010485238772988542,0.009711350951882969
2019-04-26,5080,5400.0,5400.0,4955.0,297.0,5162.34,5162.34,5162.34,5162.34,12789.3059434556,-0.07761699393104879,-0.05344185028007986,-0.04819394135981501
2019-04-25,5490,5460.0,5505.0,5390.0,75.0,5445.73,5445.73,5445.73,5445.73,13420.7670872761,0.01006873494826658,-0.002430143767374724,-0.028296620857682787
2019-04-24,5435,5575.0,5610.0,5385.0,451.0,5458.98,5458.98,5458.98,5458.98,13805.9534806514,-0.02990707716793079,-0.021320898976528935,0.013534682240239062
2019-04-23,5600,5490.0,5650.0,5490.0,297.0,5576.62,5576.62,5576.62,5576.62,13620.3531413736,0.03729399903100546,0.048861087780025875,0.009580729880368009
2019-04-22,5395,5310.0,5455.0,5275.0,118.0,5310.69,5310.69,5310.69,5310.69,13490.4833342203,0.01682282664415157,0.012377894024933792,0.006840349047934937
2019-04-18,5305,5245.0,5325.0,5235.0,66.0,5245.36,5245.36,5245.36,5245.36,13398.5186133726,0.01232827373299567,0.008467966618019834,0.0019188935800906126
2019-04-17,5240,5240.0,5240.0,5190.0,153.0,5201.13,5201.13,5201.13,5201.13,13372.8329339469,0.007662872745569097,0.030922358429488418,0.027833891787952963
2019-04-16,5200,5030.0,5225.0,5025.0,125.0,5042.76,5042.76,5042.76,5042.76,13005.7473581696,0.03722271049060814,-0.021662389149246033,-0.021269366859982507
2019-04-15,5010,5115.0,5170.0,4990.0,107.0,5153.19,5153.19,5153.19,5153.19,13285.3341469936,-0.010918222603873316,0.015535751220579978,0.019429757883230037
2019-04-12,5065,5025.0,5115.0,4905.0,102.0,5073.75,5073.75,5073.75,5073.75,13029.6948680326,-0.0019723872272043464,0.007122620353144708,-0.06249790507762608
2019-04-11,5075,5305.0,5305.0,4990.0,176.0,5037.74,5037.74,5037.74,5037.74,13870.0089317887,-0.06484635552510286,-0.044700808048808854,0.02340431148393973
2019-04-10,5415,5210.0,5475.0,5195.0,124.0,5268.04,5268.04,5268.04,5268.04,13549.16019,0.03667547855840657,0.01239608736713503,-0.020816000838802494
2019-04-09,5220,5300.0,5300.0,5175.0,90.0,5203.14,5203.14,5203.14,5203.14,13834.15546,0.0009583134418115972,-0.001887461426250296,0.01097020656364727
2019-04-08,5215,5205.0,5365.0,5150.0,235.0,5212.97,5212.97,5212.97,5212.97,13683.22132,0.039105667038836986,0.04133191067336399,0.06284590090109295
2019-04-05,5015,4930.0,5060.0,4915.0,64.0,5001.9,5001.9,5001.9,5001.9,12849.75134,0.035518700685358534,-0.003606117337777648,-0.018294542587617767
2019-04-04,4840,5240.0,5255.0,4815.0,339.0,5019.97,5019.97,5019.97,5019.97,13086.99518,-0.06208199394710438,-0.00041425928841917135,0.01507905393732536
2019-04-03,5150,4780.0,5320.0,4780.0,460.0,5022.05,5022.05,5022.05,5022.05,12891.13607,0.07560274074295113,0.057526857171060264,0.15934681702191145
2019-04-02,4775,4155.0,4980.0,4155.0,388.0,4741.3,4741.3,4741.3,4741.3,10992.27916,0.14632795414604918,0.1356566355153316,0.010140810094977451
2019-04-01,4125,4095.0,4135.0,4055.0,160.0,4139.83,4139.83,4139.83,4139.83,10881.37184,0.011214159451222857,0.014714610825465537,0.02145133744574913
2019-03-29,4079,4025.0,4095.0,4025.0,581.0,4079.36,4079.36,4079.36,4079.36,10650.43764,0.017060619016943633,0.015885331499806983,-0.005425487234475071
2019-03-28,4010,4020.0,4020.0,4005.0,1888.0,4015.07,4015.07,4015.07,4015.07,10708.37849,0.0012476607981552772,0.00231396736528759,0.03099375365614857
2019-03-27,4005,3915.0,4010.0,3915.0,4108.0,4005.79,4005.79,4005.79,4005.79,10381.57622,0.025285797228673162,0.02387868505897142,-0.009326029430903842
2019-03-26,3905,3890.0,3905.0,3880.0,1996.0,3911.27,3911.27,3911.27,3911.27,10478.84798,0.002564103968937634,-0.012647012192431261,-0.00761052275041733
2019-03-25,3895,3965.0,3970.0,3890.0,2410.0,3961.05,3961.05,3961.05,3961.05,10558.90173,-0.021588139973634703,-0.006958728720618402,0.007818690387964988
2019-03-22,3980,3980.0,3985.0,3945.0,1704.0,3988.71,3988.71,3988.71,3988.71,10476.66685,0.003775964209535136,0.0064892664734185635,-0.018359861538815376
2019-03-21,3965,4035.0,4050.0,3910.0,3769.0,3962.91,3962.91,3962.91,3962.91,10670.79362,-0.011285386231666533,-0.009323257209475619,0.00824457217395843
2019-03-20,4010,4000.0,4020.0,3975.0,2560.0,4000.03,4000.03,4000.03,4000.03,10583.17916,0.003747662100239749,0.006033117597533786,0.00616211512490642
2019-03-19,3995,3975.0,4000.0,3955.0,2332.0,3975.97,3975.97,3975.97,3975.97,10518.16491,0.008799553951848841,0.0029268362723671097,0.0007340884477309693
2019-03-18,3960,3930.0,4015.0,3930.0,2756.0,3964.35,3964.35,3964.35,3964.35,10510.44648,0.01526747213078838,0.017283724377145353,0.031326305252554275
2019-03-15,3900,3885.0,3905.0,3875.0,2938.0,3896.42,3896.42,3896.42,3896.42,10186.29674,0.014202950177993535,0.010998508335054946,0.004193104169096756
2019-03-14,3845,3835.0,3885.0,3810.0,4463.0,3853.8,3853.8,3853.8,3853.8,10143.67396,0.0,0.0018882313251637123,-0.0033116939911014003
2019-03-13,3845,3850.0,3865.0,3830.0,2105.0,3846.53,3846.53,3846.53,3846.53,10177.32239,0.0,-0.004034455262894877,0.007690839114150135
2019-03-12,3845,3820.0,3875.0,3805.0,2961.0,3862.08,3862.08,3862.08,3862.08,10099.35046,0.0026041681383877297,0.006072130832594047,-0.016169541559693624
2019-03-11,3835,3860.0,3860.0,3830.0,3539.0,3838.7,3838.7,3838.7,3838.7,10263.97973,-0.014239722811135388,-0.012856279064579989,0.01247992183487514
2019-03-08,3890,3860.0,3885.0,3860.0,3781.0,3888.37,3888.37,3888.37,3888.37,10136.68205,0.005154650588664422,0.004363515823876958,0.0018562358611238815
2019-03-07,3870,3840.0,3865.0,3840.0,4092.0,3871.44,3871.44,3871.44,3871.44,10117.88343,0.007782140442054949,0.006660488678190965,0.004217794304795019
2019-03-06,3840,3835.0,3840.0,3820.0,4104.0,3845.74,3845.74,3845.74,3845.74,10075.29815,0.0013029317804160619,0.00526379438605494,0.04709068680472374
2019-03-05,3835,3670.0,3865.0,3670.0,4969.0,3825.55,3825.55,3825.55,3825.55,9611.843285,0.03854297676678363,0.031209600087650294,-0.029087224407155905
2019-03-04,3690,3765.0,3765.0,3680.0,4577.0,3708.0,3708.0,3708.0,3708.0,9895.53097,-0.03462396456604801,-0.028987845087105273,-0.005388158758917958
2019-03-01,3820,3810.0,3810.0,3810.0,1825.0,3817.06,3817.06,3817.06,3817.06,9948.993565,0.007884403524148835,-0.003862003077036841,-7.346292348035848e-05
2019-02-28,3790,3765.0,3875.0,3745.0,6752.0,3831.83,3831.83,3831.83,3831.83,9949.724474,0.02133414247499114,0.008488808416255874,0.0006761145666316403
2019-02-27,3710,3780.0,3815.0,3620.0,4843.0,3799.44,3799.44,3799.44,3799.44,9942.999594,-0.017368506081644253,-0.002822744665635899,-0.0088804328282315
2019-02-26,3775,3805.0,3820.0,3745.0,3067.0,3810.18,3810.18,3810.18,3810.18,10031.69096,-0.011850039917495843,0.00678643584566497,0.023923805379054287
2019-02-25,3820,3770.0,3845.0,3705.0,5866.0,3784.41,3784.41,3784.41,3784.41,9794.542792,-0.028389003262686025,-0.037945339171353454,-0.048575792327185056
2019-02-22,3930,3895.0,3970.0,3885.0,4000.0,3930.77,3930.77,3930.77,3930.77,10282.06551,0.007662872745569097,0.009370180304224257,-0.019958650168440787
2019-02-21,3900,3935.0,3985.0,3860.0,1246.0,3894.11,3894.11,3894.11,3894.11,10489.34327,-0.010204170174241736,-0.005421691542410772,0.024874194350781222
2019-02-20,3940,3915.0,3970.0,3880.0,1084.0,3915.28,3915.28,3915.28,3915.28,10231.64758,0.001269841440475937,-0.007389722670681082,0.007274465087167938
2019-02-19,3935,3575.0,3975.0,3575.0,2185.0,3944.32,3944.32,3944.32,3944.32,10157.48788,0.10155581861416244,0.10380618222614178,0.0966766637888561
2019-02-15,3555,3550.0,3610.0,3535.0,167.0,3555.41,3555.41,3555.41,3555.41,9221.470286,0.0,-0.003422713684370422,-0.007291085992777648
2019-02-14,3555,3570.0,3580.0,3530.0,118.0,3567.6,3567.6,3567.6,3567.6,9288.950522,0.0,-0.00031388727220630724,-0.008219531938088751
2019-02-13,3555,3565.0,3600.0,3545.0,93.0,3568.72,3568.72,3568.72,3568.72,9365.615993,-0.011188927917805852,-0.0012237795587924439,0.004231832319376193
2019-02-12,3595,3580.0,3605.0,3550.0,155.0,3573.09,3573.09,3573.09,3573.09,9326.06602,0.0,-0.007455854483923871,-0.014742267051901126
2019-02-11,3595,3605.0,3640.0,3575.0,269.0,3599.83,3599.83,3599.83,3599.83,9464.571812,-0.002777779563902386,0.05059131468982657,0.09428527515347754
2019-02-08,3605,3320.0,3710.0,3320.0,369.0,3422.24,3422.24,3422.24,3422.24,8612.979153,0.07934946674455991,0.017319155156173903,0.0006609223868314129
2019-02-07,3330,3335.0,3355.0,3325.0,118.0,3363.48,3363.48,3363.48,3363.48,8607.288523,0.0015026298845350965,-0.0003864297801147552,-0.021361096063922794
2019-02-06,3325,3370.0,3370.0,3305.0,74.0,3364.78,3364.78,3364.78,3364.78,8793.127435,-0.019360247284541422,-0.015842201568097927,0.0009337150970726184
2019-02-05,3390,3370.0,3395.0,3370.0,40.0,3418.51,3418.51,3418.51,3418.51,8784.920991,0.0029542118974313827,0.0028679293682046976,0.002067263281057207
2019-02-04,3380,3380.0,3390.0,3370.0,61.0,3408.72,3408.72,3408.72,3408.72,8766.779005,-0.010301783527825945,-0.00618842088425866,0.004639931384257301
2019-02-01,3415,3370.0,3420.0,3340.0,75.0,3429.88,3429.88,3429.88,3429.88,8726.195976,0.008823586658515025,0.005294056929966677,0.006197366821155111
2019-01-31,3385,3420.0,3420.0,3355.0,280.0,3411.77,3411.77,3411.77,3411.77,8672.283768,-0.0029498546464211237,-0.00810652330049649,0.02867449158021524
2019-01-30,3395,3360.0,3410.0,3360.0,61.0,3439.54,3439.54,3439.54,3439.54,8427.141896,0.011851990587014328,0.011627017867386884,-0.007235893129185228
2019-01-29,3355,3380.0,3380.0,3310.0,90.0,3399.78,3399.78,3399.78,3399.78,8488.340942,-0.002976192673046001,-0.0009731187752237168,-0.04622426108773042
2019-01-28,3365,3485.0,3485.0,3330.0,261.0,3403.09,3403.09,3403.09,3403.09,8889.918031,-0.037905412589082504,-0.0450767024424684,-0.010146185544034146
2019-01-25,3495,3510.0,3525.0,3475.0,165.0,3560.0,3560.0,3560.0,3560.0,8980.575927,-0.007127613924232124,0.001177659460905471,0.0035882675689453093
2019-01-24,3520,3490.0,3530.0,3490.0,32.0,3555.81,3555.81,3555.81,3555.81,8948.408964,0.005698021114637796,-0.003495196615000125,-0.005696714101980344
2019-01-23,3500,3535.0,3540.0,3475.0,431.0,3568.26,3568.26,3568.26,3568.26,8999.530967,-0.011363758650315095,-0.0004482973182843558,0.011952733474178766
2019-01-22,3540,3480.0,3565.0,3375.0,36.0,3569.86,3569.86,3569.86,3569.86,8892.60229,-0.001411432838407736,-0.013345255155370052,-0.028447903907541133
2019-01-18,3545,3535.0,3555.0,3510.0,26.0,3617.82,3617.82,3617.82,3617.82,9149.210868,-0.007027435807456862,0.004818351718099054,0.004553018100958201
2019-01-17,3570,3530.0,3600.0,3525.0,20.0,3600.43,3600.43,3600.43,3600.43,9107.649033,0.012685159527315642,-0.004342814241208889,0.013890995113647102
2019-01-16,3525,3540.0,3585.0,3540.0,27.0,3616.1,3616.1,3616.1,3616.1,8982.009375,0.004264398786457518,-0.0052350219816016605,-0.029102054689732825
2019-01-15,3510,3635.0,3635.0,3490.0,23.0,3635.08,3635.08,3635.08,3635.08,9247.245035,-0.030857988359905223,0.01129020824810832,0.057363394810087946
2019-01-14,3620,3480.0,3660.0,3475.0,47.0,3594.27,3594.27,3594.27,3594.27,8731.71918,0.005540180375615351,-0.014550291085723595,-0.05287380095172102
2019-01-11,3600,3580.0,3605.0,3560.0,43.0,3646.95,3646.95,3646.95,3646.95,9205.821717,0.0055710450494554295,-0.036388209089181486,-0.11043241385710717
2019-01-10,3580,3985.0,4000.0,3535.0,113.0,3782.1,3782.1,3782.1,3782.1,10280.70146,-0.10340329428649007,-0.054631493661861354,0.007415511460434127
2019-01-09,3970,3970.0,4000.0,3930.0,79.0,3994.47,3994.47,3994.47,3994.47,10204.74677,0.0012602396122877732,-0.017532358274203814,0.000601754005021223
2019-01-08,3965,3915.0,4070.0,3905.0,112.0,4065.12,4065.12,4065.12,4065.12,10198.60787,0.0012618298204221654,0.010559551301904509,-0.011659785902255958
2019-01-07,3960,3930.0,4035.0,3930.0,32.0,4022.42,4022.42,4022.42,4022.42,10318.21741,0.06117717343486632,0.07063199862572819,0.05816324261682757
2019-01-04,3725,3730.0,3760.0,3670.0,23.0,3748.11,3748.11,3748.11,3748.11,9735.195988,-0.002680966753257824,-0.024158151714800548,-0.0337708971833887
2019-01-03,3735,3800.0,3805.0,3700.0,31.0,3839.76,3839.76,3839.76,3839.76,10069.57668,-0.019881370553828933,0.0038226396115036607,0.03666118605689701
2019-01-02,3810,3880.0,3880.0,3715.0,40.0,3825.11,3825.11,3825.11,3825.11,9707.099083,0.04702007815312683,0.016030617130585106,0.005701878369198759
2018-12-31,3635,3765.0,3780.0,3630.0,18.0,3764.28,3764.28,3764.28,3764.28,9651.907881,-0.02015318752197109,0.014912946792611391,0.08024201199331929
2018-12-28,3709,3520.0,3900.0,3520.0,640.0,3708.56,3708.56,3708.56,3708.56,8907.677913,0.03959824464119441,-0.007505683276478821,-0.07329434867127148
2018-12-27,3565,3640.0,3730.0,3500.0,3404.0,3736.5,3736.5,3736.5,3736.5,9585.082085,-0.05325490353554393,0.002132608269172468,0.010538115602954088
2018-12-26,3760,3690.0,3715.0,3690.0,2751.0,3728.54,3728.54,3728.54,3728.54,9484.603738,-0.07922404205270049,-0.11614686074262372,-0.04195332527593499
2018-12-24,4070,4105.0,4165.0,4060.0,2415.0,4187.75,4187.75,4187.75,4187.75,9890.979202,0.07524261675351551,0.04787624844503164,0.002313867635504982
2018-12-21,3775,4015.0,4015.0,3750.0,5616.0,3991.98,3991.98,3991.98,3991.98,9868.119243,-0.026145280104322245,-0.010099182600599622,0.09971631094124245
2018-12-20,3875,3855.0,4110.0,3855.0,4834.0,4032.5,4032.5,4032.5,4032.5,8931.576968,0.04756510840514516,0.06432395436738786,0.008179031915793052
2018-12-19,3695,3675.0,3820.0,3640.0,4997.0,3781.28,3781.28,3781.28,3781.28,8858.823248,0.05564717871439149,0.06788124338120383,0.05054516595845172
2018-12-18,3495,3455.0,3525.0,3445.0,3415.0,3533.12,3533.12,3533.12,3533.12,8422.180602,-0.009964495259431829,0.041345512188664654,0.0983131762336523
2018-12-17,3530,3160.0,3510.0,3145.0,4114.0,3390.02,3390.02,3390.02,3390.02,7633.569783,0.11548398079280149,0.04550326099917696,-0.021899258824933977
2018-12-14,3145,3155.0,3250.0,3110.0,3046.0,3239.22,3239.22,3239.22,3239.22,7802.583183,-0.022013467537178835,-0.04550326099917703,-0.04111813016445374
2018-12-13,3215,3380.0,3380.0,3160.0,3796.0,3390.02,3390.02,3390.02,3390.02,8130.098071,-0.06181319338493112,-0.009862649732232916,0.017906192594621104
2018-12-12,3420,3345.0,3420.0,3340.0,2665.0,3423.62,3423.62,3423.62,3423.62,7985.814608,0.02967576814611654,0.026189810082957753,-0.016583897541459898
2018-12-11,3320,3275.0,3300.0,3265.0,1989.0,3335.12,3335.12,3335.12,3335.12,8119.354787,-0.016430541396095927,-0.02259065243774623,-0.03636994070891879
2018-12-10,3375,3420.0,3420.0,3390.0,1918.0,3411.32,3411.32,3411.32,3411.32,8420.090968,0.022472855852058576,0.009442562553053202,0.025039592043422557
2018-12-07,3300,3350.0,3440.0,3120.0,6081.0,3379.26,3379.26,3379.26,3379.26,8211.87305,-0.08701137698962981,-0.0700623561422924,-0.09465458318711478
2018-12-06,3600,3675.0,3890.0,3420.0,5768.0,3624.51,3624.51,3624.51,3624.51,9027.140252,-0.028749413285985938,-0.05300502563358894,-0.052499562860450655
2018-12-05,3705,3855.0,3855.0,3590.0,2734.0,3821.81,3821.81,3821.81,3821.81,9513.722081,-0.03578910785158528,-0.04367343094601112,0.010148841297584036
2018-12-04,3840,3760.0,3985.0,3760.0,3059.0,3992.42,3992.42,3992.42,3992.42,9417.657124,0.010471299867295437,0.04166331696831996,-0.060355212750132135
2018-12-03,3800,3800.0,3800.0,3700.0,3383.0,3829.5,3829.5,3829.5,3829.5,10003.56528,-0.0336383591488298,-0.031740537947037344,-0.03410275672347088
2018-11-30,3930,4205.0,4265.0,3835.0,5068.0,3953.0,3953.0,3953.0,3953.0,10350.59819,-0.06047493242164893,-0.07511357384395838,-0.010849143791053843
2018-11-29,4175,4165.0,4365.0,4060.0,1123.0,4261.36,4261.36,4261.36,4261.36,10463.50468,-0.026006193746924266,0.02091481556353163,0.09944593690723424
2018-11-28,4285,3775.0,4345.0,3770.0,1334.0,4173.16,4173.16,4173.16,4173.16,9473.017754,0.14678773239956439,0.1300089314360586,0.0013611187502054916
2018-11-27,3700,3730.0,3770.0,3550.0,645.0,3664.4,3664.4,3664.4,3664.4,9460.132623,0.02601104891326635,-0.01759079580599888,-0.05176675436415959
2018-11-26,3605,3975.0,4025.0,3505.0,1470.0,3729.43,3729.43,3729.43,3729.43,9962.750187,-0.14679258756590646,-0.13737278352563614,-0.08457514504528042
2018-11-23,4175,4485.0,4550.0,4085.0,448.0,4278.61,4278.61,4278.61,4278.61,10842.0089,-0.04679216150675894,-0.04748927445082761,-0.017066376060086777
2018-11-21,4375,4205.0,4595.0,4170.0,827.0,4486.7,4486.7,4486.7,4486.7,11028.63065,0.03488725900044054,-0.034286318766352374,-0.1952846877884673
2018-11-20,4225,4720.0,4860.0,4010.0,1463.0,4643.2,4643.2,4643.2,4643.2,13407.03227,-0.1307167844409517,-0.09541981604704407,-0.052978834509008484
2018-11-19,4815,5475.0,5475.0,4660.0,931.0,5108.08,5108.08,5108.08,5108.08,14136.47307,-0.11928185417643437,-0.08189266213282641,-0.013776685081812257
2018-11-16,5425,5420.0,5495.0,5370.0,99.0,5544.0,5544.0,5544.0,5544.0,14332.57452,0.00369344833535173,0.025047744184700682,-0.01190646625376815
2018-11-15,5405,5470.0,5510.0,5155.0,320.0,5406.86,5406.86,5406.86,5406.86,14504.2448,0.009293747191459477,-0.12697705531185452,-0.10281037709518136
2018-11-14,5355,6270.0,6270.0,5260.0,740.0,6138.9,6138.9,6138.9,6138.9,16074.78232,-0.1593392765803952,-0.02379548970287816,-0.008585187582773058
2018-11-13,6280,6260.0,6300.0,6230.0,80.0,6286.73,6286.73,6286.73,6286.73,16213.38144,-0.00634922767865878,-0.011302682935669153,-0.0014857896933550517
2018-11-12,6320,6360.0,6365.0,6290.0,138.0,6358.19,6358.19,6358.19,6358.19,16237.48902,-0.001581027997318818,0.0023446078879076544,-0.010310417770980495
2018-11-09,6330,6400.0,6405.0,6280.0,132.0,6343.3,6343.3,6343.3,6343.3,16405.77035,-0.012559034776493797,-0.02028843189176649,-0.023083297639247605
2018-11-08,6410,6505.0,6505.0,6380.0,199.0,6473.31,6473.31,6473.31,6473.31,16788.87427,-0.01394290596901275,-0.0037099099809222887,0.002251824825083649
2018-11-07,6500,6430.0,6525.0,6425.0,232.0,6497.37,6497.37,6497.37,6497.37,16751.1112,0.013942905969012667,0.010931624400568248,0.033626349957936855
2018-11-06,6410,6385.0,6465.0,6385.0,133.0,6426.73,6426.73,6426.73,6426.73,16197.19771,0.003907781448076,0.0027204753456578205,0.016302751786552137
2018-11-05,6385,6405.0,6425.0,6360.0,52.0,6409.27,6409.27,6409.27,6409.27,15935.27961,0.006284388318151639,0.007173125310631976,0.018598789313747303
2018-11-02,6345,6335.0,6360.0,6315.0,98.0,6363.46,6363.46,6363.46,6363.46,15641.64182,0.006324131749468081,0.009038978135096172,0.004309258115590376
2018-11-01,6305,6285.0,6330.0,6285.0,28.0,6306.2,6306.2,6306.2,6306.2,15574.38297,0.002381898704533674,0.007044832141604944,0.0072609631749800015
2018-10-31,6290,6240.0,6330.0,6170.0,250.0,6261.93,6261.93,6261.93,6261.93,15461.70751,0.007179927134808231,-0.000429487774582691,0.00816141124732841
2018-10-30,6245,6255.0,6260.0,6235.0,105.0,6264.62,6264.62,6264.62,6264.62,15336.0317,0.0016025644455411972,-0.001760726690655318,-0.0367439518512676
2018-10-29,6235,6390.0,6425.0,6190.0,195.0,6275.66,6275.66,6275.66,6275.66,15910.01881,-0.02455568925744368,-0.01832005039548502,0.003099694239098815
2018-10-26,6390,6395.0,6440.0,6370.0,37.0,6391.69,6391.69,6391.69,6391.69,15860.77897,-0.0015637219761827587,-0.0022144872715093183,-0.002249678520061996
2018-10-25,6400,6380.0,6400.0,6355.0,41.0,6405.86,6405.86,6405.86,6405.86,15896.50079,-0.00234100770197359,-0.004653634114782207,0.0008766190950106233
2018-10-24,6415,6405.0,6455.0,6405.0,69.0,6435.74,6435.74,6435.74,6435.74,15882.57172,0.0031225630367936745,0.00790594408691314,-0.007038091689435562
2018-10-23,6395,6410.0,6410.0,6350.0,42.0,6385.06,6385.06,6385.06,6385.06,15994.74901,0.0015649455463035084,-0.0013131423312424003,-0.0036354863941624503
2018-10-22,6385,6405.0,6415.0,6370.0,44.0,6393.45,6393.45,6393.45,6393.45,16053.00353,0.0007833921278040774,0.0022125201916499905,0.0039984057001504906
2018-10-19,6380,6395.0,6395.0,6350.0,17.0,6379.32,6379.32,6379.32,6379.32,15988.94526,-0.000783392127804156,-0.009021280005687362,-0.02180724300904357
2018-10-18,6385,6445.0,6445.0,6345.0,33.0,6437.13,6437.13,6437.13,6437.13,16341.44968,-0.005466628217367221,0.0012388965302983133,0.000768294245253366
2018-10-17,6420,6440.0,6440.0,6405.0,12.0,6429.16,6429.16,6429.16,6429.16,16328.89946,0.0,-0.002006024960986537,0.003243210261560591
2018-10-16,6420,6425.0,6450.0,6405.0,37.0,6442.07,6442.07,6442.07,6442.07,16276.02719,0.006250020345171326,0.00913024768976873,0.05906705902093813
2018-10-15,6380,6160.0,6695.0,6150.0,213.0,6383.52,6383.52,6383.52,6383.52,15342.49212,0.032659214842657686,0.02778746299896494,0.019235591424015545
2018-10-12,6175,6185.0,6205.0,6175.0,35.0,6208.58,6208.58,6208.58,6208.58,15050.19052,0.0016207458977333445,-0.0018634235410532377,-0.0935403450795844
2018-10-11,6165,6525.0,6525.0,6100.0,114.0,6220.16,6220.16,6220.16,6220.16,16525.9355,-0.05828421045987767,-0.0453333587122991,-0.010795319162482078
2018-10-10,6535,6535.0,6540.0,6465.0,41.0,6508.63,6508.63,6508.63,6508.63,16705.30468,-0.006862398261040529,-0.008673784451343012,-0.007284762976868582
2018-10-09,6580,6600.0,6600.0,6555.0,17.0,6565.33,6565.33,6565.33,6565.33,16827.4432,-0.007570058860545279,-0.007198342825570961,0.013670378607465122
2018-10-08,6630,6535.0,6640.0,6510.0,63.0,6612.76,6612.76,6612.76,6612.76,16598.97089,0.013667638728663835,0.010797930753515572,-0.004057625620811397
2018-10-05,6540,6520.0,6540.0,6510.0,19.0,6541.74,6541.74,6541.74,6541.74,16666.46013,-0.0022909517465558244,3.515945961804314e-05,0.008982949369770264
2018-10-04,6555,6440.0,6590.0,6440.0,15.0,6541.51,6541.51,6541.51,6541.51,16517.41659,0.022368846283084436,0.011635091490963806,-0.005109949476732097
2018-10-03,6410,6450.0,6455.0,6370.0,21.0,6465.84,6465.84,6465.84,6465.84,16602.03577,-0.01471184103188987,-0.010169524400017631,-0.024978350748067295
2018-10-02,6505,6540.0,6555.0,6450.0,16.0,6531.93,6531.93,6531.93,6531.93,17021.94979,-0.004601235111716705,0.0009051957471953156,-0.003287657248636346
2018-10-01,6535,6570.0,6610.0,6460.0,25.0,6526.02,6526.02,6526.02,6526.02,17078.00422,-0.01714371047696178,-0.01848871003389485,-0.0021006928728628314
2018-09-28,6648,6690.0,6720.0,6565.0,855.0,6647.8,6647.8,6647.8,6647.8,17113.91757,-0.0010523942939278657,0.022514565667307227,0.04648366384420295
2018-09-27,6655,6400.0,6710.0,6400.0,3087.0,6499.8,6499.8,6499.8,6499.8,16336.60608,0.025876634078667676,0.0012346459812856256,0.0025853012514758756
2018-09-26,6485,6385.0,6505.0,6385.0,3381.0,6491.78,6491.78,6491.78,6491.78,16294.42558,0.02024991312698988,0.011872821916331584,-0.015913300352853026
2018-09-25,6355,6415.0,6415.0,6335.0,3388.0,6415.16,6415.16,6415.16,6415.16,16555.7978,-0.03934174922217759,-0.02944759102811879,-0.046223526017745216
2018-09-24,6610,6645.0,6655.0,6560.0,2081.0,6606.88,6606.88,6606.88,6606.88,17339.02752,-0.019476271060620803,-0.01773675190351247,0.07135301984877322
2018-09-21,6740,6550.0,6740.0,6550.0,3627.0,6725.11,6725.11,6725.11,6725.11,16144.94289,0.05176193455858958,0.046919380749536034,0.05896867975436218
2018-09-20,6400,6355.0,6395.0,6305.0,1373.0,6416.86,6416.86,6416.86,6416.86,15220.42365,0.003913899321136315,0.016704480847651165,0.004038287638081702
2018-09-19,6375,6295.0,6415.0,6085.0,3037.0,6310.56,6310.56,6310.56,6310.56,15159.08314,0.015810606026642245,-0.007704895207560949,0.0369154097644998
2018-09-18,6275,6210.0,6325.0,6210.0,1108.0,6359.37,6359.37,6359.37,6359.37,14609.68244,0.007197152218485809,-0.00022798401694953743,-0.054276802191016
2018-09-17,6230,6515.0,6515.0,6170.0,2337.0,6360.82,6360.82,6360.82,6360.82,15424.56382,-0.046264620409395336,-0.0129688877176147,0.005202871850986831
2018-09-14,6525,6520.0,6520.0,6395.0,2085.0,6443.85,6443.85,6443.85,6443.85,15344.5202,0.013889112160667093,-0.008897503250716568,0.046995544063913056
2018-09-13,6435,6305.0,6505.0,6305.0,2350.0,6501.44,6501.44,6501.44,6501.44,14640.07858,0.02279077033574093,0.03612772611096858,0.0033932062800647532
2018-09-12,6290,6245.0,6300.0,6215.0,1581.0,6270.75,6270.75,6270.75,6270.75,14590.48596,0.00958473791298731,0.00022806890331528,-0.015067741503453719
2018-09-11,6230,6255.0,6335.0,6145.0,1857.0,6269.32,6269.32,6269.32,6269.32,14811.99627,-0.005602255548669898,-0.005852694624704338,-0.00012036343176626011
2018-09-10,6265,6275.0,6280.0,6240.0,1936.0,6306.12,6306.12,6306.12,6306.12,14813.7792,-0.01975568004141176,-0.021490752365415547,-0.058344190118963545
2018-09-07,6390,6420.0,6450.0,6315.0,2475.0,6443.11,6443.11,6443.11,6443.11,15703.78812,-0.006240269860084623,-0.002973948777082233,-0.023126357212265008
2018-09-06,6430,6690.0,6690.0,6345.0,5796.0,6462.3,6462.3,6462.3,6462.3,16071.19151,-0.07054687335368569,-0.08127394704458218,-0.11935391285584433
2018-09-05,6900,7245.0,7245.0,6900.0,4585.0,7009.45,7009.45,7009.45,7009.45,18108.51437,-0.06317890162153156,-0.05006348341856567,0.007845599759479302
2018-09-04,7350,7225.0,7395.0,7225.0,5305.0,7369.3,7369.3,7369.3,7369.3,17966.99808,0.042382167874101685,0.06210380681329267,0.037537154541348386
2018-08-31,7045,6950.0,7090.0,6865.0,4632.0,6925.56,6925.56,6925.56,6925.56,17305.06928,0.034660509247214207,0.009209769738106102,-0.00895102160755186
2018-08-30,6805,7040.0,7045.0,6785.0,752.0,6862.07,6862.07,6862.07,6862.07,17460.66265,-0.027537972014015078,-0.03180275306403993,-0.011768788924378833
2018-08-29,6995,7060.0,7100.0,6890.0,853.0,7083.81,7083.81,7083.81,7083.81,17667.36745,-0.012078299588183938,0.003338518840014536,0.03491090165459727
2018-08-28,7080,6705.0,7105.0,6705.0,738.0,7060.2,7060.2,7060.2,7060.2,17061.22576,0.05293007773042741,0.04902070829176388,0.0397274551603376
2018-08-27,6715,6650.0,6730.0,6650.0,379.0,6722.45,6722.45,6722.45,6722.45,16396.71376,0.018032043805922965,0.0297335603501454,0.015218696173007838
2018-08-24,6595,6380.0,6600.0,6380.0,240.0,6525.51,6525.51,6525.51,6525.51,16149.06637,0.03079535113847194,0.011989429263187027,0.028565030649634914
2018-08-23,6395,6255.0,6460.0,6255.0,183.0,6447.74,6447.74,6447.74,6447.74,15694.29401,-0.001562500317891557,-0.03136224796093301,-0.028944976714636254
2018-08-22,6405,6480.0,6850.0,6280.0,177.0,6653.16,6653.16,6653.16,6653.16,16155.20331,-0.002339182353172266,0.03742300456676229,0.03557889934117634
2018-08-21,6420,6305.0,6445.0,6210.0,48.0,6408.78,6408.78,6408.78,6408.78,15590.52386,-0.0015564205476581953,-0.005399841633457974,-0.05611633475572661
2018-08-20,6430,6480.0,6485.0,6380.0,92.0,6443.48,6443.48,6443.48,6443.48,16490.42022,-0.007745972114655341,-0.0038723836257725376,0.049297428245249214
2018-08-17,6480,6265.0,6530.0,6255.0,129.0,6468.48,6468.48,6468.48,6468.48,15697.19747,0.010861239431604634,0.019912550968909926,0.011037821502601268
2018-08-16,6410,6425.0,6455.0,6185.0,77.0,6340.95,6340.95,6340.95,6340.95,15524.88732,0.0062598013485067345,-0.0038469032215319113,0.010490918651154613
2018-08-15,6370,6155.0,6590.0,6155.0,198.0,6365.39,6365.39,6365.39,6365.39,15362.86834,0.04741748035745976,0.045887254242332774,-0.0187146866214174
2018-08-14,6075,6270.0,6275.0,5860.0,120.0,6079.9,6079.9,6079.9,6079.9,15653.08681,-0.025194343572749602,-0.0500073316230651,-0.0375118988798573
2018-08-13,6230,6350.0,6540.0,6170.0,182.0,6391.67,6391.67,6391.67,6391.67,16251.41589,-0.026140102231444213,-0.007248758146592354,-0.06772006971582058
2018-08-10,6395,6570.0,6570.0,6255.0,66.0,6438.17,6438.17,6438.17,6438.17,17390.08309,-0.010886577193014741,-0.00281206004545941,0.03962060632471275
2018-08-09,6465,6285.0,6530.0,6255.0,234.0,6456.3,6456.3,6456.3,6456.3,16714.54837,0.021102776067736036,-0.0006518637572401145,-0.08207740319762495
2018-08-08,6330,6800.0,6800.0,6100.0,172.0,6460.51,6460.51,6460.51,6460.51,18144.30801,-0.09703209155134457,-0.09052979862006155,-0.04730574533753807
2018-08-07,6975,6890.0,7120.0,6890.0,189.0,7072.67,7072.67,7072.67,7072.67,19023.26395,0.007194275634027231,0.02009113139960708,-0.017383429779556873
2018-08-06,6925,7050.0,7120.0,6880.0,152.0,6931.99,6931.99,6931.99,6931.99,19356.84451,-0.06160099784119138,-0.07408787877308352,-0.040910217508608585
2018-08-03,7365,7495.0,7520.0,7315.0,170.0,7465.07,7465.07,7465.07,7465.07,20165.15865,-0.021491760720345816,-0.008650937579564252,-0.018888748578785173
2018-08-02,7525,7525.0,7680.0,7460.0,161.0,7529.93,7529.93,7529.93,7529.93,20549.67333,-0.001991371384925287,-0.009286185602490895,-0.015448515922524707
2018-08-01,7540,7625.0,7705.0,7465.0,137.0,7600.18,7600.18,7600.18,7600.18,20869.60012,-0.024239640763944505,-0.016839902090236163,-0.0540605015264804
2018-07-31,7725,8170.0,8170.0,7655.0,327.0,7729.25,7729.25,7729.25,7729.25,22028.87432,-0.047402238894583906,-0.050957370972858955,-0.011972615938163907
2018-07-30,8100,8180.0,8260.0,7860.0,698.0,8133.32,8133.32,8133.32,8133.32,22294.20274,-0.014097689810838336,0.03478583318930044,0.0235725482607214
2018-07-27,8215,7975.0,8200.0,7825.0,201.0,7855.26,7855.26,7855.26,7855.26,21774.81724,-0.008484899389294842,-0.042695872638356856,-0.024829954438764294
2018-07-26,8285,8275.0,8325.0,8200.0,119.0,8197.91,8197.91,8197.91,8197.91,22322.25324,0.015202481902510648,0.0012010268757585748,-0.022571806478312726
2018-07-25,8160,8335.0,8490.0,8055.0,115.0,8188.07,8188.07,8188.07,8188.07,22831.83629,-0.015805800171187923,-0.001151012877928074,0.07240705667646317
2018-07-24,8290,7800.0,8385.0,7740.0,122.0,8197.5,8197.5,8197.5,8197.5,21237.08262,0.062209109264546786,0.062066191027805744,0.016432226293446612
2018-07-23,7790,7425.0,7845.0,7425.0,113.0,7704.18,7704.18,7704.18,7704.18,20890.96163,0.05610180996806336,0.030775674352020405,-0.022849363607998278
2018-07-20,7365,7485.0,7725.0,7345.0,215.0,7470.69,7470.69,7470.69,7470.69,21373.8021,-0.015493742071792289,0.00250222777783596,0.0005522713688839434
2018-07-19,7480,7390.0,7515.0,7345.0,26.0,7452.02,7452.02,7452.02,7452.02,21362.00122,0.008727816396490454,-0.0007753279770708716,-0.011188913568173867
2018-07-18,7415,7395.0,7600.0,7315.0,162.0,7457.8,7457.8,7457.8,7457.8,21602.36098,0.012211820686764463,0.10466499089211752,0.06251696722916077
2018-07-17,7325,6695.0,7420.0,6695.0,97.0,6716.69,6716.69,6716.69,6716.69,20293.19577,0.09217516735457672,0.015604943432980453,0.0691068191608244
2018-07-16,6680,6375.0,6710.0,6340.0,48.0,6612.69,6612.69,6612.69,6612.69,18938.15797,0.07860910503451354,0.056647494904464225,0.03545297214617641
2018-07-13,6175,6240.0,6335.0,6125.0,48.0,6248.51,6248.51,6248.51,6248.51,18278.50638,0.0016207458977333445,0.010633254746090405,-0.028063065376681223
2018-07-12,6165,6365.0,6370.0,6140.0,26.0,6182.42,6182.42,6182.42,6182.42,18798.72259,-0.028778964550043404,-0.028225825172858994,0.01530800628743351
2018-07-11,6345,6365.0,6370.0,6290.0,17.0,6359.41,6359.41,6359.41,6359.41,18513.14303,-0.003932368417720965,-0.0010938426868868606,-0.06276383391717275
2018-07-10,6370,6710.0,6710.0,6350.0,41.0,6366.37,6366.37,6366.37,6366.37,19712.33827,-0.051999481399518474,-0.05369256764581622,-0.02005713214405255
2018-07-09,6710,6745.0,6755.0,6690.0,40.0,6717.54,6717.54,6717.54,6717.54,20111.70291,0.02032437291976211,0.023624711505734596,0.018006508046226475
2018-07-05,6520,6540.0,6750.0,6500.0,16.0,6589.57,6589.57,6589.57,6589.57,19886.29039,-0.010678972575854255,0.002962087023647381,-0.006886713965837431
2018-07-03,6590,6660.0,6675.0,6565.0,5.0,6570.08,6570.08,6570.08,6570.08,20023.71424,-0.0068053192697549265,-0.0058700327293221095,0.05323394783421964
2018-07-02,6635,6290.0,6670.0,6290.0,47.0,6608.76,6608.76,6608.76,6608.76,18985.64819,0.1197820179728899,0.1158397794682102,0.06930782063198619
2018-06-29,5886,6005.0,6005.0,5840.0,860.0,5885.88,5885.88,5885.88,5885.88,17714.35831,-0.033250076628209495,-0.03652399890349508,-0.04562858050365608
2018-06-28,6085,6130.0,6160.0,6030.0,1962.0,6104.83,6104.83,6104.83,6104.83,18541.36339,-0.012250051105937911,0.006769981323936563,0.017007145379343697
2018-06-27,6160,6150.0,6150.0,6000.0,3229.0,6063.64,6063.64,6063.64,6063.64,18228.69407,0.0,-0.017991293754457835,-0.047597713669081644
2018-06-26,6160,6280.0,6280.0,6175.0,3173.0,6173.72,6173.72,6173.72,6173.72,19117.31872,-0.013704366032112641,-0.011133633469402071,0.013609810568722711
2018-06-25,6245,6150.0,6350.0,6115.0,4762.0,6242.84,6242.84,6242.84,6242.84,18858.89815,0.01289300696123329,0.011554862102327847,-0.11462783613511382
2018-06-22,6165,6710.0,6710.0,6035.0,3832.0,6171.12,6171.12,6171.12,6171.12,21149.42438,-0.08471081436728285,-0.08478510121413087,-0.008084894828854898
2018-06-21,6710,6780.0,6810.0,6745.0,1135.0,6717.16,6717.16,6717.16,6717.16,21321.10834,-0.0052025386761287784,-0.005408769194381297,-0.006038591502357593
2018-06-20,6745,6610.0,6840.0,6605.0,2108.0,6753.59,6753.59,6753.59,6753.59,21450.24732,0.0014836797973919443,0.001179327534861014,0.014829706632885319
2018-06-19,6735,6740.0,6850.0,6715.0,1563.0,6745.63,6745.63,6745.63,6745.63,21134.4935,0.00595683071919139,0.046079121874640694,0.03999611622193688
2018-06-18,6695,6470.0,6795.0,6400.0,2794.0,6441.85,6441.85,6441.85,6441.85,20305.87702,0.024954035854796205,-0.010909176643223644,-0.04574308005273018
2018-06-15,6530,6560.0,6595.0,6550.0,2485.0,6512.51,6512.51,6512.51,6512.51,21256.30235,-0.015951724495831085,0.016630394557626604,0.06074329833955112
2018-06-14,6635,6340.0,6730.0,6340.0,4461.0,6405.1,6405.1,6405.1,6405.1,20003.55753,0.056582313139341596,-0.005283359624432912,-0.04104648904269163
2018-06-13,6270,6600.0,6600.0,6175.0,5146.0,6439.03,6439.03,6439.03,6439.03,20841.71742,-0.03602582225676206,-0.04841270690654843,-0.0614976603869253
2018-06-12,6500,6910.0,6910.0,6475.0,3875.0,6758.43,6758.43,6758.43,6758.43,22163.66605,-0.037740327982847086,0.004639037564152608,0.018483529631714544
2018-06-11,6750,6800.0,6900.0,6670.0,3861.0,6727.15,6727.15,6727.15,6727.15,21757.76606,-0.12581652422520856,-0.11936294191847786,-0.13726041472873515
2018-06-08,7655,7680.0,7700.0,7645.0,1301.0,7580.01,7580.01,7580.01,7580.01,24958.91739,-0.00651043966243201,-0.014177369747901833,3.8073690265272e-05
2018-06-07,7705,7810.0,7810.0,7730.0,1437.0,7688.24,7688.24,7688.24,7688.24,24957.96713,0.021647286752214456,0.007503131026788807,-0.0016250993353834338
2018-06-06,7540,7685.0,7715.0,7605.0,1450.0,7630.77,7630.77,7630.77,7630.77,24998.55928,-0.011210140473610655,0.030593899157211342,0.020414542955563057
2018-06-05,7625,7550.0,7695.0,7420.0,2069.0,7400.85,7400.85,7400.85,7400.85,24493.39897,0.016529301951210506,-0.010648628637833035,-0.03341518292420896
2018-06-04,7500,7895.0,7900.0,7650.0,1625.0,7480.08,7480.08,7480.08,7480.08,25325.67832,0.008032171697264253,0.007988961086801603,0.05630925455717484
2018-06-01,7440,7565.0,7660.0,7420.0,2197.0,7420.56,7420.56,7420.56,7420.56,23939.0156,-0.014014243374811677,-0.015976939766841905,0.018727312249951514
2018-05-31,7545,7335.0,7660.0,7335.0,2102.0,7540.07,7540.07,7540.07,7540.07,23494.87395,0.03027476424659209,0.008674035505230843,-0.008117584798845575
2018-05-30,7320,7505.0,7620.0,7270.0,2471.0,7474.95,7474.95,7474.95,7474.95,23686.37178,-0.02362580358134083,0.006968753513399875,0.06890975200763502
2018-05-29,7495,7365.0,7580.0,7050.0,5052.0,7423.04,7423.04,7423.04,7423.04,22109.11795,0.007365282709560468,-0.009506017156551583,-0.10714315637377227
2018-05-25,7440,7525.0,7675.0,7330.0,2069.0,7493.94,7493.94,7493.94,7493.94,24609.51746,-0.02127739844728485,-0.0011882544262302736,0.025284653277085532
2018-05-24,7600,7500.0,7730.0,7275.0,713.0,7502.85,7502.85,7502.85,7502.85,23995.07506,0.0,-0.04888123652425954,-0.0760505663880818
2018-05-23,7600,8075.0,8075.0,7445.0,672.0,7878.71,7878.71,7878.71,7878.71,25891.09714,-0.0741549635308128,-0.04308462599776425,-0.05813454467541738
2018-05-22,8185,8380.0,8430.0,8100.0,514.0,8225.58,8225.58,8225.58,8225.58,27440.87567,-0.024737309656016622,-0.023337264120433944,-0.017812397533088973
2018-05-21,8390,8570.0,8605.0,8350.0,583.0,8419.8,8419.8,8419.8,8419.8,27934.04266,0.0168273201325253,0.04207454034875922,0.055372548365401675
2018-05-18,8250,8040.0,8275.0,7980.0,445.0,8072.89,8072.89,8072.89,8072.89,26429.30847,0.0060790460763821925,-0.029371570566781677,-0.046599302204226936
2018-05-17,8200,8365.0,8480.0,8185.0,200.0,8313.52,8313.52,8313.52,8313.52,27690.04233,-0.01212136053234485,0.013502639824484556,-0.010552308643143857
2018-05-16,8300,8470.0,8485.0,8150.0,186.0,8202.02,8202.02,8202.02,8202.02,27983.7833,-0.03317839869731868,-0.05119191178295674,-0.03965297204359277
2018-05-15,8580,8770.0,8855.0,8470.0,163.0,8632.83,8632.83,8632.83,8632.83,29115.71744,-0.023042494147154355,-0.012243986576130787,-0.00436600280738062
2018-05-14,8780,8750.0,8875.0,8300.0,138.0,8739.18,8739.18,8739.18,8739.18,29243.11465,0.014917086703237385,0.01606462566721008,-0.01983381890168374
2018-05-11,8650,9130.0,9135.0,8445.0,180.0,8599.91,8599.91,8599.91,8599.91,29828.90734,-0.05181339032807895,-0.08223112139543472,-0.0417971495969816
2018-05-10,9110,9380.0,9425.0,9100.0,111.0,9336.98,9336.98,9336.98,9336.98,31102.09306,-0.02064168888734326,0.007265285738995961,0.002406932545423114
2018-05-09,9300,9160.0,9345.0,8990.0,91.0,9269.39,9269.39,9269.39,9269.39,31027.32244,0.004310351501122263,0.015089449542393404,-0.01719872029858676
2018-05-08,9260,9345.0,9505.0,9070.0,94.0,9130.57,9130.57,9130.57,9130.57,31565.56798,-0.0224248585398989,-0.013534741325379875,-0.03685364621185013
2018-05-07,9470,9650.0,9720.0,9215.0,133.0,9254.99,9254.99,9254.99,9254.99,32750.57607,-0.022965518704687955,-0.04232340762680202,0.0073721921885582945
2018-05-04,9690,9680.0,9850.0,9575.0,87.0,9655.1,9655.1,9655.1,9655.1,32510.02033,0.0005161290437156547,0.024810432914513667,0.0565405254548307
2018-05-03,9685,9250.0,9800.0,9215.0,190.0,9418.5,9418.5,9418.5,9418.5,30722.88554,0.05573211817292031,0.03607095146665097,0.017438951071889502
2018-05-02,9160,9045.0,9200.0,8995.0,58.0,9084.82,9084.82,9084.82,9084.82,30191.75528,0.018733330202510046,0.01994593154204937,-0.0020478507697456864
2018-05-01,8990,9275.0,9275.0,8835.0,59.0,8905.41,8905.41,8905.41,8905.41,30253.64684,-0.04086648741252292,-0.03959245779304958,-0.03500268068648749
2018-04-30,9365,9430.0,9440.0,9165.0,59.0,9265.07,9265.07,9265.07,9265.07,31331.35692,0.029254523925966287,0.0036710304259585363,0.04418380567088319
2018-04-27,9095,9195.0,9415.0,8970.0,92.0,9231.12,9231.12,9231.12,9231.12,29977.15552,0.02111189522846071,0.04750825990350356,0.060922981775054875
2018-04-26,8905,8825.0,9190.0,8785.0,48.0,8802.82,8802.82,8802.82,8802.82,28205.37682,-0.011722154878621596,-0.00961980157843505,-0.11590960525774965
2018-04-24,9475,8980.0,9460.0,8980.0,66.0,9285.56,9285.56,9285.56,9285.56,28951.205,0.06710998635150049,0.04201155485326721,0.0311698065596739
2018-04-23,8860,8895.0,8995.0,8800.0,64.0,8903.54,8903.54,8903.54,8903.54,28062.72042,0.037957403113401796,0.04629455556652028,0.07396671434227321
2018-04-20,8530,8450.0,8560.0,8450.0,19.0,8500.75,8500.75,8500.75,8500.75,26061.92158,0.03216477397070106,0.03358783547149169,0.050475277271546576
2018-04-19,8260,8130.0,8320.0,8130.0,13.0,8219.97,8219.97,8219.97,8219.97,24779.08693,0.01586366397316748,0.016755220426303164,0.051684532408125095
2018-04-18,8130,7900.0,8185.0,7885.0,46.0,8083.39,8083.39,8083.39,8083.39,23530.92459,0.03123301968993137,-0.0019860537893166825,-0.012636876435638975
2018-04-17,7880,8120.0,8140.0,7840.0,38.0,8099.46,8099.46,8099.46,8099.46,23830.16875,-0.012610507591929696,0.016560930074285787,-0.024117536390609325
2018-04-16,7980,7995.0,8430.0,7940.0,25.0,7966.43,7966.43,7966.43,7966.43,24411.88024,-0.016775789504837126,-0.016409056566104814,0.05995780421310249
2018-04-13,8115,7780.0,8200.0,7780.0,30.0,8098.23,8098.23,8098.23,8098.23,22991.21312,0.053793417449001936,0.05311712210901068,0.12160248027220624
2018-04-12,7690,6950.0,7785.0,6725.0,162.0,7679.3,7679.3,7679.3,7679.3,20358.72617,0.10550501388797447,0.10089814634838347,0.03724176240444576
2018-04-10,6845,6720.0,6810.0,6720.0,4.0,6749.86,6749.86,6749.86,6749.86,19371.72905,0.024400471191857814,0.005209207711224736,-0.01822569588580055
2018-04-09,6680,7090.0,7165.0,6635.0,26.0,6714.79,6714.79,6714.79,6714.79,19728.02934,0.007513183350783192,0.015308415884078335,0.014632615309543864
2018-04-06,6630,6825.0,6825.0,6530.0,24.0,6612.78,6612.78,6612.78,6612.78,19441.45843,-0.02015745742498017,-0.03405986892245328,0.00600346216783479
2018-04-05,6765,6600.0,6850.0,6600.0,24.0,6841.89,6841.89,6841.89,6841.89,19325.09202,-0.016129381929883644,-0.007117374476235468,-0.09197103021084573
2018-04-04,6875,7310.0,7310.0,6760.0,24.0,6890.76,6890.76,6890.76,6890.76,21186.73729,-0.08367247572411507,-0.06168771449895261,0.06584007481478409
2018-04-03,7475,7210.0,7510.0,7210.0,16.0,7329.22,7329.22,7329.22,7329.22,19836.73083,0.06636851115930556,0.0551106989795419,0.033674406369790674
2018-04-02,6995,7020.0,7030.0,6960.0,6.0,6936.23,6936.23,6936.23,6936.23,19179.86259,-0.05493212684266594,-0.0633571570147919,-0.1554439716823806
2018-03-29,7390,7560.0,7560.0,7100.0,1097.0,7389.91,7389.91,7389.91,7389.91,22405.46443,-0.0635654497515864,-0.07040632323898832,0.005038590539611213
2018-03-28,7875,7885.0,7965.0,7885.0,3252.0,7928.96,7928.96,7928.96,7928.96,22292.8564,-0.0025364629959086313,-0.0167973019324728,-0.05148067722102755
2018-03-27,7895,8240.0,8240.0,8240.0,3738.0,8063.27,8063.27,8063.27,8063.27,23470.5622,-0.0018981340719571114,-0.0010139625231592863,-0.04999061083083203
2018-03-26,7910,8030.0,8125.0,7920.0,2433.0,8071.45,8071.45,8071.45,8071.45,24673.69199,-0.08537708820033046,-0.0659607356209501,-0.030376795675938442
2018-03-23,8615,8680.0,8680.0,8635.0,2895.0,8621.8,8621.8,8621.8,8621.8,25434.69966,-0.0017396351154435896,0.006512846487922589,-0.03169345843513009
2018-03-22,8630,8900.0,8900.0,8665.0,2123.0,8565.83,8565.83,8565.83,8565.83,26253.72355,-0.029682544430476646,-0.06252647712170604,0.0040797420731432405
2018-03-21,8890,9085.0,9085.0,8925.0,1829.0,9118.52,9118.52,9118.52,9118.52,26146.83332,-0.006167667434869272,0.06562613087807134,0.022809220376550227
2018-03-20,8945,8640.0,9000.0,8640.0,2050.0,8539.32,8539.32,8539.32,8539.32,25557.1946,0.06286301111141454,-0.0026804588263386942,0.062296728887691645
2018-03-19,8400,8215.0,8645.0,8215.0,2746.0,8562.24,8562.24,8562.24,8562.24,24013.64324,-0.01828420149488892,0.005988294367611328,-0.053730470537414254
2018-03-16,8555,8315.0,8620.0,8315.0,3065.0,8511.12,8511.12,8511.12,8511.12,25339.2001,0.038122543714553245,0.05527421445230162,0.0029022515864916866
2018-03-15,8235,8000.0,8405.0,7820.0,3093.0,8053.44,8053.44,8053.44,8053.44,25265.76598,-0.004845557633523001,-0.07794527499657047,-0.11152619517486072
2018-03-14,8275,9370.0,9370.0,8230.0,2638.0,8706.28,8706.28,8706.28,8706.28,28246.69759,-0.09173334286391868,-0.03888257112011171,-0.00573452972616173
2018-03-13,9070,9520.0,9520.0,9190.0,3375.0,9051.47,9051.47,9051.47,9051.47,28409.14445,0.017798022644327213,-0.022734755679903792,-0.03010425401653989
2018-03-12,8910,9500.0,9865.0,9300.0,2732.0,9259.61,9259.61,9259.61,9259.61,29277.38383,-0.011715615172562642,0.02663342630474291,0.015612549654294334
2018-03-09,9015,9330.0,9330.0,8520.0,2742.0,9016.25,9016.25,9016.25,9016.25,28823.83893,-0.041819832620677636,-0.09184628946992167,-0.06295240252820654
2018-03-08,9400,9870.0,10150.0,9305.0,2524.0,9883.58,9883.58,9883.58,9883.58,30696.70095,-0.04065176726646075,-0.07458274519407243,-0.06967069987271471
2018-03-07,9790,10250.0,10250.0,9885.0,1888.0,10648.91,10648.91,10648.91,10648.91,32911.62332,-0.08419843561301507,-0.03169200076377602,-0.05999558563851467
2018-03-06,10650,11300.0,11300.0,10740.0,1580.0,10991.8,10991.8,10991.8,10991.8,34946.61018,-0.08673747406693835,-0.043441171062472514,0.0027330513246514123
2018-03-05,11615,11300.0,11670.0,11300.0,990.0,11479.82,11479.82,11479.82,11479.82,34851.2297,0.048962370128183705,0.05741044790944209,0.01925054851967902
2018-03-02,11060,11095.0,11095.0,11095.0,748.0,10839.32,10839.32,10839.32,10839.32,34186.74082,-0.0004519774088242649,0.012872972566120832,0.03381188943398439
2018-03-01,11065,10775.0,11085.0,10775.0,1345.0,10700.68,10700.68,10700.68,10700.68,33050.14601,0.03869667515757014,0.016337307663852444,-0.03844924279371534
2018-02-28,10645,10665.0,11005.0,10330.0,1130.0,10527.28,10527.28,10527.28,10527.28,34345.64498,-0.0014081203922556723,-0.0025112638150001764,0.018262904524236703
2018-02-27,10660,10285.0,10875.0,10100.0,761.0,10553.75,10553.75,10553.75,10553.75,33724.08675,0.03922071315328133,0.03328405050406324,0.043690095776386294
2018-02-26,10250,9680.0,10390.0,9270.0,745.0,10208.26,10208.26,10208.26,10208.26,32282.40118,0.029705154413915694,-0.010831329472393939,-0.0036296421316917384
2018-02-23,9950,9880.0,10340.0,9530.0,1473.0,10319.43,10319.43,10319.43,10319.43,32399.78765,-0.014467700594299365,0.030236162020792427,-0.12436867745558372
2018-02-22,10095,10500.0,10865.0,9760.0,530.0,10012.08,10012.08,10012.08,10012.08,36690.59834,-0.02687677047663514,-0.05404955824051072,-0.007940329566312705
2018-02-21,10370,11220.0,11280.0,10260.0,623.0,10568.12,10568.12,10568.12,10568.12,36983.0935,-0.12493621834873198,-0.08098413921071347,-0.003969453526371687
2018-02-20,11750,10500.0,11785.0,10390.0,662.0,11459.58,11459.58,11459.58,11459.58,37130.18792,0.154292533859697,0.1282509735984575,0.046365093814470314
2018-02-16,10070,10095.0,10335.0,9790.0,292.0,10080.22,10080.22,10080.22,10080.22,35447.94334,-0.006434073173492487,0.023893792427671697,0.03753331327117802
2018-02-15,10135,9450.0,10220.0,9450.0,372.0,9842.22,9842.22,9842.22,9842.22,34142.12374,0.08061843660336775,0.06194856062138826,0.10012518578079853
2018-02-14,9350,8520.0,9440.0,8520.0,178.0,9251.01,9251.01,9251.01,9251.01,30889.20396,0.06861097344908476,0.0807120477605833,-0.035541509744491356
2018-02-13,8730,9005.0,9005.0,8400.0,129.0,8533.68,8533.68,8533.68,8533.68,32006.79571,-0.01759909175510385,-0.008990735667659806,0.07418377755881084
2018-02-12,8885,8510.0,8870.0,8135.0,177.0,8610.75,8610.75,8610.75,8610.75,29718.34312,0.03260225834715258,0.028989757082674483,0.024784233957691335
