,Date,CRIX,future,log return CRIX,log return future
375,2019-08-09 00:00:00+00:00,25648.4100007355,12025.0,-0.0005758199360087515,-0.019761861718627753
376,2019-08-08 00:00:00+00:00,25663.1831194608,12265.0,0.03418994010680422,0.03737976707158149
377,2019-08-07 00:00:00+00:00,24800.5904473699,11815.0,-0.030248154933479748,-0.028370697129215576
378,2019-08-06 00:00:00+00:00,25562.223476076,12155.0,0.06680481507908967,0.08585277988359089
379,2019-08-05 00:00:00+00:00,23910.3352117836,11155.0,0.046122318567524835,0.04820763553063922
380,2019-08-02 00:00:00+00:00,22832.5804379519,10630.0,0.022130362545778298,0.038844490424991045
381,2019-08-01 00:00:00+00:00,22332.8372991482,10225.0,0.04716273887913763,0.03837999086470333
382,2019-07-31 00:00:00+00:00,21304.0113465034,9840.0,0.009405128415458736,0.028345108171945858
383,2019-07-30 00:00:00+00:00,21104.5836755058,9565.0,-0.006492644543651466,-0.012467693966743
384,2019-07-29 00:00:00+00:00,21242.0540256971,9685.0,-0.03257371174774716,-0.0409665375065584
385,2019-07-26 00:00:00+00:00,21945.3793411889,10090.0,0.006188855398273944,0.009960241705055434
386,2019-07-25 00:00:00+00:00,21809.9819713225,9990.0,-0.0038086210297177143,-0.03925921245067384
387,2019-07-24 00:00:00+00:00,21893.2063117012,10390.0,-0.039322466685403686,-0.006236527769460881
388,2019-07-23 00:00:00+00:00,22771.2515015601,10455.0,-0.027356803924013615,-0.04580239809422937
389,2019-07-22 00:00:00+00:00,23402.7993424541,10945.0,-0.0016047735789877825,0.008717650988357766
390,2019-07-19 00:00:00+00:00,23440.3856872334,10850.0,0.09245829340454892,0.07311590858029347
391,2019-07-18 00:00:00+00:00,21370.3003803557,10085.0,0.021267307181342086,0.038923285896838036
392,2019-07-17 00:00:00+00:00,20920.610434095,9700.0,-0.1322785333927429,-0.13481922280895137
393,2019-07-16 00:00:00+00:00,23879.3328758936,11100.0,0.056734384456963514,0.009049835519917856
394,2019-07-15 00:00:00+00:00,22562.2683083152,11000.0,-0.10816459058414006,-0.046623316084341636
395,2019-07-12 00:00:00+00:00,25139.5815375957,11525.0,-0.07352164127144518,-0.05609735461046797
396,2019-07-11 00:00:00+00:00,27057.5261869446,12190.0,-0.03695140062854822,-0.06433341396835655
397,2019-07-10 00:00:00+00:00,28076.0415742078,13000.0,0.014341247986419291,0.01316317883399178
398,2019-07-09 00:00:00+00:00,27676.2695660506,12830.0,0.05735868485911376,0.09519327315415171
399,2019-07-08 00:00:00+00:00,26133.4647348648,11665.0,0.023101749862691468,-0.01065880907588628
400,2019-07-05 00:00:00+00:00,25536.6561729407,11790.0,0.028011047174116885,0.06981109054255501
401,2019-07-03 00:00:00+00:00,24831.2730726584,10995.0,0.005009341170300292,0.015582350118170963
402,2019-07-02 00:00:00+00:00,24707.1957863349,10825.0,-0.013621177885777417,-0.06309406039241414
403,2019-07-01 00:00:00+00:00,25046.0393806649,11530.0,-0.0250176453877151,0.05940572057257474
404,2019-06-28 00:00:00+00:00,25680.536025263,10865.0,-0.1465368418433017,-0.1401820305998625
405,2019-06-27 00:00:00+00:00,29733.3762322391,12500.0,0.07843736121629073,0.08164398904051023
406,2019-06-26 00:00:00+00:00,27490.2894797922,11520.0,0.05255733848931686,0.04301261555904538
407,2019-06-25 00:00:00+00:00,26082.7843696457,11035.0,0.013789318609064505,0.010018298727045887
408,2019-06-24 00:00:00+00:00,25725.588946411,10925.0,0.12142599450503369,0.12772936194091086
409,2019-06-21 00:00:00+00:00,22784.0374946538,9615.0,0.023056759113821813,0.031161750343243186
410,2019-06-20 00:00:00+00:00,22264.7213106931,9320.0,0.018050564578640762,0.03271829462296748
411,2019-06-19 00:00:00+00:00,21866.4359726046,9020.0,-0.02686837399163866,-0.037535001821519524
412,2019-06-18 00:00:00+00:00,22461.9155125748,9365.0,0.0298233991754014,0.032558491689237516
413,2019-06-17 00:00:00+00:00,21801.9154804164,9065.0,0.08305914746693487,0.08036450976802707
414,2019-06-14 00:00:00+00:00,20064.2311404522,8365.0,0.007595787489102004,0.022364183824131613
415,2019-06-13 00:00:00+00:00,19912.4048546581,8180.0,0.031221286419772697,0.03103911496789907
416,2019-06-12 00:00:00+00:00,19300.318736777,7930.0,-0.01210565297374308,-0.006285375814960753
417,2019-06-11 00:00:00+00:00,19535.3816219078,7980.0,0.04407094142232377,0.03897011798845661
418,2019-06-10 00:00:00+00:00,18693.134589236,7675.0,-0.034674874900713346,-0.01165816312738952
419,2019-06-07 00:00:00+00:00,19352.6855330898,7765.0,0.006975788639283886,0.002578982731818356
420,2019-06-06 00:00:00+00:00,19218.1550628104,7745.0,0.02023274117328286,0.028816663233892627
421,2019-06-05 00:00:00+00:00,18833.2263186572,7525.0,-0.06241697564563532,-0.12886937951871136
422,2019-06-04 00:00:00+00:00,20046.2006677971,8560.0,-0.06835385930400924,-0.019665179697860146
423,2019-06-03 00:00:00+00:00,21464.3517785094,8730.0,0.05031758562914982,0.04810311501839371
424,2019-05-31 00:00:00+00:00,20411.0397072212,8320.0,-0.04244725365563657,-0.04695698308777098
425,2019-05-30 00:00:00+00:00,21296.08323763,8720.0,-0.008044086900972008,-0.010268202027199908
426,2019-05-29 00:00:00+00:00,21468.0816394271,8810.0,-0.007406894261797113,0.017172717373744387
427,2019-05-28 00:00:00+00:00,21627.6837986176,8660.0,0.12138349978325585,0.09692811613322863
428,2019-05-24 00:00:00+00:00,19155.5147683492,7860.0,0.021298499964663938,0.02186582292356253
429,2019-05-23 00:00:00+00:00,18751.8450766664,7690.0,-0.04148026680661007,-0.04014556293112545
430,2019-05-22 00:00:00+00:00,19546.0343336326,8005.0,0.0028418312732827883,-0.01179771522971508
431,2019-05-21 00:00:00+00:00,19490.5666542174,8100.0,-0.028128359085315368,0.0018535686493228347
432,2019-05-20 00:00:00+00:00,20046.58763064,8085.0,0.025157984055976034,0.0455486702452609
433,2019-05-17 00:00:00+00:00,19548.5470157932,7725.0,-0.025786128873644853,-0.06332419190516934
434,2019-05-16 00:00:00+00:00,20059.1837464504,8230.0,0.046359030015907784,0.044727952259666644
435,2019-05-15 00:00:00+00:00,19150.4853716655,7870.0,0.051374511689197565,-0.027570668641088408
436,2019-05-14 00:00:00+00:00,18191.4835798735,8090.0,0.10046656906016566,0.1256164801416006
437,2019-05-13 00:00:00+00:00,16452.6569409294,7135.0,0.11013143948731804,0.14937350791080162
438,2019-05-10 00:00:00+00:00,14736.9145642074,6145.0,0.026940278089902715,0.04408198110746256
439,2019-05-09 00:00:00+00:00,14345.1981535074,5880.0,0.007835228904832075,0.0
440,2019-05-08 00:00:00+00:00,14233.2394261869,5880.0,0.018052119044388706,0.029337738242616682
441,2019-05-07 00:00:00+00:00,13978.6045581291,5710.0,0.00289558015137302,-0.013049336977721098
442,2019-05-06 00:00:00+00:00,13938.1869327034,5785.0,0.043776900151724016,0.070722975724734
443,2019-05-03 00:00:00+00:00,13341.1792283171,5390.0,0.014545006426376498,0.01401237312699455
444,2019-05-02 00:00:00+00:00,13148.5360848277,5315.0,0.005324367863327309,0.012304935190378874
445,2019-05-01 00:00:00+00:00,13078.7144847367,5250.0,0.029567670560739296,0.022148233223010773
446,2019-04-30 00:00:00+00:00,12697.6684456663,5135.0,-0.016902309852715198,0.004880439164908569
447,2019-04-29 00:00:00+00:00,12914.1124207778,5110.0,0.009711350951882969,-0.05519954935461563
448,2019-04-26 00:00:00+00:00,12789.3059434556,5400.0,-0.04819394135981501,-0.011049836186584935
449,2019-04-25 00:00:00+00:00,13420.7670872761,5460.0,-0.028296620857682787,-0.020843527589368773
450,2019-04-24 00:00:00+00:00,13805.9534806514,5575.0,0.013534682240239062,0.015364061824743246
451,2019-04-23 00:00:00+00:00,13620.3531413736,5490.0,0.009580729880368009,0.03333642026759171
452,2019-04-22 00:00:00+00:00,13490.4833342203,5310.0,0.006840349047934937,0.012316593405586966
453,2019-04-18 00:00:00+00:00,13398.5186133726,5245.0,0.0019188935800906126,0.000953743515309635
454,2019-04-17 00:00:00+00:00,13372.8329339469,5240.0,0.027833891787952963,0.040901514221302934
455,2019-04-16 00:00:00+00:00,13005.7473581696,5030.0,-0.021269366859982507,-0.01675741529194195
456,2019-04-15 00:00:00+00:00,13285.3341469936,5115.0,0.019429757883230037,0.01775194545845032
457,2019-04-12 00:00:00+00:00,13029.6948680326,5025.0,-0.06249790507762608,-0.05422431812080701
458,2019-04-11 00:00:00+00:00,13870.0089317887,5305.0,0.02340431148393973,0.018069916300670858
459,2019-04-10 00:00:00+00:00,13549.16019,5210.0,-0.020816000838802494,-0.017126964792800597
460,2019-04-09 00:00:00+00:00,13834.15546,5300.0,0.01097020656364727,0.01808711849114397
461,2019-04-08 00:00:00+00:00,13683.22132,5205.0,0.06284590090109295,0.05428071401233338
462,2019-04-05 00:00:00+00:00,12849.75134,4930.0,-0.018294542587617767,-0.060982510278352074
463,2019-04-04 00:00:00+00:00,13086.99518,5240.0,0.01507905393732536,0.09188095182958626
464,2019-04-03 00:00:00+00:00,12891.13607,4780.0,0.15934681702191145,0.14012811819595314
465,2019-04-02 00:00:00+00:00,10992.27916,4155.0,0.010140810094977451,0.014545711002378716
466,2019-04-01 00:00:00+00:00,10881.37184,4095.0,0.02145133744574913,0.022223136784710256
467,2019-03-29 00:00:00+00:00,10650.43764,4005.0,-0.005425487234475071,-0.001247660798155252
468,2019-03-28 00:00:00+00:00,10708.37849,4010.0,0.03099375365614857,0.026533458026828573
469,2019-03-27 00:00:00+00:00,10381.57622,3905.0,-0.009326029430903842,0.00513479947203844
470,2019-03-26 00:00:00+00:00,10478.84798,3885.0,-0.00761052275041733,-0.020382871267200557
471,2019-03-25 00:00:00+00:00,10558.90173,3965.0,0.007818690387964988,-0.0012602396122877771
472,2019-03-22 00:00:00+00:00,10476.66685,3970.0,-0.018359861538815376,-0.011271252699625997
473,2019-03-21 00:00:00+00:00,10670.79362,4015.0,0.00824457217395843,0.0062461164969529895
474,2019-03-20 00:00:00+00:00,10583.17916,3990.0,0.00616211512490642,0.0050251362026729795
475,2019-03-19 00:00:00+00:00,10518.16491,3970.0,0.0007340884477309693,0.0012602396122877732
476,2019-03-18 00:00:00+00:00,10510.44648,3965.0,0.031326305252554275,0.029432706787118408
477,2019-03-15 00:00:00+00:00,10186.29674,3850.0,0.004193104169096756,0.0026007817000574403
478,2019-03-14 00:00:00+00:00,10143.67396,3840.0,-0.0033116939911014003,-0.003898640415657309
479,2019-03-13 00:00:00+00:00,10177.32239,3855.0,0.007690839114150135,0.002597404057685471
480,2019-03-12 00:00:00+00:00,10099.35046,3845.0,-0.016169541559693624,-0.01034938086200352
481,2019-03-11 00:00:00+00:00,10263.97973,3885.0,0.01247992183487514,-0.005134799472038528
482,2019-03-08 00:00:00+00:00,10136.68205,3905.0,0.0018562358611238815,0.01288677627635643
483,2019-03-07 00:00:00+00:00,10117.88343,3855.0,0.004217794304795019,0.005201572196073408
484,2019-03-06 00:00:00+00:00,10075.29815,3835.0,0.04709068680472374,0.042616302154419514
485,2019-03-05 00:00:00+00:00,9611.843285,3675.0,-0.029087224407155905,-0.028170876966696335
486,2019-03-04 00:00:00+00:00,9895.53097,3780.0,-0.005388158758917958,-0.0013218772579158245
487,2019-03-01 00:00:00+00:00,9948.993565,3785.0,-7.346292348035848e-05,0.005298025637555194
488,2019-02-28 00:00:00+00:00,9949.724474,3765.0,0.0006761145666316403,-0.003976148379639406
489,2019-02-27 00:00:00+00:00,9942.999594,3780.0,-0.0088804328282315,-0.006591981682152837
490,2019-02-26 00:00:00+00:00,10031.69096,3805.0,0.023923805379054287,0.009240989853729654
491,2019-02-25 00:00:00+00:00,9794.542792,3770.0,-0.048575792327185056,-0.03261867786279223
492,2019-02-22 00:00:00+00:00,10282.06551,3895.0,-0.019958650168440787,-0.01021720254665494
493,2019-02-21 00:00:00+00:00,10489.34327,3935.0,0.024874194350781222,0.005095552426600095
494,2019-02-20 00:00:00+00:00,10231.64758,3915.0,0.007274465087167938,0.09085015329679551
495,2019-02-19 00:00:00+00:00,10157.48788,3575.0,0.0966766637888561,0.00701757265864654
496,2019-02-15 00:00:00+00:00,9221.470286,3550.0,-0.007291085992777648,-0.005617992304223261
497,2019-02-14 00:00:00+00:00,9288.950522,3570.0,-0.008219531938088751,0.0014015419252884772
498,2019-02-13 00:00:00+00:00,9365.615993,3565.0,0.004231832319376193,-0.004198746546349716
499,2019-02-12 00:00:00+00:00,9326.06602,3580.0,-0.014742267051901126,-0.0069589703243034574
500,2019-02-11 00:00:00+00:00,9464.571812,3605.0,0.09428527515347754,0.08235698780851518
501,2019-02-08 00:00:00+00:00,8612.979153,3320.0,0.0006609223868314129,-0.004507896439189817
502,2019-02-07 00:00:00+00:00,8607.288523,3335.0,-0.021361096063922794,-0.010440064996683285
503,2019-02-06 00:00:00+00:00,8793.127435,3370.0,0.0009337150970726184,0.0
504,2019-02-05 00:00:00+00:00,8784.920991,3370.0,0.002067263281057207,-0.002962965130657072
505,2019-02-04 00:00:00+00:00,8766.779005,3380.0,0.004639931384257301,0.0029629651306570487
506,2019-02-01 00:00:00+00:00,8726.195976,3370.0,0.006197366821155111,-0.014727806710243398
507,2019-01-31 00:00:00+00:00,8672.283768,3420.0,0.02867449158021524,0.017699577099400857
508,2019-01-30 00:00:00+00:00,8427.141896,3360.0,-0.007235893129185228,-0.005934735519814578
509,2019-01-29 00:00:00+00:00,8488.340942,3380.0,-0.04622426108773042,-0.030592334717559812
510,2019-01-28 00:00:00+00:00,8889.918031,3485.0,-0.010146185544034146,-0.007147993265287284
511,2019-01-25 00:00:00+00:00,8980.575927,3510.0,0.0035882675689453093,0.005714301263438635
512,2019-01-24 00:00:00+00:00,8948.408964,3490.0,-0.005696714101980344,-0.012811563134200279
513,2019-01-23 00:00:00+00:00,8999.530967,3535.0,0.011952733474178766,0.015681005562153075
514,2019-01-22 00:00:00+00:00,8892.60229,3480.0,-0.028447903907541133,-0.01568100556215309
515,2019-01-18 00:00:00+00:00,9149.210868,3535.0,0.004553018100958201,0.0014154284033307597
516,2019-01-17 00:00:00+00:00,9107.649033,3530.0,0.013890995113647102,-0.0028288562004777137
517,2019-01-16 00:00:00+00:00,8982.009375,3540.0,-0.029102054689732825,-0.026482383839799617
518,2019-01-15 00:00:00+00:00,9247.245035,3635.0,0.057363394810087946,0.043576817199099706
519,2019-01-14 00:00:00+00:00,8731.71918,3480.0,-0.05287380095172102,-0.028330506626225996
520,2019-01-11 00:00:00+00:00,9205.821717,3580.0,-0.11043241385710717,-0.10717451182956941
521,2019-01-10 00:00:00+00:00,10280.70146,3985.0,0.007415511460434127,0.003771217543079324
522,2019-01-09 00:00:00+00:00,10204.74677,3970.0,0.000601754005021223,0.013950765256332593
523,2019-01-08 00:00:00+00:00,10198.60787,3915.0,-0.011659785902255958,-0.0038240964384033942
524,2019-01-07 00:00:00+00:00,10318.21741,3930.0,0.05816324261682757,0.05223119222544573
525,2019-01-04 00:00:00+00:00,9735.195988,3730.0,-0.0337708971833887,-0.01859283307661586
526,2019-01-03 00:00:00+00:00,10069.57668,3800.0,0.03666118605689701,-0.020834086902842025
527,2019-01-02 00:00:00+00:00,9707.099083,3880.0,0.005701878369198759,0.030087292383325148
528,2018-12-31 00:00:00+00:00,9651.907881,3765.0,0.08024201199331929,0.05598731638791787
529,2018-12-28 00:00:00+00:00,8907.677913,3560.0,-0.07329434867127148,-0.06524052186840097
530,2018-12-27 00:00:00+00:00,9585.082085,3800.0,0.010538115602954088,0.006600684031352093
531,2018-12-26 00:00:00+00:00,9484.603738,3775.0,-0.04195332527593499,-0.04531519621204249
532,2018-12-24 00:00:00+00:00,9890.979202,3950.0,0.002313867635504982,-0.022529113060028222
533,2018-12-21 00:00:00+00:00,9868.119243,4040.0,0.09971631094124245,0.09469155930825864
534,2018-12-20 00:00:00+00:00,8931.576968,3675.0,0.008179031915793052,0.03460552917747552
535,2018-12-19 00:00:00+00:00,8858.823248,3550.0,0.05054516595845172,0.02135312447056906
536,2018-12-18 00:00:00+00:00,8422.180602,3475.0,0.0983131762336523,0.08871328222467002
537,2018-12-17 00:00:00+00:00,7633.569783,3180.0,-0.021899258824933977,-0.017147731160778393
538,2018-12-14 00:00:00+00:00,7802.583183,3235.0,-0.04111813016445374,-0.04827483305779562
539,2018-12-13 00:00:00+00:00,8130.098071,3395.0,0.017906192594621104,0.014837067430467574
540,2018-12-12 00:00:00+00:00,7985.814608,3345.0,-0.016583897541459898,-0.010409015914735639
541,2018-12-11 00:00:00+00:00,8119.354787,3380.0,-0.03636994070891879,-0.03345766619084613
542,2018-12-10 00:00:00+00:00,8420.090968,3495.0,0.025039592043422557,-0.02263180046019744
543,2018-12-07 00:00:00+00:00,8211.87305,3575.0,-0.09465458318711478,-0.02622648592050792
544,2018-12-06 00:00:00+00:00,9027.140252,3670.0,-0.052499562860450655,-0.07352391684655164
545,2018-12-05 00:00:00+00:00,9513.722081,3950.0,0.010148841297584036,0.011457795621381137
546,2018-12-04 00:00:00+00:00,9417.657124,3905.0,-0.060355212750132135,-0.0462871867630611
547,2018-12-03 00:00:00+00:00,10003.56528,4090.0,-0.03410275672347088,-0.027729323370201047
548,2018-11-30 00:00:00+00:00,10350.59819,4205.0,-0.010849143791053843,0.009558017806105362
549,2018-11-29 00:00:00+00:00,10463.50468,4165.0,0.09944593690723424,0.09831589291781798
550,2018-11-28 00:00:00+00:00,9473.017754,3775.0,0.0013611187502054916,0.011992149045263752
551,2018-11-27 00:00:00+00:00,9460.132623,3730.0,-0.05176675436415959,-0.06361651445057104
552,2018-11-26 00:00:00+00:00,9962.750187,3975.0,-0.08457514504528042,-0.12071374740446426
553,2018-11-23 00:00:00+00:00,10842.0089,4485.0,-0.017066376060086777,0.06446420208584812
554,2018-11-21 00:00:00+00:00,11028.63065,4205.0,-0.1952846877884673,-0.11553450617255262
555,2018-11-20 00:00:00+00:00,13407.03227,4720.0,-0.052978834509008484,-0.14838347610510053
556,2018-11-19 00:00:00+00:00,14136.47307,5475.0,-0.013776685081812257,0.010096460251009595
557,2018-11-16 00:00:00+00:00,14332.57452,5420.0,-0.01190646625376815,-0.00918280098233498
558,2018-11-15 00:00:00+00:00,14504.2448,5470.0,-0.10281037709518136,-0.13649773821093944
559,2018-11-14 00:00:00+00:00,16074.78232,6270.0,-0.008585187582773058,0.0015961695328221347
560,2018-11-13 00:00:00+00:00,16213.38144,6260.0,-0.0014857896933550517,-0.015848192240023616
561,2018-11-12 00:00:00+00:00,16237.48902,6360.0,-0.010310417770980495,-0.006269613013595374
562,2018-11-09 00:00:00+00:00,16405.77035,6400.0,-0.023083297639247605,-0.016273121598842477
563,2018-11-08 00:00:00+00:00,16788.87427,6505.0,0.002251824825083649,0.01159657371494061
564,2018-11-07 00:00:00+00:00,16751.1112,6430.0,0.033626349957936855,0.007023048765025345
565,2018-11-06 00:00:00+00:00,16197.19771,6385.0,0.016302751786552137,-0.0031274458641949577
566,2018-11-05 00:00:00+00:00,15935.27961,6405.0,0.018598789313747303,0.010989121575595165
567,2018-11-02 00:00:00+00:00,15641.64182,6335.0,0.004309258115590376,0.007923971730891573
568,2018-11-01 00:00:00+00:00,15574.38297,6285.0,0.0072609631749800015,0.007185659660874533
569,2018-10-31 00:00:00+00:00,15461.70751,6240.0,0.00816141124732841,-0.0024009615375381503
570,2018-10-30 00:00:00+00:00,15336.0317,6255.0,-0.0367439518512676,-0.021353124470568946
571,2018-10-29 00:00:00+00:00,15910.01881,6390.0,0.003099694239098815,-0.0007821666413626162
572,2018-10-26 00:00:00+00:00,15860.77897,6395.0,-0.002249678520061996,0.002348337674107429
573,2018-10-25 00:00:00+00:00,15896.50079,6380.0,0.0008766190950106233,-0.00391083799199906
574,2018-10-24 00:00:00+00:00,15882.57172,6405.0,-0.007038091689435562,-0.0007803355838810867
575,2018-10-23 00:00:00+00:00,15994.74901,6410.0,-0.0036354863941624503,0.0007803355838811049
576,2018-10-22 00:00:00+00:00,16053.00353,6405.0,0.0039984057001504906,0.0015625003178916343
577,2018-10-19 00:00:00+00:00,15988.94526,6395.0,-0.02180724300904357,-0.00778820136034465
578,2018-10-18 00:00:00+00:00,16341.44968,6445.0,0.000768294245253366,0.0007760962748884511
579,2018-10-17 00:00:00+00:00,16328.89946,6440.0,0.003243210261560591,0.0023319093349787427
580,2018-10-16 00:00:00+00:00,16276.02719,6425.0,0.05906705902093813,0.04211985323585513
581,2018-10-15 00:00:00+00:00,15342.49212,6160.0,0.019235591424015545,-0.004050228299022815
582,2018-10-12 00:00:00+00:00,15050.19052,6185.0,-0.0935403450795844,-0.053513947364305904
583,2018-10-11 00:00:00+00:00,16525.9355,6525.0,-0.010795319162482078,-0.0015313938674281365
584,2018-10-10 00:00:00+00:00,16705.30468,6535.0,-0.007284762976868582,-0.009897301956194626
585,2018-10-09 00:00:00+00:00,16827.4432,6600.0,0.013670378607465122,0.00989730195619464
586,2018-10-08 00:00:00+00:00,16598.97089,6535.0,-0.004057625620811397,0.0022979711376237273
587,2018-10-05 00:00:00+00:00,16666.46013,6520.0,0.008982949369770264,0.012345835822299362
588,2018-10-04 00:00:00+00:00,16517.41659,6440.0,-0.005109949476732097,-0.001551590691418833
589,2018-10-03 00:00:00+00:00,16602.03577,6450.0,-0.024978350748067295,-0.013857034661426241
590,2018-10-02 00:00:00+00:00,17021.94979,6540.0,-0.003287657248636346,-0.004576667027411867
591,2018-10-01 00:00:00+00:00,17078.00422,6570.0,-0.0021006928728628314,-0.022574322038539065
592,2018-09-28 00:00:00+00:00,17113.91757,6720.0,0.04648366384420295,0.03945883674054771
593,2018-09-27 00:00:00+00:00,16336.60608,6460.0,0.0025853012514758756,0.011677828310007913
594,2018-09-26 00:00:00+00:00,16294.42558,6385.0,-0.015913300352853026,-0.03387544848978598
595,2018-09-25 00:00:00+00:00,16555.7978,6605.0,-0.046223526017745216,-0.009043015656383392
596,2018-09-24 00:00:00+00:00,17339.02752,6665.0,0.07135301984877322,0.029693845117862768
597,2018-09-21 00:00:00+00:00,16144.94289,6470.0,0.05896867975436218,0.016361876503439447
598,2018-09-20 00:00:00+00:00,15220.42365,6365.0,0.004038287638081702,0.009471262592486929
599,2018-09-19 00:00:00+00:00,15159.08314,6305.0,0.0369154097644998,0.01518207347149555
600,2018-09-18 00:00:00+00:00,14609.68244,6210.0,-0.054276802191016,-0.041015212567421834
601,2018-09-17 00:00:00+00:00,15424.56382,6470.0,0.005202871850986831,0.003095977705127992
602,2018-09-14 00:00:00+00:00,15344.5202,6450.0,0.046995544063913056,0.024324463311370694
603,2018-09-13 00:00:00+00:00,14640.07858,6295.0,0.0033932062800647532,0.003979312851481054
604,2018-09-12 00:00:00+00:00,14590.48596,6270.0,-0.015067741503453719,0.0015961695328221347
605,2018-09-11 00:00:00+00:00,14811.99627,6260.0,-0.00012036343176626011,-0.012698583337127431
606,2018-09-10 00:00:00+00:00,14813.7792,6340.0,-0.058344190118963545,-0.010980502483444095
607,2018-09-07 00:00:00+00:00,15703.78812,6410.0,-0.023126357212265008,-0.07727878114082347
608,2018-09-06 00:00:00+00:00,16071.19151,6925.0,-0.11935391285584433,-0.06024230197999865
609,2018-09-05 00:00:00+00:00,18108.51437,7355.0,0.007845599759479302,0.013000525216696169
610,2018-09-04 00:00:00+00:00,17966.99808,7260.0,0.037537154541348386,0.04363816926000403
612,2018-08-31 00:00:00+00:00,17305.06928,6950.0,-0.00895102160755186,-0.012866510593250299
613,2018-08-30 00:00:00+00:00,17460.66265,7040.0,-0.011768788924378833,-0.0028368813351997263
614,2018-08-29 00:00:00+00:00,17667.36745,7060.0,0.03491090165459727,0.05159153477150892
615,2018-08-28 00:00:00+00:00,17061.22576,6705.0,0.0397274551603376,0.008236662065879068
616,2018-08-27 00:00:00+00:00,16396.71376,6650.0,0.015218696173007838,0.04144875731106431
617,2018-08-24 00:00:00+00:00,16149.06637,6380.0,0.028565030649634914,0.019786953437824002
618,2018-08-23 00:00:00+00:00,15694.29401,6255.0,-0.028944976714636254,-0.03533936644530885
619,2018-08-22 00:00:00+00:00,16155.20331,6480.0,0.03557889934117634,0.027377540947300348
620,2018-08-21 00:00:00+00:00,15590.52386,6305.0,-0.05611633475572661,-0.027377540947300397
621,2018-08-20 00:00:00+00:00,16490.42022,6480.0,0.049297428245249214,0.03374192201615178
622,2018-08-17 00:00:00+00:00,15697.19747,6265.0,0.011037821502601268,-0.025218042433251896
623,2018-08-16 00:00:00+00:00,15524.88732,6425.0,0.010490918651154613,0.04293187114486663
624,2018-08-15 00:00:00+00:00,15362.86834,6155.0,-0.0187146866214174,-0.01851159500841246
625,2018-08-14 00:00:00+00:00,15653.08681,6270.0,-0.0375118988798573,-0.012678458259770951
626,2018-08-13 00:00:00+00:00,16251.41589,6350.0,-0.06772006971582058,-0.034059019591918864
627,2018-08-10 00:00:00+00:00,17390.08309,6570.0,0.03962060632471275,0.044347990454308345
628,2018-08-09 00:00:00+00:00,16714.54837,6285.0,-0.08207740319762495,-0.07875677013985022
629,2018-08-08 00:00:00+00:00,18144.30801,6800.0,-0.04730574533753807,-0.01314847284350621
630,2018-08-07 00:00:00+00:00,19023.26395,6890.0,-0.017383429779556873,-0.022956531798610118
631,2018-08-06 00:00:00+00:00,19356.84451,7050.0,-0.040910217508608585,-0.06120851473038368
632,2018-08-03 00:00:00+00:00,20165.15865,7495.0,-0.018888748578785173,-0.003994679080378403
633,2018-08-02 00:00:00+00:00,20549.67333,7525.0,-0.015448515922524707,-0.013201511858535842
634,2018-08-01 00:00:00+00:00,20869.60012,7625.0,-0.0540605015264804,-0.06903658637843617
635,2018-07-31 00:00:00+00:00,22028.87432,8170.0,-0.011972615938163907,-0.001223241742744205
636,2018-07-30 00:00:00+00:00,22294.20274,8180.0,0.0235725482607214,0.025380501943747313
637,2018-07-27 00:00:00+00:00,21774.81724,7975.0,-0.024829954438764294,-0.03692727259221836
638,2018-07-26 00:00:00+00:00,22322.25324,8275.0,-0.022571806478312726,-0.007224594939630727
639,2018-07-25 00:00:00+00:00,22831.83629,8335.0,0.07240705667646317,0.06633978250721125
640,2018-07-24 00:00:00+00:00,21237.08262,7800.0,0.016432226293446612,0.049271049006782835
641,2018-07-23 00:00:00+00:00,20890.96163,7425.0,-0.022849363607998278,-0.008048333182828372
642,2018-07-20 00:00:00+00:00,21373.8021,7485.0,0.0005522713688839434,0.012773282911481247
643,2018-07-19 00:00:00+00:00,21362.00122,7390.0,-0.011188913568173867,-0.0006763612026527013
644,2018-07-18 00:00:00+00:00,21602.36098,7395.0,0.06251696722916077,0.0994431170196272
645,2018-07-17 00:00:00+00:00,20293.19577,6695.0,0.0691068191608244,0.04897688809864607
646,2018-07-16 00:00:00+00:00,18938.15797,6375.0,0.03545297214617641,0.02140390866315358
647,2018-07-13 00:00:00+00:00,18278.50638,6240.0,-0.028063065376681223,-0.01983404962803352
648,2018-07-12 00:00:00+00:00,18798.72259,6365.0,0.01530800628743351,0.0
649,2018-07-11 00:00:00+00:00,18513.14303,6365.0,-0.06276383391717275,-0.05278471897422054
650,2018-07-10 00:00:00+00:00,19712.33827,6710.0,-0.02005713214405255,-0.0052025386761287784
651,2018-07-09 00:00:00+00:00,20111.70291,6745.0,0.018006508046226475,0.025526911595890912
652,2018-07-06 00:00:00+00:00,19752.80234,6575.0,-0.0067351972723373,0.005337412594720975
653,2018-07-05 00:00:00+00:00,19886.29039,6540.0,-0.006886713965837431,-0.018182319083190474
655,2018-07-03 00:00:00+00:00,20023.71424,6660.0,0.05323394783421964,0.05715841383994862
656,2018-07-02 00:00:00+00:00,18985.64819,6290.0,0.06930782063198619,0.06146957328199897
657,2018-06-29 00:00:00+00:00,17714.35831,5915.0,-0.04562858050365608,-0.03733324472870101
658,2018-06-28 00:00:00+00:00,18541.36339,6140.0,0.017007145379343697,-0.011336153786336352
659,2018-06-27 00:00:00+00:00,18228.69407,6210.0,-0.047597713669081644,-0.00722024797348702
660,2018-06-26 00:00:00+00:00,19117.31872,6255.0,0.013609810568722711,0.016929062100447975
661,2018-06-25 00:00:00+00:00,18858.89815,6150.0,-0.11462783613511382,-0.08640143491521537
662,2018-06-22 00:00:00+00:00,21149.42438,6705.0,-0.008084894828854898,0.0
663,2018-06-21 00:00:00+00:00,21321.10834,6705.0,-0.006038591502357593,0.0
664,2018-06-20 00:00:00+00:00,21450.24732,6705.0,0.014829706632885319,-0.0007454342499486196
665,2018-06-19 00:00:00+00:00,21134.4935,6710.0,0.03999611622193688,0.032566300861027506
666,2018-06-18 00:00:00+00:00,20305.87702,6495.0,-0.04574308005273018,-0.02658720980496954
667,2018-06-15 00:00:00+00:00,21256.30235,6670.0,0.06074329833955112,0.0610463749096848
668,2018-06-14 00:00:00+00:00,20003.55753,6275.0,-0.04104648904269163,-0.030602623494961585
669,2018-06-13 00:00:00+00:00,20841.71742,6470.0,-0.0614976603869253,-0.045324978411374416
670,2018-06-12 00:00:00+00:00,22163.66605,6770.0,0.018483529631714544,-0.05040663849970076
671,2018-06-11 00:00:00+00:00,21757.76606,7120.0,-0.13726041472873515,-0.07440888995528037
672,2018-06-08 00:00:00+00:00,24958.91739,7670.0,3.8073690265272e-05,-0.003254151911677785
673,2018-06-07 00:00:00+00:00,24957.96713,7695.0,-0.0016250993353834338,0.01176484157958643
674,2018-06-06 00:00:00+00:00,24998.55928,7605.0,0.020414542955563057,0.011904902506318458
675,2018-06-05 00:00:00+00:00,24493.39897,7515.0,-0.03341518292420896,-0.026265462610186342
676,2018-06-04 00:00:00+00:00,25325.67832,7715.0,0.05630925455717484,0.021618922554190782
