,Date,PX_LAST,contract_name,ltc Price,log return future,log return ltc
0,2021-05-27 20:00:00+00:00,38865.0,BTCM1 Curncy,197.10782568481832,0.006582792406038016,0.016518583310224905
1,2021-05-26 20:00:00+00:00,38610.0,BTCM1 Curncy,193.8786279581903,0.032643066778752436,0.1290307114087904
2,2021-05-25 20:00:00+00:00,37370.0,BTCM1 Curncy,170.40903286911237,-0.06224461572220669,-0.06692790386445074
3,2021-05-24 20:00:00+00:00,39770.0,BTCM1 Curncy,182.2044715752209,0.0943300216439482,0.04194530574526097
4,2021-05-21 20:00:00+00:00,36190.0,BTCM1 Curncy,174.7199175930092,-0.1088085571403067,-0.1842497873035332
5,2021-05-20 20:00:00+00:00,40350.0,BTCM1 Curncy,210.0685714659707,0.021290722808881515,0.03739456554475835
6,2021-05-19 20:00:00+00:00,39500.0,BTCM1 Curncy,202.35820977751172,-0.09046532086393133,-0.37591287972693177
7,2021-05-18 20:00:00+00:00,43240.0,BTCM1 Curncy,294.6983593055654,-0.019693789681792744,0.04553323677359378
8,2021-05-17 20:00:00+00:00,44100.0,BTCM1 Curncy,281.5807001727504,-0.13164469329121373,-0.13973331280303414
9,2021-05-14 20:00:00+00:00,50305.0,BTCM1 Curncy,323.8085345661616,0.03685000398750445,0.08593444887677626
10,2021-05-13 20:00:00+00:00,48485.0,BTCM1 Curncy,297.1443208433584,-0.11960324737212723,-0.17752134459699487
11,2021-05-12 20:00:00+00:00,54645.0,BTCM1 Curncy,354.8656595811639,-0.042368971914853636,-0.04710094966416854
12,2021-05-11 20:00:00+00:00,57010.0,BTCM1 Curncy,371.9800574401328,0.018947003269676767,0.015120414609504753
13,2021-05-10 20:00:00+00:00,55940.0,BTCM1 Curncy,366.3978735652069,-0.0359908941145356,0.05840742646107915
14,2021-05-07 20:00:00+00:00,57990.0,BTCM1 Curncy,345.6104945811118,0.02638398870336255,0.031591740875064375
15,2021-05-06 20:00:00+00:00,56480.0,BTCM1 Curncy,334.8627216962763,-0.019201852521762288,-0.07066671243545848
16,2021-05-05 20:00:00+00:00,57575.0,BTCM1 Curncy,359.3825335645209,0.050402405381360676,0.15745439612659584
17,2021-05-04 20:00:00+00:00,54745.0,BTCM1 Curncy,307.0261669032302,-0.05939356130943693,0.04270170970126031
18,2021-05-03 20:00:00+00:00,58095.0,BTCM1 Curncy,294.19160373973466,0.009512351214370721,0.0928285824687163
19,2021-04-30 20:00:00+00:00,57545.0,BTCM1 Curncy,268.1114322303018,0.08208667542073965,0.061048536303409257
20,2021-04-29 20:00:00+00:00,53010.0,BTCK1 Curncy,252.2332235265247,-0.04940980129743836,-0.023159042115844807
21,2021-04-28 20:00:00+00:00,55695.0,BTCK1 Curncy,258.1428701204702,0.013011839856328254,0.0026940242530799725
22,2021-04-27 20:00:00+00:00,54975.0,BTCK1 Curncy,257.4483628973051,0.011894010298331564,0.046426124365389225
23,2021-04-26 20:00:00+00:00,54325.0,BTCK1 Curncy,245.7692390863899,0.06227692952151451,0.020540966504762368
24,2021-04-23 20:00:00+00:00,51045.0,BTCK1 Curncy,240.7723970532692,-0.038809980592807054,-0.11896571187381141
25,2021-04-22 20:00:00+00:00,53065.0,BTCK1 Curncy,271.1894864562318,-0.053298255689482446,-0.01387627648224155
26,2021-04-21 20:00:00+00:00,55970.0,BTCK1 Curncy,274.97881684434964,-0.019637959705367435,0.005130303399614641
27,2021-04-20 20:00:00+00:00,57080.0,BTCK1 Curncy,273.5717046280309,0.00959387722142731,0.013731686004119104
28,2021-04-19 20:00:00+00:00,56535.0,BTCK1 Curncy,269.8407784586521,-0.09838479579244878,-0.14549499703507016
29,2021-04-16 20:00:00+00:00,62380.0,BTCK1 Curncy,312.1010684441347,-0.030392677538392934,0.08479056822952721
30,2021-04-15 20:00:00+00:00,64305.0,BTCK1 Curncy,286.7287091542007,0.02232972721893132,0.08012573187908534
31,2021-04-14 20:00:00+00:00,62885.0,BTCK1 Curncy,264.6506812791701,-0.019682575252695168,-0.010384626920080582
32,2021-04-13 20:00:00+00:00,64135.0,BTCK1 Curncy,267.41329942096866,0.05011637257850274,0.09401475255060655
33,2021-04-12 20:00:00+00:00,61000.0,BTCK1 Curncy,243.4181257921287,0.03088180817561109,0.0842425445967608
34,2021-04-09 20:00:00+00:00,59145.0,BTCK1 Curncy,223.7519567432963,0.010196366697012248,0.003759742747623721
35,2021-04-08 20:00:00+00:00,58545.0,BTCK1 Curncy,222.91228640799883,0.032550719119160125,0.010149815532023251
36,2021-04-07 20:00:00+00:00,56670.0,BTCK1 Curncy,220.6612111456812,-0.04485830561821887,-0.08002320014757734
37,2021-04-06 20:00:00+00:00,59270.0,BTCK1 Curncy,239.0449821861421,-0.019382394573720367,0.09186713449095518
38,2021-04-05 20:00:00+00:00,60430.0,BTCK1 Curncy,218.0631303690395,0.004976785321989736,0.06079185690821327
39,2021-04-02 20:00:00+00:00,60130.0,BTCK1 Curncy,205.20156763350337,0.0,0.01778291532840859
40,2021-04-01 20:00:00+00:00,60130.0,BTCK1 Curncy,201.5847397159096,0.0038323799300737167,0.04271399552559387
41,2021-03-31 20:00:00+00:00,59900.0,BTCK1 Curncy,193.1555536910096,-0.005244985591039576,-0.018398758058411308
42,2021-03-30 20:00:00+00:00,60215.0,BTCK1 Curncy,196.7422703782829,0.025566946381957754,0.012935830260142443
43,2021-03-29 20:00:00+00:00,58695.0,BTCK1 Curncy,194.21363601692136,0.0714968252018487,0.06998958927971746
44,2021-03-26 20:00:00+00:00,54645.0,BTCK1 Curncy,181.0854791840985,0.04185571250649622,0.03771234491586641
45,2021-03-25 20:00:00+00:00,52405.0,BTCJ1 Curncy,174.3834893012738,-0.04796747611495893,-0.07252384241782157
46,2021-03-24 20:00:00+00:00,54980.0,BTCJ1 Curncy,187.50034360587017,-0.004808355828038618,0.008110073609271986
47,2021-03-23 20:00:00+00:00,55245.0,BTCJ1 Curncy,185.98585163921257,-0.014287882903667991,-0.03548838374522012
48,2021-03-22 20:00:00+00:00,56040.0,BTCJ1 Curncy,192.70470438260392,-0.06360125120218338,-0.04464858689704846
49,2021-03-19 20:00:00+00:00,59720.0,BTCJ1 Curncy,201.503666047716,0.02836226452708922,0.006240436918836861
50,2021-03-18 20:00:00+00:00,58050.0,BTCJ1 Curncy,200.25011056588897,-0.011305361932194004,-0.015514100889036653
51,2021-03-17 20:00:00+00:00,58710.0,BTCJ1 Curncy,203.3810349248737,0.03633610231009181,0.02365451424989859
52,2021-03-16 20:00:00+00:00,56615.0,BTCJ1 Curncy,198.62660884316367,-0.018289724444253298,-0.021796790074023308
53,2021-03-15 20:00:00+00:00,57660.0,BTCJ1 Curncy,203.0035597902808,-0.0032897614294294746,-0.06695913004688282
54,2021-03-12 21:00:00+00:00,57850.0,BTCJ1 Curncy,217.0619170454337,-0.013137182884106029,0.0774384980679406
55,2021-03-11 21:00:00+00:00,58615.0,BTCJ1 Curncy,200.88731857948508,0.02330101967411201,0.0050822906839352484
56,2021-03-10 21:00:00+00:00,57265.0,BTCJ1 Curncy,199.8689408695516,0.03464549736280533,0.003990666078643675
57,2021-03-09 21:00:00+00:00,55315.0,BTCJ1 Curncy,199.07292005010336,0.04833379177972172,0.059288228294877274
58,2021-03-08 21:00:00+00:00,52705.0,BTCJ1 Curncy,187.6133060300212,0.05158792683570542,0.030838001329210888
59,2021-03-05 21:00:00+00:00,50055.0,BTCJ1 Curncy,181.9159851409973,0.024265673475140435,0.008890274150597536
60,2021-03-04 21:00:00+00:00,48855.0,BTCJ1 Curncy,180.3058699483284,-0.053113354399791646,-0.041768964568107456
61,2021-03-03 21:00:00+00:00,51520.0,BTCJ1 Curncy,187.99655737187072,0.061540947959130746,0.08332063193166853
62,2021-03-02 21:00:00+00:00,48445.0,BTCJ1 Curncy,172.96737949374065,-0.018609944032883814,0.01038778789312361
63,2021-03-01 21:00:00+00:00,49355.0,BTCJ1 Curncy,171.17993093440927,0.05091479829193703,0.005512230496296145
64,2021-02-26 21:00:00+00:00,46905.0,BTCJ1 Curncy,170.23894355106688,-0.05212974225023286,-0.12351526017724244
65,2021-02-25 21:00:00+00:00,49415.0,BTCH1 Curncy,192.61979284384464,-0.008062121668672385,0.07713857158907458
66,2021-02-24 21:00:00+00:00,49815.0,BTCH1 Curncy,178.32,0.033268374193568886,0.04850948262283998
67,2021-02-23 21:00:00+00:00,48185.0,BTCH1 Curncy,169.8762458650098,-0.1259014453192968,-0.18610646749381496
68,2021-02-22 21:00:00+00:00,54650.0,BTCH1 Curncy,204.62451672896853,-0.034971427461835854,-0.15614580963497793
69,2021-02-19 21:00:00+00:00,56595.0,BTCH1 Curncy,239.2053728528368,0.062426314568136285,0.046709580536341624
70,2021-02-18 21:00:00+00:00,53170.0,BTCH1 Curncy,228.28912165265103,-0.006654506959499377,-0.007149067843277397
71,2021-02-17 21:00:00+00:00,53525.0,BTCH1 Curncy,229.9270238321497,0.07585562710954163,0.11125788843419859
72,2021-02-16 21:00:00+00:00,49615.0,BTCH1 Curncy,205.71754403664147,0.01861417727766062,0.0610839448519579
73,2021-02-12 21:00:00+00:00,48700.0,BTCH1 Curncy,193.5275999317027,0.010423748852612694,0.05140511117587476
74,2021-02-11 21:00:00+00:00,48195.0,BTCH1 Curncy,183.83066343147743,0.056005675960140215,0.0456346759875365
75,2021-02-10 21:00:00+00:00,45570.0,BTCH1 Curncy,175.63014770617244,-0.05994024305711465,-0.0005114686666446686
76,2021-02-09 21:00:00+00:00,48385.0,BTCH1 Curncy,175.72,0.06577244665888184,0.0704526854230272
77,2021-02-08 21:00:00+00:00,45305.0,BTCH1 Curncy,163.7660907294728,0.16379866151339031,0.07186729462954816
78,2021-02-05 21:00:00+00:00,38460.0,BTCH1 Curncy,152.4096313446216,0.003907781448076,0.03139061444432237
79,2021-02-04 21:00:00+00:00,38310.0,BTCH1 Curncy,147.6997097806185,0.013666441351160007,-0.045574606253274204
80,2021-02-03 21:00:00+00:00,37790.0,BTCH1 Curncy,154.5868123647595,0.033773812118216534,0.068998304494249
81,2021-02-02 21:00:00+00:00,36535.0,BTCH1 Curncy,144.28024099604391,0.06414628020539416,0.09669075139904328
82,2021-02-01 21:00:00+00:00,34265.0,BTCH1 Curncy,130.9828992980635,-0.026353314271625048,-0.028502846810404756
83,2021-01-29 21:00:00+00:00,35180.0,BTCH1 Curncy,134.77,0.0703541484528553,0.03337891508745429
84,2021-01-28 21:00:00+00:00,32790.0,BTCG1 Curncy,130.34577233760302,0.035859488257709335,0.023361610019739975
85,2021-01-27 21:00:00+00:00,31635.0,BTCG1 Curncy,127.335978931792,-0.020803127629763284,-0.047593525156635993
86,2021-01-26 21:00:00+00:00,32300.0,BTCG1 Curncy,133.54287960758805,-0.04613294382824084,-0.04985461386272666
87,2021-01-25 21:00:00+00:00,33825.0,BTCG1 Curncy,140.36936021563267,-0.0035413936967586632,0.004845738131566736
88,2021-01-22 21:00:00+00:00,33945.0,BTCG1 Curncy,139.69081241456698,0.049983982983426524,0.04483823536337828
89,2021-01-21 21:00:00+00:00,32290.0,BTCG1 Curncy,133.56566935804932,-0.09392968401534665,-0.09307336364130271
90,2021-01-20 21:00:00+00:00,35470.0,BTCG1 Curncy,146.59396553854148,-0.04385095207168327,-0.07761629335939413
91,2021-01-19 21:00:00+00:00,37060.0,BTCG1 Curncy,158.42525728073082,0.026245355518378498,0.12396747687529729
92,2021-01-15 21:00:00+00:00,36100.0,BTCG1 Curncy,139.95423024332598,-0.10458459143777414,-0.08252225746587293
93,2021-01-14 21:00:00+00:00,40080.0,BTCG1 Curncy,151.99349133873457,0.08510790938567951,0.05385973666469667
94,2021-01-13 21:00:00+00:00,36810.0,BTCG1 Curncy,144.023713503358,0.052566642247904166,0.062243729814727526
95,2021-01-12 21:00:00+00:00,34925.0,BTCG1 Curncy,135.3324350446032,0.02024653396851288,0.05032782180456623
96,2021-01-11 21:00:00+00:00,34225.0,BTCG1 Curncy,128.69,-0.15517280154871954,-0.24453104099746842
97,2021-01-08 21:00:00+00:00,39970.0,BTCG1 Curncy,164.34,-0.0032471615892913346,-0.058152508424121424
98,2021-01-07 21:00:00+00:00,40100.0,BTCG1 Curncy,174.18012430579074,0.07897303890920122,0.04359427613143017
99,2021-01-06 21:00:00+00:00,37055.0,BTCG1 Curncy,166.75,0.05920039026029669,0.05225902999468193
100,2021-01-05 21:00:00+00:00,34925.0,BTCG1 Curncy,158.25958925569483,0.08809219773721737,0.04871463892503542
101,2021-01-04 21:00:00+00:00,31980.0,BTCG1 Curncy,150.73480219164202,0.08462636734119444,0.19212519072269102
102,2020-12-31 21:00:00+00:00,29385.0,BTCF1 Curncy,124.38689450949934,0.007857915390494376,-0.029404673784833715
103,2020-12-30 21:00:00+00:00,29155.0,BTCF1 Curncy,128.0987561595825,0.06904187187896445,0.016666542008175904
104,2020-12-29 21:00:00+00:00,27210.0,BTCF1 Curncy,125.98148565766638,0.003681889284580765,-0.03193141374985436
105,2020-12-28 21:00:00+00:00,27110.0,BTCF1 Curncy,130.06916802345748,0.13506072713485898,0.19053416371149487
106,2020-12-24 21:00:00+00:00,23685.0,BTCF1 Curncy,107.50444622751314,-0.002530045625370066,0.029331296013140107
107,2020-12-23 21:00:00+00:00,23745.0,BTCF1 Curncy,104.39699703008532,-0.0025236606453969117,-0.04709553792845972
108,2020-12-22 21:00:00+00:00,23805.0,BTCF1 Curncy,109.4312446040734,0.02746898994168769,0.05623858058427368
109,2020-12-21 21:00:00+00:00,23160.0,BTCF1 Curncy,103.4468411101856,-0.0034482792789159327,-0.034937014683905795
110,2020-12-18 21:00:00+00:00,23240.0,BTCF1 Curncy,107.12483996237012,-0.0019344444506300368,0.052262608696223865
111,2020-12-17 21:00:00+00:00,23285.0,BTCF1 Curncy,101.67,0.09004171196089694,0.12489989686378986
112,2020-12-16 21:00:00+00:00,21280.0,BTCF1 Curncy,89.73244213508018,0.0718332333995637,0.08416911634206217
113,2020-12-15 21:00:00+00:00,19805.0,BTCF1 Curncy,82.48886059070477,0.017316450011460958,0.009405077370780349
114,2020-12-14 21:00:00+00:00,19465.0,BTCF1 Curncy,81.71668335985565,0.06912131538925374,0.12646381509099078
115,2020-12-11 21:00:00+00:00,18165.0,BTCF1 Curncy,72.00923456359607,-0.0231271360601874,-0.043299737074833464
116,2020-12-10 21:00:00+00:00,18590.0,BTCF1 Curncy,75.1957043030317,-0.0005377789858028697,-0.017004714268437148
117,2020-12-09 21:00:00+00:00,18600.0,BTCF1 Curncy,76.4853194622582,-0.019697203227767246,-0.009717497434197841
118,2020-12-08 21:00:00+00:00,18970.0,BTCF1 Curncy,77.23218832882259,-0.018023212171321735,-0.06857304112410775
119,2020-12-07 21:00:00+00:00,19315.0,BTCF1 Curncy,82.71404005349828,0.003630709382535106,-0.006710423732908491
120,2020-12-04 21:00:00+00:00,19245.0,BTCF1 Curncy,83.2709527813074,-0.024635579996228462,-0.05300007421329568
121,2020-12-03 21:00:00+00:00,19725.0,BTCF1 Curncy,87.80336770612165,0.014039796667482615,0.006590242507743065
122,2020-12-02 21:00:00+00:00,19450.0,BTCF1 Curncy,87.22662474531963,0.0,-0.00956111627623751
123,2020-12-01 21:00:00+00:00,19450.0,BTCF1 Curncy,88.06460829228318,-0.022872661665991455,0.017036538856863247
124,2020-11-30 21:00:00+00:00,19900.0,BTCF1 Curncy,86.577,0.15251884616319156,0.2239783674470973
125,2020-11-27 21:00:00+00:00,17085.0,BTCF1 Curncy,69.20380342704279,-0.11540646168606476,-0.1892558896026489
126,2020-11-25 21:00:00+00:00,19175.0,BTCZ0 Curncy,83.62242397874546,-0.010376227986090858,-0.06599421452420628
127,2020-11-24 21:00:00+00:00,19375.0,BTCZ0 Curncy,89.32719064648393,0.03974730339048976,0.020928628413653734
128,2020-11-23 21:00:00+00:00,18620.0,BTCZ0 Curncy,87.47712229094091,-0.013337087531537865,0.04807050231104939
129,2020-11-20 21:00:00+00:00,18870.0,BTCZ0 Curncy,83.37152275956916,0.033956374734273605,0.012878330563179934
130,2020-11-19 21:00:00+00:00,18240.0,BTCZ0 Curncy,82.30472078830721,0.023856887344615028,0.12764856703947366
131,2020-11-18 21:00:00+00:00,17810.0,BTCZ0 Curncy,72.44154057729187,-0.003642991278501092,-0.027840798794358385
132,2020-11-17 21:00:00+00:00,17875.0,BTCZ0 Curncy,74.48670838476359,0.049013965434843286,0.04614353932110534
133,2020-11-16 21:00:00+00:00,17020.0,BTCZ0 Curncy,71.12772177524042,0.03771773038948974,0.08690038194866219
134,2020-11-13 21:00:00+00:00,16390.0,BTCZ0 Curncy,65.2076489513095,0.0015264848025945666,0.10166949066892898
135,2020-11-12 21:00:00+00:00,16365.0,BTCZ0 Curncy,58.90389906929033,0.02694078403118663,-0.012505590670496565
136,2020-11-11 21:00:00+00:00,15930.0,BTCZ0 Curncy,59.645152364749286,0.028009469493179874,0.029756931266358953
137,2020-11-10 21:00:00+00:00,15490.0,BTCZ0 Curncy,57.89644281503646,-0.006755695630989277,-0.018739748682705618
138,2020-11-09 21:00:00+00:00,15595.0,BTCZ0 Curncy,58.99163738802557,-0.013059589973154494,-0.03443857887362972
139,2020-11-06 21:00:00+00:00,15800.0,BTCZ0 Curncy,61.05861311360561,0.025642430613337652,0.041736174325578135
140,2020-11-05 21:00:00+00:00,15400.0,BTCZ0 Curncy,58.56270726612398,0.07410797215372183,0.07514881900909429
141,2020-11-04 21:00:00+00:00,14300.0,BTCZ0 Curncy,54.323085298608085,0.024063439931635244,0.014851124241800722
142,2020-11-03 21:00:00+00:00,13960.0,BTCZ0 Curncy,53.52228750176249,0.0032287023563722537,-0.015162993569749346
143,2020-11-02 21:00:00+00:00,13915.0,BTCZ0 Curncy,54.34002964478585,0.005043238354929037,0.006690612220354211
144,2020-10-30 20:00:00+00:00,13845.0,BTCZ0 Curncy,53.97767511691715,0.004705891037412714,-0.019611944088819833
145,2020-10-29 20:00:00+00:00,13780.0,BTCX0 Curncy,55.04673113119318,0.029457210885430133,-0.010719885646105825
146,2020-10-28 20:00:00+00:00,13380.0,BTCX0 Curncy,55.64,-0.03632760493241578,-0.038592101660848914
147,2020-10-27 20:00:00+00:00,13875.0,BTCX0 Curncy,57.82923644929387,0.05138813055813704,0.022675468688333002
148,2020-10-26 20:00:00+00:00,13180.0,BTCX0 Curncy,56.532686897474505,0.00532523129875278,0.012988384900384922
149,2020-10-23 20:00:00+00:00,13110.0,BTCX0 Curncy,55.80316650213992,-0.01175368981409454,0.018248368433393593
150,2020-10-22 20:00:00+00:00,13265.0,BTCX0 Curncy,54.79408480942258,0.032174357027856114,0.045869032914669615
151,2020-10-21 20:00:00+00:00,12845.0,BTCX0 Curncy,52.33750431439218,0.061403438055177985,0.11585315099924315
152,2020-10-20 20:00:00+00:00,12080.0,BTCX0 Curncy,46.61209527824393,0.020489949540721673,-0.03161271792156473
153,2020-10-19 20:00:00+00:00,11835.0,BTCX0 Curncy,48.10916890646044,0.03307151296569858,0.019442511800903284
154,2020-10-16 20:00:00+00:00,11450.0,BTCX0 Curncy,47.18284008186057,-0.01988824739983234,-0.049992070903513916
155,2020-10-15 20:00:00+00:00,11680.0,BTCX0 Curncy,49.60156272585621,0.01640088553941673,0.0036588301926086617
156,2020-10-14 20:00:00+00:00,11490.0,BTCX0 Curncy,49.420410635014775,-0.0026075634070808302,-0.004433450724773191
157,2020-10-13 20:00:00+00:00,11520.0,BTCX0 Curncy,49.64,-0.01721212888112141,-0.028903514789761036
158,2020-10-12 20:00:00+00:00,11720.0,BTCX0 Curncy,51.09570665190415,0.04493667689597622,0.06997342760500382
159,2020-10-09 20:00:00+00:00,11205.0,BTCX0 Curncy,47.64258706678498,0.015288067544190652,0.010552659497954602
160,2020-10-08 20:00:00+00:00,11035.0,BTCX0 Curncy,47.14247446783014,0.022452260438656373,0.00960330591231054
161,2020-10-07 20:00:00+00:00,10790.0,BTCX0 Curncy,46.69191774373239,0.007441894810385865,0.009796370122851322
162,2020-10-06 20:00:00+00:00,10710.0,BTCX0 Curncy,46.23673962268013,-0.014828816673460643,0.007962027950534658
163,2020-10-05 20:00:00+00:00,10870.0,BTCX0 Curncy,45.87006309094557,0.02373860597789864,0.025059527517112233
164,2020-10-02 20:00:00+00:00,10615.0,BTCX0 Curncy,44.734864163311066,-0.010309369658861213,-0.036663826522312315
165,2020-10-01 20:00:00+00:00,10725.0,BTCX0 Curncy,46.405453425254734,-0.010665531197419477,0.01093692407522478
166,2020-09-30 20:00:00+00:00,10840.0,BTCX0 Curncy,45.900685838379225,-0.0032235809632476754,0.012001412559868762
167,2020-09-29 20:00:00+00:00,10875.0,BTCX0 Curncy,45.35310521384312,-0.011883138003677239,-0.019678068584659866
168,2020-09-28 20:00:00+00:00,11005.0,BTCX0 Curncy,46.25440557012955,0.01096402029191415,-0.0011588913567845112
169,2020-09-25 20:00:00+00:00,10885.0,BTCX0 Curncy,46.30804047346816,0.01480822987243012,0.030842664175638898
170,2020-09-24 20:00:00+00:00,10725.0,BTCV0 Curncy,44.901578147125946,0.03607415361657432,0.03607154662533018
171,2020-09-23 20:00:00+00:00,10345.0,BTCV0 Curncy,43.31077267121906,-0.021043339870513707,-0.014007352485345933
172,2020-09-22 20:00:00+00:00,10565.0,BTCV0 Curncy,43.92171075386613,0.00047337278990462083,0.010402733857816978
173,2020-09-21 20:00:00+00:00,10560.0,BTCV0 Curncy,43.4671732019494,-0.038090996009023464,-0.09844627807972413
174,2020-09-18 20:00:00+00:00,10970.0,BTCV0 Curncy,47.96407495523172,-0.005907765421560872,-0.0189691100631912
175,2020-09-17 20:00:00+00:00,11035.0,BTCV0 Curncy,48.88259498369006,-0.005422516675857549,0.015709610145403195
176,2020-09-16 20:00:00+00:00,11095.0,BTCV0 Curncy,48.120668923976936,0.01864961943968809,-0.01420058039714991
177,2020-09-15 20:00:00+00:00,10890.0,BTCV0 Curncy,48.80888532271089,0.010152371464017908,-0.0006651839411481966
178,2020-09-14 20:00:00+00:00,10780.0,BTCV0 Curncy,48.8413630100334,0.0339655291556303,0.00421088086730311
179,2020-09-11 20:00:00+00:00,10420.0,BTCV0 Curncy,48.636130257594,0.0014405764796230885,0.007139042311269454
180,2020-09-10 20:00:00+00:00,10405.0,BTCV0 Curncy,48.29015131441254,0.00048065369827087655,-0.0031919716429471582
181,2020-09-09 20:00:00+00:00,10400.0,BTCV0 Curncy,48.44453837652053,0.03026097178180948,0.03582387898446715
182,2020-09-08 20:00:00+00:00,10090.0,BTCV0 Curncy,46.739784850695806,-0.0591660876761285,-0.07870842685712855
183,2020-09-04 20:00:00+00:00,10705.0,BTCV0 Curncy,50.5672509760724,-0.008372141925124529,-0.053577226143791075
184,2020-09-03 20:00:00+00:00,10795.0,BTCV0 Curncy,53.35039485785523,-0.06846779927746072,-0.08278149135966122
185,2020-09-02 20:00:00+00:00,11560.0,BTCV0 Curncy,57.95476951407323,-0.0522443990375196,-0.08844267086587707
186,2020-09-01 20:00:00+00:00,12180.0,BTCV0 Curncy,63.31394095881078,0.01990115431729502,0.031567677580422795
187,2020-08-31 20:00:00+00:00,11940.0,BTCV0 Curncy,61.34648428441541,0.019878007021581958,0.07419157233453816
188,2020-08-28 20:00:00+00:00,11705.0,BTCV0 Curncy,56.95983049863396,0.031679802643268064,0.029359787153554327
189,2020-08-27 20:00:00+00:00,11340.0,BTCU0 Curncy,55.31181309940926,-0.025251668230966987,-0.05436498183419092
190,2020-08-26 20:00:00+00:00,11630.0,BTCU0 Curncy,58.40207885211809,0.016471980578921276,0.00587179671615687
191,2020-08-25 20:00:00+00:00,11440.0,BTCU0 Curncy,58.0601585429651,-0.04277812201280418,-0.07017913972010277
192,2020-08-24 20:00:00+00:00,11940.0,BTCU0 Curncy,62.28115107094372,0.0067227143948767375,0.0270667866352402
193,2020-08-21 20:00:00+00:00,11860.0,BTCU0 Curncy,60.61800992186596,-0.01630811806355497,-0.03150666209425252
194,2020-08-20 20:00:00+00:00,12055.0,BTCU0 Curncy,62.558286393048135,0.017573674022385504,0.048097149511572304
195,2020-08-19 20:00:00+00:00,11845.0,BTCU0 Curncy,59.620624027021584,-0.028710105882431367,-0.10922913038788591
196,2020-08-18 20:00:00+00:00,12190.0,BTCU0 Curncy,66.50191108191227,-0.0350630316682434,-0.014625437162644675
197,2020-08-17 20:00:00+00:00,12625.0,BTCU0 Curncy,67.48167789807867,0.047444535280748594,0.16015275313703362
198,2020-08-14 20:00:00+00:00,12040.0,BTCU0 Curncy,57.495309430167865,0.028218338937800954,0.062463903763254815
199,2020-08-13 20:00:00+00:00,11705.0,BTCU0 Curncy,54.01379438872437,-0.005537820329311236,-0.007753971784619967
200,2020-08-12 20:00:00+00:00,11770.0,BTCU0 Curncy,54.43424379622379,0.018868484304382736,-0.013834261601968129
201,2020-08-11 20:00:00+00:00,11550.0,BTCU0 Curncy,55.19253446689715,-0.04775891730068647,-0.05274354425424591
202,2020-08-10 20:00:00+00:00,12115.0,BTCU0 Curncy,58.18172158091451,0.035710578784512004,0.021452112527892996
203,2020-08-07 20:00:00+00:00,11690.0,BTCU0 Curncy,56.94689293859651,-0.03612320515719131,-0.05270962818752478
204,2020-08-06 20:00:00+00:00,12120.0,BTCU0 Curncy,60.02905883433566,0.01580074453134367,0.015427840445221129
205,2020-08-05 20:00:00+00:00,11930.0,BTCU0 Curncy,59.11004750105562,0.03844984521840445,0.030332344479949223
206,2020-08-04 20:00:00+00:00,11480.0,BTCU0 Curncy,57.344020449328944,-0.018555009144722044,-0.033579879517385475
207,2020-08-03 20:00:00+00:00,11695.0,BTCU0 Curncy,59.30232149065431,-0.00042744176756808513,0.016713270250798676
208,2020-07-31 20:00:00+00:00,11700.0,BTCU0 Curncy,58.31942237397082,0.028610534041265838,0.021528915495555058
209,2020-07-30 20:00:00+00:00,11370.0,BTCQ0 Curncy,57.077287344468914,-0.004825629017823697,0.022669329739095554
210,2020-07-29 20:00:00+00:00,11425.0,BTCQ0 Curncy,55.79793926621598,0.01855176880809683,-0.019759275803395072
211,2020-07-28 20:00:00+00:00,11215.0,BTCQ0 Curncy,56.91143080257942,0.013465194469158732,0.07984556880528157
212,2020-07-27 20:00:00+00:00,11065.0,BTCQ0 Curncy,52.54398587409841,0.13269254760033813,0.16298099969383942
213,2020-07-24 20:00:00+00:00,9690.0,BTCQ0 Curncy,44.641755601780645,-0.003091192569672858,-0.01223294885729705
214,2020-07-23 20:00:00+00:00,9720.0,BTCQ0 Curncy,45.19120978551445,0.025001302205417186,0.032182436040179736
215,2020-07-22 20:00:00+00:00,9480.0,BTCQ0 Curncy,43.76,0.0021119332031435513,0.0025168758281145453
216,2020-07-21 20:00:00+00:00,9460.0,BTCQ0 Curncy,43.65,0.021908437038326036,0.04498298768214997
217,2020-07-20 20:00:00+00:00,9255.0,BTCQ0 Curncy,41.73,0.0005403945011269969,-0.004781486847213669
218,2020-07-17 20:00:00+00:00,9250.0,BTCQ0 Curncy,41.930009235838405,0.005963693468049511,0.0050094399785897805
219,2020-07-16 20:00:00+00:00,9195.0,BTCQ0 Curncy,41.72048859994557,-0.005963693468049463,-0.03195311386018019
220,2020-07-15 20:00:00+00:00,9250.0,BTCQ0 Curncy,43.07511513610844,-0.012889544725996958,-0.01686128622510706
221,2020-07-14 20:00:00+00:00,9370.0,BTCQ0 Curncy,43.807574733772185,0.004278081391078393,0.011423186330836943
222,2020-07-13 20:00:00+00:00,9330.0,BTCQ0 Curncy,43.31,0.0,-0.01920123334307308
223,2020-07-10 20:00:00+00:00,9330.0,BTCQ0 Curncy,44.14964068755421,0.0010723861617527185,0.004930742468366781
224,2020-07-09 20:00:00+00:00,9320.0,BTCQ0 Curncy,43.93248598616638,-0.025425098365810056,-0.030092959314222272
225,2020-07-08 20:00:00+00:00,9560.0,BTCQ0 Curncy,45.27463787597026,0.02221138376271429,0.04212804496770417
226,2020-07-07 20:00:00+00:00,9350.0,BTCQ0 Curncy,43.40692369163347,-0.005865119452398134,-0.002391620044856464
227,2020-07-06 20:00:00+00:00,9405.0,BTCQ0 Curncy,43.5108607999137,0.03132005462236733,0.0638384231109175
228,2020-07-02 20:00:00+00:00,9115.0,BTCQ0 Curncy,40.82,-0.027057927765425507,-0.01876596742928563
229,2020-07-01 20:00:00+00:00,9365.0,BTCQ0 Curncy,41.59325957995256,0.013437450242459016,0.010957240586173388
230,2020-06-30 20:00:00+00:00,9240.0,BTCQ0 Curncy,41.14,-0.001622060371868055,-0.010157282006215552
231,2020-06-29 20:00:00+00:00,9255.0,BTCQ0 Curncy,41.56,-0.0026976007726483247,-0.03657147305036404
232,2020-06-26 20:00:00+00:00,9280.0,BTCQ0 Curncy,43.108045028347206,-0.006444705442642095,0.015864343761975225
233,2020-06-25 20:00:00+00:00,9340.0,BTCN0 Curncy,42.42956027070749,-0.0037403196157232924,-0.0011732486288394595
234,2020-06-24 20:00:00+00:00,9375.0,BTCN0 Curncy,42.479369907948026,-0.03870776110304963,-0.039253653843716096
235,2020-06-23 20:00:00+00:00,9745.0,BTCN0 Curncy,44.18,0.008760684735097512,-0.002735509363752843
236,2020-06-22 20:00:00+00:00,9660.0,BTCN0 Curncy,44.301020254243625,0.02888097818595452,0.02900332439226736
237,2020-06-19 20:00:00+00:00,9385.0,BTCN0 Curncy,43.03459740352016,-0.010071646228458311,-0.012435928488425244
238,2020-06-18 20:00:00+00:00,9480.0,BTCN0 Curncy,43.57311411680638,0.008474626990972236,0.004195456857419572
239,2020-06-17 20:00:00+00:00,9400.0,BTCN0 Curncy,43.39068794454016,-0.020532440183705022,-0.009401104299037386
240,2020-06-16 20:00:00+00:00,9595.0,BTCN0 Curncy,43.80053180141458,0.008898252902364241,0.0013673084410660526
241,2020-06-15 20:00:00+00:00,9510.0,BTCN0 Curncy,43.74068388916109,-0.0015760444554657658,-0.022649698241481254
242,2020-06-12 20:00:00+00:00,9525.0,BTCN0 Curncy,44.74270204794368,0.016940585116712818,0.027140993995624214
243,2020-06-11 20:00:00+00:00,9365.0,BTCN0 Curncy,43.544672044400976,-0.0636037544273208,-0.06716920229599509
244,2020-06-10 20:00:00+00:00,9980.0,BTCN0 Curncy,46.57,0.01209692170882853,0.017721899097422146
245,2020-06-09 20:00:00+00:00,9860.0,BTCN0 Curncy,45.75196116955512,0.003047234455468906,-0.008310890842763423
246,2020-06-08 20:00:00+00:00,9830.0,BTCN0 Curncy,46.13378517575432,-0.0030472344554688577,-0.023907105200124668
247,2020-06-05 20:00:00+00:00,9860.0,BTCN0 Curncy,47.25,-0.009086382555957371,0.00014244968844072313
248,2020-06-04 20:00:00+00:00,9950.0,BTCN0 Curncy,47.24326973159488,0.024931334549527843,0.005864360403139428
249,2020-06-03 20:00:00+00:00,9705.0,BTCN0 Curncy,46.96702895069094,0.007757990810939337,0.02800552449095015
250,2020-06-02 20:00:00+00:00,9630.0,BTCN0 Curncy,45.6699402710006,-0.007242659699302924,-0.02643028182294169
251,2020-06-01 20:00:00+00:00,9700.0,BTCN0 Curncy,46.89310272385826,0.017681167843226445,0.05190350751492379
252,2020-05-29 20:00:00+00:00,9530.0,BTCN0 Curncy,44.5212718324878,-0.00314300939719914,0.00437363523684428
253,2020-05-28 20:00:00+00:00,9560.0,BTCM20 Curncy,44.326977225797776,0.03296417553897619,0.016142720365284306
254,2020-05-27 20:00:00+00:00,9250.0,BTCM20 Curncy,43.61716380158322,0.0436412802895369,0.033782731183258766
255,2020-05-26 20:00:00+00:00,8855.0,BTCM20 Curncy,42.16826849829748,-0.044181674790663934,-0.04608996918049901
256,2020-05-22 20:00:00+00:00,9255.0,BTCM20 Curncy,44.15728751519041,0.009772064733792522,0.03342379475264678
257,2020-05-21 20:00:00+00:00,9165.0,BTCM20 Curncy,42.70577603845023,-0.05052922733078596,-0.031898818062141954
258,2020-05-20 20:00:00+00:00,9640.0,BTCM20 Curncy,44.09,-0.012883455706188004,-0.021370599313834494
259,2020-05-19 20:00:00+00:00,9765.0,BTCM20 Curncy,45.04236983528887,-0.00663436983043298,-0.004480595261609138
260,2020-05-18 20:00:00+00:00,9830.0,BTCM20 Curncy,45.24463926948657,0.03889523204865436,0.05656096261031547
261,2020-05-15 20:00:00+00:00,9455.0,BTCM20 Curncy,42.75658554414903,-0.03736812561800353,-0.0285289024394976
262,2020-05-14 20:00:00+00:00,9815.0,BTCM20 Curncy,43.993950409592586,0.05121286219854523,0.021384969691296708
263,2020-05-13 20:00:00+00:00,9325.0,BTCM20 Curncy,43.0631293763559,0.04328257064147153,0.020902088719493592
264,2020-05-12 20:00:00+00:00,8930.0,BTCM20 Curncy,42.1723619068536,0.00956406727665919,0.016277353374053453
265,2020-05-11 20:00:00+00:00,8845.0,BTCM20 Curncy,41.49146411021725,-0.13169250675376898,-0.14173837652815116
266,2020-05-08 20:00:00+00:00,10090.0,BTCM20 Curncy,47.809582901631096,0.0029776696939245338,0.0017806194005489688
267,2020-05-07 20:00:00+00:00,10060.0,BTCM20 Curncy,47.7245279784804,0.06945449463312102,0.027213363903585246
268,2020-05-06 20:00:00+00:00,9385.0,BTCM20 Curncy,46.443295424268456,0.039668335963939906,0.001756745390587015
269,2020-05-05 20:00:00+00:00,9020.0,BTCM20 Curncy,46.361778002750064,0.006116227017436054,-0.007810364379063844
270,2020-05-04 20:00:00+00:00,8965.0,BTCM20 Curncy,46.72529814665787,0.012910648037258032,-0.001378935809864685
271,2020-05-01 20:00:00+00:00,8850.0,BTCM20 Curncy,46.78977377716028,-0.008998935868569584,-0.004163347232410642
272,2020-04-30 20:00:00+00:00,8930.0,BTCK20 Curncy,46.98498193001269,0.011827792069047268,-0.038035393181463505
273,2020-04-29 20:00:00+00:00,8825.0,BTCK20 Curncy,48.80649559352212,0.1260322646290603,0.08801627599824312
274,2020-04-28 20:00:00+00:00,7780.0,BTCK20 Curncy,44.694351743406514,0.0,0.01843711070315377
275,2020-04-27 20:00:00+00:00,7780.0,BTCK20 Curncy,43.87786697121451,0.02406620214256406,-0.016406649482551057
276,2020-04-24 20:00:00+00:00,7595.0,BTCK20 Curncy,44.60369366541428,-0.003942186445739182,0.02800423645138401
277,2020-04-23 20:00:00+00:00,7625.0,BTCK20 Curncy,43.37192909315707,0.06362090948506105,0.03737831850400102
278,2020-04-22 20:00:00+00:00,7155.0,BTCK20 Curncy,41.780683615100415,0.03629000140520043,0.02215861963401616
279,2020-04-21 20:00:00+00:00,6900.0,BTCK20 Curncy,40.865063244746615,0.01239534645471773,0.029500837020443878
280,2020-04-20 20:00:00+00:00,6815.0,BTCK20 Curncy,39.6771185105115,-0.043079166393319754,-0.06729348424781839
281,2020-04-17 20:00:00+00:00,7115.0,BTCK20 Curncy,42.439016765680094,-0.0014044946128985581,-0.005883207904872876
282,2020-04-16 20:00:00+00:00,7125.0,BTCK20 Curncy,42.68943021951825,0.05332675474255211,0.05671251276429374
283,2020-04-15 20:00:00+00:00,6755.0,BTCK20 Curncy,40.33577696431823,-0.030614635819606863,-0.026546007132634716
284,2020-04-14 20:00:00+00:00,6965.0,BTCK20 Curncy,41.42086950401101,0.021038135376398273,0.018932427279492292
285,2020-04-13 20:00:00+00:00,6820.0,BTCK20 Curncy,40.64404865963864,-0.07484084136937459,-0.12420496115309478
286,2020-04-09 20:00:00+00:00,7350.0,BTCK20 Curncy,46.01913931368717,-0.005427421735365128,-0.0031076422697524212
287,2020-04-08 20:00:00+00:00,7390.0,BTCK20 Curncy,46.16237278015105,-0.0020277127596517158,0.010876123381265878
288,2020-04-07 20:00:00+00:00,7405.0,BTCK20 Curncy,45.66302552172689,0.002027712759651613,0.023832319846944602
289,2020-04-06 20:00:00+00:00,7390.0,BTCK20 Curncy,44.5876351158612,0.07660927621969829,0.09424400798439127
290,2020-04-03 20:00:00+00:00,6845.0,BTCK20 Curncy,40.57745322438959,-0.008002952862801479,0.007527946846783512
291,2020-04-02 20:00:00+00:00,6900.0,BTCK20 Curncy,40.27313519545185,0.1029479692524424,0.0710582696111748
292,2020-04-01 20:00:00+00:00,6225.0,BTCK20 Curncy,37.51070491319354,-0.04245920777179152,-0.038125759903462994
293,2020-03-31 20:00:00+00:00,6495.0,BTCK20 Curncy,38.96844111987558,0.013953714773865308,0.003986906953808666
294,2020-03-30 20:00:00+00:00,6405.0,BTCK20 Curncy,38.81338686981729,-0.04652001563489282,-0.02251760873686658
295,2020-03-27 20:00:00+00:00,6710.0,BTCK20 Curncy,39.6972858269839,0.0022379718404546456,0.016400168921479736
296,2020-03-26 20:00:00+00:00,6695.0,BTCJ20 Curncy,39.05155316928387,0.005241494590837971,0.0024658374442199597
297,2020-03-25 20:00:00+00:00,6660.0,BTCJ20 Curncy,38.95537701333947,-0.012682005107421401,-0.03356759981381835
298,2020-03-24 20:00:00+00:00,6745.0,BTCJ20 Curncy,40.28521030824956,0.06666581310659746,0.05137461377250997
299,2020-03-23 20:00:00+00:00,6310.0,BTCJ20 Curncy,38.26783774927456,0.01275934375375992,0.004663951660668094
300,2020-03-20 20:00:00+00:00,6230.0,BTCJ20 Curncy,38.08977396706679,-0.006400021845467511,-0.02019795119336637
301,2020-03-19 20:00:00+00:00,6270.0,BTCJ20 Curncy,38.86693143653434,0.1596148101678208,0.13444015137720047
302,2020-03-18 20:00:00+00:00,5345.0,BTCJ20 Curncy,33.97767346445723,-0.012087548381381647,-0.021254189022882175
303,2020-03-17 20:00:00+00:00,5410.0,BTCJ20 Curncy,34.7075705675234,0.08987212778371463,0.07261872380457304
304,2020-03-16 20:00:00+00:00,4945.0,BTCJ20 Curncy,32.27649031943588,-0.08338160893905101,-0.12310183497578914
305,2020-03-13 20:00:00+00:00,5375.0,BTCJ20 Curncy,36.50469733080432,-0.11581728053576831,0.04631405718453359
306,2020-03-12 20:00:00+00:00,6035.0,BTCJ20 Curncy,34.85257034890414,-0.26991961611194054,-0.3116445139655852
307,2020-03-11 20:00:00+00:00,7905.0,BTCJ20 Curncy,47.59707944148961,-0.017555309782911137,-0.06108533372217475
308,2020-03-10 20:00:00+00:00,8045.0,BTCJ20 Curncy,50.59520134948837,0.018188020971370816,0.035227811961525024
309,2020-03-09 20:00:00+00:00,7900.0,BTCJ20 Curncy,48.8438719738723,-0.15938110026434724,-0.24607235200682595
310,2020-03-06 21:00:00+00:00,9265.0,BTCJ20 Curncy,62.470926770924834,-0.0005395198404406945,0.002111744397523165
311,2020-03-05 21:00:00+00:00,9270.0,BTCJ20 Curncy,62.33914333674628,0.04693105196601529,0.04411503515201099
312,2020-03-04 21:00:00+00:00,8845.0,BTCJ20 Curncy,59.64882781491973,-0.002258611914422645,-0.01466461260187965
313,2020-03-03 21:00:00+00:00,8865.0,BTCJ20 Curncy,60.53,-0.020101179321087265,-0.017895031142899163
314,2020-03-02 21:00:00+00:00,9045.0,BTCJ20 Curncy,61.62293613219039,0.029735711200233217,0.04241343334743089
315,2020-02-28 21:00:00+00:00,8780.0,BTCJ20 Curncy,59.06394719339369,-0.018618309313657187,-0.06716828784080349
316,2020-02-27 21:00:00+00:00,8945.0,BTCH20 Curncy,63.167441074880834,0.006730255354067889,0.021381327507493924
317,2020-02-26 21:00:00+00:00,8885.0,BTCH20 Curncy,61.83117382042119,-0.06006171721389889,-0.13344042128260658
318,2020-02-25 21:00:00+00:00,9435.0,BTCH20 Curncy,70.65777052732514,-0.032328154139010586,-0.049705250998976554
319,2020-02-24 21:00:00+00:00,9745.0,BTCH20 Curncy,74.25858102117587,-0.01426412366305612,0.012971091416232837
320,2020-02-21 21:00:00+00:00,9885.0,BTCH20 Curncy,73.30158622953812,0.012726056197579123,0.06637822972854937
321,2020-02-20 21:00:00+00:00,9760.0,BTCH20 Curncy,68.59392810113393,-0.06303252088497512,-0.1066884535040354
322,2020-02-19 21:00:00+00:00,10395.0,BTCH20 Curncy,76.31675231219452,-0.0019221534029590186,-0.02749797204326235
323,2020-02-18 21:00:00+00:00,10415.0,BTCH20 Curncy,78.44442754433199,-0.024657484401752916,-0.04982967845686073
324,2020-02-14 21:00:00+00:00,10675.0,BTCH20 Curncy,82.4523147476211,0.017482136706482476,0.024366264361994246
325,2020-02-13 21:00:00+00:00,10490.0,BTCH20 Curncy,80.46753883478883,-0.022621134234401333,-0.0169173535677487
326,2020-02-12 21:00:00+00:00,10730.0,BTCH20 Curncy,81.8404166268715,0.013605652055778678,0.06381859514214346
327,2020-02-11 21:00:00+00:00,10585.0,BTCH20 Curncy,76.78064707879105,0.046902480739614755,0.03805407023089084
328,2020-02-10 21:00:00+00:00,10100.0,BTCH20 Curncy,73.91372591247747,0.011952333523841173,0.008668545920144112
329,2020-02-07 21:00:00+00:00,9980.0,BTCH20 Curncy,73.27577045322849,-0.004498882869260241,-0.0005721528876267186
330,2020-02-06 21:00:00+00:00,10025.0,BTCH20 Curncy,73.31770739291291,0.008514952524150188,0.01142926043350146
331,2020-02-05 21:00:00+00:00,9940.0,BTCH20 Curncy,72.484510701602,0.06012173017898199,0.07093055103172907
332,2020-02-04 21:00:00+00:00,9360.0,BTCH20 Curncy,67.52124860627988,-0.015898586067798273,-0.03455959914753789
333,2020-02-03 21:00:00+00:00,9510.0,BTCH20 Curncy,69.89554698173093,-0.002625362495083499,0.0326932924346344
334,2020-01-31 21:00:00+00:00,9535.0,BTCH20 Curncy,67.6473816306613,-0.02024465714553131,-0.03196910915251909
335,2020-01-30 21:00:00+00:00,9730.0,BTCG20 Curncy,69.84494811874913,0.021293975185148938,0.1431811122420857
336,2020-01-29 21:00:00+00:00,9525.0,BTCG20 Curncy,60.52742972245588,0.03743752707213059,0.02893099773173725
337,2020-01-28 21:00:00+00:00,9175.0,BTCG20 Curncy,58.8013990741694,0.010959013789719382,-0.00627492467542978
338,2020-01-27 21:00:00+00:00,9075.0,BTCG20 Curncy,59.17153349247414,0.06017706358336035,0.07821129976103967
339,2020-01-24 21:00:00+00:00,8545.0,BTCG20 Curncy,54.72,0.013549544553790135,0.019561428316816926
340,2020-01-23 21:00:00+00:00,8430.0,BTCG20 Curncy,53.66,-0.036113417653680056,-0.07898133438648051
341,2020-01-22 21:00:00+00:00,8740.0,BTCG20 Curncy,58.07,-0.006273188522077399,0.00869325144954426
342,2020-01-21 21:00:00+00:00,8795.0,BTCG20 Curncy,57.567370794771634,-0.022485489212974965,-0.05184783608285416
343,2020-01-17 21:00:00+00:00,8995.0,BTCG20 Curncy,60.6308454265902,0.016251408382658206,0.043843645814751454
344,2020-01-16 21:00:00+00:00,8850.0,BTCG20 Curncy,58.03,-0.011236073266925842,-0.001033413801924264
345,2020-01-15 21:00:00+00:00,8950.0,BTCG20 Curncy,58.09,0.013498517670895377,0.01170476955950066
346,2020-01-14 21:00:00+00:00,8830.0,BTCG20 Curncy,57.41403366871396,0.0667304270829819,0.14050302165256937
347,2020-01-13 21:00:00+00:00,8260.0,BTCG20 Curncy,49.88826180877053,0.009732436918231054,0.024902195183726914
348,2020-01-10 21:00:00+00:00,8180.0,BTCG20 Curncy,48.661275310315766,0.03040879663628322,0.09295616634524269
349,2020-01-09 21:00:00+00:00,7935.0,BTCG20 Curncy,44.34178139861965,-0.02796081499764326,-0.010343581961556797
350,2020-01-08 21:00:00+00:00,8160.0,BTCG20 Curncy,44.80281450522528,-0.01881694366887531,-0.03985701735163415
351,2020-01-07 21:00:00+00:00,8315.0,BTCG20 Curncy,46.62458506790941,0.08270208353524383,0.030699556505393136
352,2020-01-06 21:00:00+00:00,7655.0,BTCG20 Curncy,45.21497883390291,0.031854053519751666,0.08079821141519639
353,2020-01-03 21:00:00+00:00,7415.0,BTCG20 Curncy,41.70538306061726,0.05973998288097029,0.05915524517733979
354,2020-01-02 21:00:00+00:00,6985.0,BTCG20 Curncy,39.3098437841352,-0.035856213688699894,-0.04495774082793392
355,2019-12-31 21:00:00+00:00,7240.0,BTCG20 Curncy,41.117454140580406,-0.012354309500935124,-0.024597081719878483
356,2019-12-30 21:00:00+00:00,7330.0,BTCG20 Curncy,42.141364500560144,0.0027322421368730716,0.02876084202977116
357,2019-12-27 21:00:00+00:00,7310.0,BTCG20 Curncy,40.94660684740534,0.0013689256073417405,0.006370230694011177
358,2019-12-26 21:00:00+00:00,7300.0,BTCF20 Curncy,40.68659655767863,0.0034305350967892222,0.0038284896097745204
359,2019-12-24 21:00:00+00:00,7275.0,BTCF20 Curncy,40.53112614383091,-0.024441135159145578,-0.016883604926975233
360,2019-12-23 21:00:00+00:00,7455.0,BTCF20 Curncy,41.22124713646156,0.02788347935011841,0.023776160530786062
361,2019-12-20 21:00:00+00:00,7250.0,BTCF20 Curncy,40.25272365768634,0.008310297133628035,0.0158436288187032
362,2019-12-19 21:00:00+00:00,7190.0,BTCF20 Curncy,39.62,0.0041811907604011106,-0.021167406654774113
363,2019-12-18 21:00:00+00:00,7160.0,BTCF20 Curncy,40.467591663005706,0.08068304299826558,0.09314431191591004
364,2019-12-17 21:00:00+00:00,6605.0,BTCF20 Curncy,36.86848555025393,-0.04151819420632952,-0.0784871203525344
365,2019-12-16 21:00:00+00:00,6885.0,BTCF20 Curncy,39.87877615215372,-0.05784404979413082,-0.10536007798241252
366,2019-12-13 21:00:00+00:00,7295.0,BTCF20 Curncy,44.30973188688632,-0.0013698632279138194,0.005565754004605952
367,2019-12-12 21:00:00+00:00,7305.0,BTCF20 Curncy,44.06379985266142,0.011704092297927998,0.0165630724651077
368,2019-12-11 21:00:00+00:00,7220.0,BTCF20 Curncy,43.33997883995614,-0.007588860152821322,-0.00786129076040204
369,2019-12-10 21:00:00+00:00,7275.0,BTCF20 Curncy,43.68202973437743,-0.014329825554824968,-0.012389519804891592
370,2019-12-09 21:00:00+00:00,7380.0,BTCF20 Curncy,44.22659559575539,-0.018792499349367286,-0.01578922163780234
371,2019-12-06 21:00:00+00:00,7520.0,BTCF20 Curncy,44.93044107977418,0.006671138817022601,0.007128449914226795
372,2019-12-05 21:00:00+00:00,7470.0,BTCF20 Curncy,44.61129553885666,0.027826702122479608,-0.004476719027484087
373,2019-12-04 21:00:00+00:00,7265.0,BTCF20 Curncy,44.81145547003853,-0.01908715069751585,-0.009186131899251935
374,2019-12-03 21:00:00+00:00,7405.0,BTCF20 Curncy,45.22499592110084,0.0006754475096379729,-0.0001615249506101425
375,2019-12-02 21:00:00+00:00,7400.0,BTCF20 Curncy,45.23230147633218,-0.059670271497460396,-0.08305434880677245
376,2019-11-29 21:00:00+00:00,7855.0,BTCF20 Curncy,49.14945779269031,0.029717949214109095,0.019544329280219066
377,2019-11-27 21:00:00+00:00,7625.0,BTCZ19 Curncy,48.19819082337091,0.06782259633876109,0.026579635834527913
378,2019-11-26 21:00:00+00:00,7125.0,BTCZ19 Curncy,46.93397607457074,-0.00908144557824115,0.014840801110648887
379,2019-11-25 21:00:00+00:00,7190.0,BTCZ19 Curncy,46.24258138573993,-0.022689182320445478,-0.04434388008908855
380,2019-11-22 21:00:00+00:00,7355.0,BTCZ19 Curncy,48.33930165813312,-0.034739632293724294,-0.04282375784357633
381,2019-11-21 21:00:00+00:00,7615.0,BTCZ19 Curncy,50.45433584695501,-0.06789794090564616,-0.0888967094144541
382,2019-11-20 21:00:00+00:00,8150.0,BTCZ19 Curncy,55.14496229247416,0.0,0.007491157370395914
383,2019-11-19 21:00:00+00:00,8150.0,BTCZ19 Curncy,54.73340614232175,-0.013406660280115385,-0.02474691388843722
384,2019-11-18 21:00:00+00:00,8260.0,BTCZ19 Curncy,56.104787775969065,-0.0339217290346675,-0.024683853104458673
385,2019-11-15 21:00:00+00:00,8545.0,BTCZ19 Curncy,57.5069037372489,-0.022563873099889893,-0.028682212808533312
386,2019-11-14 21:00:00+00:00,8740.0,BTCZ19 Curncy,59.18021135749728,-0.012507269352394008,-0.02707996623027096
387,2019-11-13 21:00:00+00:00,8850.0,BTCZ19 Curncy,60.80470583813385,-0.004509590505975038,-0.01510533317726868
388,2019-11-12 21:00:00+00:00,8890.0,BTCZ19 Curncy,61.73015317713436,0.009607307577643645,-0.008089536077959666
389,2019-11-11 21:00:00+00:00,8805.0,BTCZ19 Curncy,62.23154676482903,-0.011854499534548481,0.03263123325464848
390,2019-11-08 21:00:00+00:00,8910.0,BTCZ19 Curncy,60.23362918218491,-0.04337764861149611,-0.017803214446537985
391,2019-11-07 21:00:00+00:00,9305.0,BTCZ19 Curncy,61.31558395848021,-0.014933610859258813,-0.030587914960250883
392,2019-11-06 21:00:00+00:00,9445.0,BTCZ19 Curncy,63.22007859834006,-0.007383999794639915,-0.0028553995042123644
393,2019-11-05 21:00:00+00:00,9515.0,BTCZ19 Curncy,63.40085515123859,-0.014088414602781728,0.023017887822882305
394,2019-11-04 21:00:00+00:00,9650.0,BTCZ19 Curncy,61.95816887178573,0.03425894982101534,0.07055447162199421
395,2019-11-01 20:00:00+00:00,9325.0,BTCZ19 Curncy,57.73739112683716,0.002147075435665208,-0.016605140500096316
396,2019-10-31 20:00:00+00:00,9305.0,BTCX19 Curncy,58.70413284638606,0.003768510516450268,0.008894896589843508
397,2019-10-30 20:00:00+00:00,9270.0,BTCX19 Curncy,58.18428109661521,-0.004842624475788015,-0.006368455837118706
398,2019-10-29 20:00:00+00:00,9315.0,BTCX19 Curncy,58.55600752652101,-0.022818713612558977,0.00312887189230953
399,2019-10-28 20:00:00+00:00,9530.0,BTCX19 Curncy,58.37307960869184,0.08939903869412652,0.026480627187846682
400,2019-10-25 20:00:00+00:00,8715.0,BTCX19 Curncy,56.84761067699596,0.1501426584297194,0.12493624670323655
401,2019-10-24 20:00:00+00:00,7500.0,BTCX19 Curncy,50.17103880895253,-0.0006664445431605588,0.015832980879387986
402,2019-10-23 20:00:00+00:00,7505.0,BTCX19 Curncy,49.38293717344438,-0.09221654960355316,-0.09273197114926547
403,2019-10-22 20:00:00+00:00,8230.0,BTCX19 Curncy,54.18135980904825,-0.0024271856576111883,-0.0044950821271413045
404,2019-10-21 20:00:00+00:00,8250.0,BTCX19 Curncy,54.42545768012371,0.032022440568406224,0.01982987771542631
405,2019-10-18 20:00:00+00:00,7990.0,BTCX19 Curncy,53.3568378272469,-0.014290395409456154,-0.021192439280587103
406,2019-10-17 20:00:00+00:00,8105.0,BTCX19 Curncy,54.49966626232475,0.014290395409456117,0.04185225266028882
407,2019-10-16 20:00:00+00:00,7990.0,BTCX19 Curncy,52.265804593381255,-0.029595254910795166,-0.040706368459016526
408,2019-10-15 20:00:00+00:00,8230.0,BTCX19 Curncy,54.43725172252714,-0.022229812953790836,-0.04266273925024998
409,2019-10-14 20:00:00+00:00,8415.0,BTCX19 Curncy,56.80994696807849,0.0,0.015809651478206507
410,2019-10-11 20:00:00+00:00,8415.0,BTCX19 Curncy,55.91886392228842,-0.02754349330101858,-0.03570469156342731
411,2019-10-10 20:00:00+00:00,8650.0,BTCX19 Curncy,57.9515011198388,-0.0040380787492802685,-0.022380666805036427
412,2019-10-09 20:00:00+00:00,8685.0,BTCX19 Curncy,59.26311702862076,0.05441910304163265,0.04029894749503447
413,2019-10-08 20:00:00+00:00,8225.0,BTCX19 Curncy,56.92235763230362,-0.007871672495768051,-0.015002046384124874
414,2019-10-07 20:00:00+00:00,8290.0,BTCX19 Curncy,57.78274714685516,0.004230891775112216,0.01193826576191217
415,2019-10-04 20:00:00+00:00,8255.0,BTCX19 Curncy,57.09702267965376,0.0060753528300371016,0.021504703600829202
416,2019-10-03 20:00:00+00:00,8205.0,BTCX19 Curncy,55.88227632376218,-0.01391853029106304,0.0038860259874621125
417,2019-10-02 20:00:00+00:00,8320.0,BTCX19 Curncy,55.66553774435648,-0.005991629668266747,0.005188512291899899
418,2019-10-01 20:00:00+00:00,8370.0,BTCX19 Curncy,55.377464399839255,0.000597550062596556,-0.005626037604102978
419,2019-09-30 20:00:00+00:00,8365.0,BTCX19 Curncy,55.68989815489654,0.03466446190578326,0.017306431607314782
420,2019-09-27 20:00:00+00:00,8080.0,BTCX19 Curncy,54.73439674972495,-0.012300278081651676,0.011490848037351557
421,2019-09-26 20:00:00+00:00,8180.0,BTCV19 Curncy,54.10905186661077,-0.027134616245923202,-0.04970149777049138
422,2019-09-25 20:00:00+00:00,8405.0,BTCV19 Curncy,56.866305027096736,-0.0029700051531852045,-0.03646001974157038
423,2019-09-24 20:00:00+00:00,8430.0,BTCV19 Curncy,58.97791233922676,-0.16225198995799522,-0.19863198562017573
424,2019-09-23 20:00:00+00:00,9915.0,BTCV19 Curncy,71.937306187628,-0.03566499841053903,-0.033547216094081386
425,2019-09-20 20:00:00+00:00,10275.0,BTCV19 Curncy,74.39153871296438,0.004389180418763187,-0.03510090536800574
426,2019-09-19 20:00:00+00:00,10230.0,BTCV19 Curncy,77.0491179364362,-0.006819315272054948,-0.021068296547530757
427,2019-09-18 20:00:00+00:00,10300.0,BTCV19 Curncy,78.68963234260825,-0.008699909875545905,0.04400171290032947
428,2019-09-17 20:00:00+00:00,10390.0,BTCV19 Curncy,75.30222609703965,0.0145421854997743,0.06479588649372134
429,2019-09-16 20:00:00+00:00,10240.0,BTCV19 Curncy,70.57767038107627,-0.012133126276381146,0.04180486487784753
430,2019-09-13 20:00:00+00:00,10365.0,BTCV19 Curncy,67.68800232960415,-0.011510918466140331,-0.015996246292477197
431,2019-09-12 20:00:00+00:00,10485.0,BTCV19 Curncy,68.77946264647443,0.026578032177309044,-0.00015467946976310088
432,2019-09-11 20:00:00+00:00,10210.0,BTCV19 Curncy,68.79010224012931,0.005893926688777798,-0.025274252367777104
433,2019-09-10 20:00:00+00:00,10150.0,BTCV19 Curncy,70.55087806160604,-0.029128272923023713,0.012404346671127461
434,2019-09-09 20:00:00+00:00,10450.0,BTCV19 Curncy,69.6811458937916,-0.009523881511255479,0.06572525435439171
435,2019-09-06 20:00:00+00:00,10550.0,BTCV19 Curncy,65.24859563549327,-0.013650482612293496,0.012340173638297902
436,2019-09-05 20:00:00+00:00,10695.0,BTCV19 Curncy,64.44836428749117,-0.020361647467538248,-0.05420797123095779
437,2019-09-04 20:00:00+00:00,10915.0,BTCV19 Curncy,68.03840469900828,0.005512186671652044,-0.013484554469570099
438,2019-09-03 20:00:00+00:00,10855.0,BTCV19 Curncy,68.96208599226503,0.11301551463564,0.07009358822338498
439,2019-08-30 20:00:00+00:00,9695.0,BTCV19 Curncy,64.29380536241631,0.012977083229752282,0.0012045729367192244
440,2019-08-29 20:00:00+00:00,9570.0,BTCU19 Curncy,64.21640541078048,-0.01812112749466126,-0.02681354254980869
441,2019-08-28 20:00:00+00:00,9745.0,BTCU19 Curncy,65.96156715592673,-0.05538956227606595,-0.09540826523801436
442,2019-08-27 20:00:00+00:00,10300.0,BTCU19 Curncy,72.56484107637422,-0.01637012964685544,-0.01826119222573237
443,2019-08-26 20:00:00+00:00,10470.0,BTCU19 Curncy,73.90213471399257,-0.007611835039629982,-0.01685020178373099
444,2019-08-23 20:00:00+00:00,10550.0,BTCU19 Curncy,75.15795126385383,0.026412099539777276,0.01789454241020713
445,2019-08-22 20:00:00+00:00,10275.0,BTCU19 Curncy,73.82499599888538,0.006346128205724074,0.003461952413290662
446,2019-08-21 20:00:00+00:00,10210.0,BTCU19 Curncy,73.56985926625968,-0.060336512102263526,-0.02084372852746652
447,2019-08-20 20:00:00+00:00,10845.0,BTCU19 Curncy,75.11942267849116,0.0013840832659385552,-0.015373090256902104
448,2019-08-19 20:00:00+00:00,10830.0,BTCU19 Curncy,76.28316256353654,0.019110346202418797,0.009472893422400461
449,2019-08-16 20:00:00+00:00,10625.0,BTCU19 Curncy,75.56395217455989,0.0369080951991188,-0.007410799420685871
450,2019-08-15 20:00:00+00:00,10240.0,BTCU19 Curncy,76.12602158699833,-0.0019512201312618048,-0.007898291552099843
451,2019-08-14 20:00:00+00:00,10260.0,BTCU19 Curncy,76.7296678491778,-0.07779096161965214,-0.09045786761364152
452,2019-08-13 20:00:00+00:00,11090.0,BTCU19 Curncy,83.99407872316652,-0.052689974121701316,-0.024773165455600366
453,2019-08-12 20:00:00+00:00,11690.0,BTCU19 Curncy,86.10086608337079,-0.03364488914272424,0.021072582909400433
454,2019-08-09 20:00:00+00:00,12090.0,BTCU19 Curncy,84.30548157548313,0.022162730248704583,-0.059565938336238244
455,2019-08-08 20:00:00+00:00,11825.0,BTCU19 Curncy,89.47979323238837,-0.018018505502678365,-0.0020861470940156317
456,2019-08-07 20:00:00+00:00,12040.0,BTCU19 Curncy,89.66665608694467,0.005830920310793144,-0.029210645105588955
457,2019-08-06 20:00:00+00:00,11970.0,BTCU19 Curncy,92.32450673757604,-0.008319515539558389,-0.05842837571627067
458,2019-08-05 20:00:00+00:00,12070.0,BTCU19 Curncy,97.87958451904018,0.12001211306779393,0.04863728471282769
459,2019-08-02 20:00:00+00:00,10705.0,BTCU19 Curncy,93.23290422916143,0.01743271473208237,-0.0639587090334879
460,2019-08-01 20:00:00+00:00,10520.0,BTCU19 Curncy,99.39078648680294,0.03383599724909529,0.016339360936278288
461,2019-07-31 20:00:00+00:00,10170.0,BTCU19 Curncy,97.78,0.03859160921242904,0.07450681787796438
462,2019-07-30 20:00:00+00:00,9785.0,BTCU19 Curncy,90.75950802412817,0.02012971195269262,0.008495795571875209
463,2019-07-29 20:00:00+00:00,9590.0,BTCU19 Curncy,89.99169998608257,-0.05032828251082819,-0.04528262412167278
464,2019-07-26 20:00:00+00:00,10085.0,BTCU19 Curncy,94.16043359558684,0.013979259100239524,0.015024427856706876
465,2019-07-25 20:00:00+00:00,9945.0,BTCQ19 Curncy,92.75630150789704,0.017753446251244254,-0.004765821625597518
466,2019-07-24 20:00:00+00:00,9770.0,BTCQ19 Curncy,93.19941656047617,-0.05573581707685579,4.081420932101682e-05
467,2019-07-23 20:00:00+00:00,10330.0,BTCQ19 Curncy,93.1956127776048,0.0,0.0044467343131870795
468,2019-07-22 20:00:00+00:00,10330.0,BTCQ19 Curncy,92.78211668341666,-0.026273304885098638,-0.03820614096441519
469,2019-07-19 20:00:00+00:00,10605.0,BTCQ19 Curncy,96.3955514756083,-0.008450754517723237,-0.038144733502361486
470,2019-07-18 20:00:00+00:00,10695.0,BTCQ19 Curncy,100.1435631080465,0.07724158539382472,0.11007401729179385
471,2019-07-17 20:00:00+00:00,9900.0,BTCQ19 Curncy,89.70538226722118,0.011684156292504777,0.11720474891455492
472,2019-07-16 20:00:00+00:00,9785.0,BTCQ19 Curncy,79.78424240247676,-0.11840737940626685,-0.13968428845285838
473,2019-07-15 20:00:00+00:00,11015.0,BTCQ19 Curncy,91.74475414621472,-0.07011193038456466,-0.13644196410842568
474,2019-07-12 20:00:00+00:00,11815.0,BTCQ19 Curncy,105.15676890650252,0.002542374250776743,0.031239964563590666
475,2019-07-11 20:00:00+00:00,11785.0,BTCQ19 Curncy,101.9224580855454,-0.04885077206665953,-0.0571668186675864
476,2019-07-10 20:00:00+00:00,12375.0,BTCQ19 Curncy,107.91880383159318,-0.04038553564957441,-0.09354644353467241
477,2019-07-09 20:00:00+00:00,12885.0,BTCQ19 Curncy,118.50149440746124,0.02514867310877288,-0.016042476277782713
478,2019-07-08 20:00:00+00:00,12565.0,BTCQ19 Curncy,120.41788252570996,0.09774050829790784,0.018329492832154543
479,2019-07-05 20:00:00+00:00,11395.0,BTCQ19 Curncy,118.23078919967172,-0.006560268443631718,-0.0027187867986305167
480,2019-07-03 20:00:00+00:00,11470.0,BTCQ19 Curncy,118.55267087408924,0.03549618442073372,0.0096811553755335
481,2019-07-02 20:00:00+00:00,11070.0,BTCQ19 Curncy,117.4104818229454,0.0566802880837686,0.014093266423820193
482,2019-07-01 20:00:00+00:00,10460.0,BTCQ19 Curncy,115.76739008233362,-0.18732812345624422,-0.04559041979202836
483,2019-06-28 20:00:00+00:00,12615.0,BTCQ19 Curncy,121.16743383106704,0.12839202570846378,0.03663067557948
484,2019-06-27 20:00:00+00:00,11095.0,BTCN19 Curncy,116.80929692493878,-0.24286664836897334,-0.14658526998988416
485,2019-06-26 20:00:00+00:00,14145.0,BTCN19 Curncy,135.25040797545648,0.1953434079992754,0.018868266119154948
486,2019-06-25 20:00:00+00:00,11635.0,BTCN19 Curncy,132.7223919246316,0.04572224933809515,-0.007033009766491789
487,2019-06-24 20:00:00+00:00,11115.0,BTCN19 Curncy,133.6591199508187,0.10171843315257678,-0.022477223321580243
488,2019-06-21 20:00:00+00:00,10040.0,BTCN19 Curncy,136.69742424295856,0.03754880479838023,0.020149914639271252
489,2019-06-20 20:00:00+00:00,9670.0,BTCN19 Curncy,133.97054823545795,0.046569260950442254,-0.0358325330870738
490,2019-06-19 20:00:00+00:00,9230.0,BTCN19 Curncy,138.8580960019516,0.010345858684790776,0.036150267969175
491,2019-06-18 20:00:00+00:00,9135.0,BTCN19 Curncy,133.927987880922,-0.026999480208502125,0.010355492713284504
492,2019-06-17 20:00:00+00:00,9385.0,BTCN19 Curncy,132.5482538210855,0.10435468768792858,0.03439761428276833
493,2019-06-14 20:00:00+00:00,8455.0,BTCN19 Curncy,128.0664339648242,0.01970801320333995,-0.013049277406986144
494,2019-06-13 20:00:00+00:00,8290.0,BTCN19 Curncy,129.7485597815547,0.010306244605149414,-0.04957408161793148
495,2019-06-12 20:00:00+00:00,8205.0,BTCN19 Curncy,136.34282740981675,0.034721404778709955,-0.0026385427627034852
496,2019-06-11 20:00:00+00:00,7925.0,BTCN19 Curncy,136.70304881112548,-0.011292466298172007,0.07551977211447383
497,2019-06-10 20:00:00+00:00,8015.0,BTCN19 Curncy,126.7594599374264,0.0,0.09057980623994755
498,2019-06-07 20:00:00+00:00,8015.0,BTCN19 Curncy,115.78227271542656,0.05053841636296135,0.11306952722872657
499,2019-06-06 20:00:00+00:00,7620.0,BTCN19 Curncy,103.40382367428128,-0.029100016486440974,0.002596720525755481
500,2019-06-05 20:00:00+00:00,7845.0,BTCN19 Curncy,103.13566116513456,0.027133447514400263,0.033488119705254546
501,2019-06-04 20:00:00+00:00,7635.0,BTCN19 Curncy,99.73903257490724,-0.125971783903748,-0.11650477852100315
502,2019-06-03 20:00:00+00:00,8660.0,BTCN19 Curncy,112.06307463074651,0.012198815230187001,0.014992287808410845
503,2019-05-31 20:00:00+00:00,8555.0,BTCN19 Curncy,110.3955241955276,-0.014505621328102037,-0.026259166683761652
504,2019-05-30 20:00:00+00:00,8680.0,BTCM19 Curncy,113.332815294157,-0.0086034370655564,-0.034752544503273745
505,2019-05-29 20:00:00+00:00,8755.0,BTCM19 Curncy,117.34065698888666,-0.002281803614114363,0.021752365903482118
506,2019-05-28 20:00:00+00:00,8775.0,BTCM19 Curncy,114.81578065586746,0.08066018222233098,0.1350638405808293
507,2019-05-24 20:00:00+00:00,8095.0,BTCM19 Curncy,100.309970420723,0.03456203257237882,0.1338807093592306
508,2019-05-23 20:00:00+00:00,7820.0,BTCM19 Curncy,87.74056951511699,-0.0183723888047921,-0.028032217490731835
509,2019-05-22 20:00:00+00:00,7965.0,BTCM19 Curncy,90.23493013421972,-0.010615148068460142,-0.01901839465187971
510,2019-05-21 20:00:00+00:00,8050.0,BTCM19 Curncy,91.967476551227,0.02515855963615493,0.013029263405043057
511,2019-05-20 20:00:00+00:00,7850.0,BTCM19 Curncy,90.77698055914712,0.08712719145498599,0.04480332747688504
512,2019-05-17 20:00:00+00:00,7195.0,BTCM19 Curncy,86.7996342474314,-0.09284330736827427,-0.09086248650844761
513,2019-05-16 20:00:00+00:00,7895.0,BTCM19 Curncy,95.05587669469332,-0.04155636698137305,-0.07409710949543673
514,2019-05-15 20:00:00+00:00,8230.0,BTCM19 Curncy,102.3667552285484,0.05558720940301679,0.14898021876211626
515,2019-05-14 20:00:00+00:00,7785.0,BTCM19 Curncy,88.19777934133705,-0.02034399470271765,-0.01789659723123996
516,2019-05-13 20:00:00+00:00,7945.0,BTCM19 Curncy,89.79042846619231,0.22251442263664856,0.15318855236363005
517,2019-05-10 20:00:00+00:00,6360.0,BTCM19 Curncy,77.03730846491968,0.049144000346975185,0.05797746825314008
518,2019-05-09 20:00:00+00:00,6055.0,BTCM19 Curncy,72.69789007559683,0.026779843015721345,-0.0204507570719091
519,2019-05-08 20:00:00+00:00,5895.0,BTCM19 Curncy,74.19992347557377,0.009373737149198515,-0.0019656767181585088
520,2019-05-07 20:00:00+00:00,5840.0,BTCM19 Curncy,74.34591998159578,0.017271586508660716,-0.03448602607015148
521,2019-05-06 20:00:00+00:00,5740.0,BTCM19 Curncy,76.95453720962007,0.01138864696400859,-0.018260315078558423
522,2019-05-03 20:00:00+00:00,5675.0,BTCM19 Curncy,78.3726595818921,0.052453252759114485,0.06681339414182756
523,2019-05-02 20:00:00+00:00,5385.0,BTCM19 Curncy,73.30741347352117,0.01779906473814393,0.008185671896056537
524,2019-05-01 20:00:00+00:00,5290.0,BTCM19 Curncy,72.70979234150522,0.01140696779337638,-0.007651179613365188
525,2019-04-30 20:00:00+00:00,5230.0,BTCM19 Curncy,73.2682416961944,0.017358198609757732,0.0740882268509162
526,2019-04-29 20:00:00+00:00,5140.0,BTCM19 Curncy,68.03613924166022,0.011741817876683195,-0.07277741745146117
527,2019-04-26 20:00:00+00:00,5080.0,BTCM19 Curncy,73.17226391432938,-0.07761699393104879,-0.009290262174352032
528,2019-04-25 20:00:00+00:00,5490.0,BTCK19 Curncy,73.85522094280574,0.01006873494826658,0.022022576615340975
529,2019-04-24 20:00:00+00:00,5435.0,BTCK19 Curncy,72.2465175945996,-0.02990707716793079,-0.07024273392581304
530,2019-04-23 20:00:00+00:00,5600.0,BTCK19 Curncy,77.50379170389282,0.03729399903100546,-0.00513335758369154
531,2019-04-22 20:00:00+00:00,5395.0,BTCK19 Curncy,77.90266929554234,0.018709619656728238,-0.062344130903006285
532,2019-04-18 20:00:00+00:00,5295.0,BTCK19 Curncy,82.914035056985,0.012351700976538139,0.03268709664662552
533,2019-04-17 20:00:00+00:00,5230.0,BTCK19 Curncy,80.24763187381018,0.005752652489449841,-0.008137047616973725
534,2019-04-16 20:00:00+00:00,5200.0,BTCK19 Curncy,80.90327455578938,0.03622520417348281,0.05504811611433351
535,2019-04-15 20:00:00+00:00,5015.0,BTCK19 Curncy,76.57006344529297,-0.009920716286747878,-0.03323096062463437
536,2019-04-12 20:00:00+00:00,5065.0,BTCK19 Curncy,79.15731047442091,-0.0029571238897438154,0.0008041617682932768
537,2019-04-11 20:00:00+00:00,5080.0,BTCK19 Curncy,79.09368077936949,-0.06386161886256338,-0.132807995034708
538,2019-04-10 20:00:00+00:00,5415.0,BTCK19 Curncy,90.32741176155136,0.03667547855840657,0.0366779904093391
539,2019-04-09 20:00:00+00:00,5220.0,BTCK19 Curncy,87.07440536218647,0.0019175461292718545,-0.004018471376590079
540,2019-04-08 20:00:00+00:00,5210.0,BTCK19 Curncy,87.42501535406905,0.03814643435137667,-0.006700042519763026
541,2019-04-05 20:00:00+00:00,5015.0,BTCK19 Curncy,88.01273334341005,0.036552292508641254,0.08233690192342548
542,2019-04-04 20:00:00+00:00,4835.0,BTCK19 Curncy,81.05635059649869,-0.0611719505618161,-0.16037367912151446
543,2019-04-03 20:00:00+00:00,5140.0,BTCK19 Curncy,95.1560597779569,0.0747067745668238,0.2653108904870712
544,2019-04-02 20:00:00+00:00,4770.0,BTCK19 Curncy,72.98160242467459,0.14528028511360544,0.18902325554354227
545,2019-04-01 20:00:00+00:00,4125.0,BTCK19 Curncy,60.41178079897036,0.012195273093818206,-0.011033544940867798
546,2019-03-29 20:00:00+00:00,4075.0,BTCK19 Curncy,61.08202769741992,0.01732716617250353,0.01140131766903988
547,2019-03-28 20:00:00+00:00,4005.0,BTCJ19 Curncy,60.38956707858284,0.0,-0.011500036732546582
548,2019-03-27 20:00:00+00:00,4005.0,BTCJ19 Curncy,61.08805795563712,0.025285797228673162,0.052780075646302695
549,2019-03-26 20:00:00+00:00,3905.0,BTCJ19 Curncy,57.94743581759607,0.0038486256612944563,-0.01453353326274745
550,2019-03-25 20:00:00+00:00,3890.0,BTCJ19 Curncy,58.79576649234676,-0.022872661665991455,-0.0080271091960339
551,2019-03-22 20:00:00+00:00,3980.0,BTCJ19 Curncy,59.26962584622982,0.005037794029957081,0.005041596287154578
552,2019-03-21 20:00:00+00:00,3960.0,BTCJ19 Curncy,58.971564304938525,-0.01254721605208864,-0.015296065617949788
553,2019-03-20 20:00:00+00:00,4010.0,BTCJ19 Curncy,59.88053130912377,0.005000010416705839,-0.00039243084801027483
554,2019-03-19 20:00:00+00:00,3990.0,BTCJ19 Curncy,59.90403488826783,0.007547205635382904,0.017487181450349075
555,2019-03-18 20:00:00+00:00,3960.0,BTCJ19 Curncy,58.865588374946,0.01526747213078838,-0.0032776521727323807
556,2019-03-15 20:00:00+00:00,3900.0,BTCJ19 Curncy,59.0588458409452,0.015504186535965254,0.05909847270937957
557,2019-03-14 20:00:00+00:00,3840.0,BTCJ19 Curncy,55.669691537588776,0.0013029317804160619,0.0027602687941164854
558,2019-03-13 20:00:00+00:00,3835.0,BTCJ19 Curncy,55.51624010628803,0.0,-0.024894096207318413
559,2019-03-12 20:00:00+00:00,3835.0,BTCJ19 Curncy,56.91561251723046,0.0,0.045325631056482185
560,2019-03-11 20:00:00+00:00,3835.0,BTCJ19 Curncy,54.39346715715006,-0.014239722811135388,-0.06192514113404905
561,2019-03-08 21:00:00+00:00,3890.0,BTCJ19 Curncy,57.86826873928972,0.0064474755909697265,0.012644761377550261
562,2019-03-07 21:00:00+00:00,3865.0,BTCJ19 Curncy,57.14114513030301,0.006489315439749868,0.05209513041830283
563,2019-03-06 21:00:00+00:00,3840.0,BTCJ19 Curncy,54.24057838230428,0.0026075634070807695,0.03465931810447998
564,2019-03-05 21:00:00+00:00,3830.0,BTCJ19 Curncy,52.392842519677146,0.03588424879238953,0.133181316896386
565,2019-03-04 21:00:00+00:00,3695.0,BTCJ19 Curncy,45.8597887938719,-0.033269868218318684,-0.05494733041036496
566,2019-03-01 21:00:00+00:00,3820.0,BTCJ19 Curncy,48.45017752299423,0.007884403524148835,0.0378498024285972
567,2019-02-28 21:00:00+00:00,3790.0,BTCH19 Curncy,46.6506191733902,0.02133414247499114,0.047375520440443124
568,2019-02-27 21:00:00+00:00,3710.0,BTCH19 Curncy,44.49205702883784,-0.017368506081644253,0.0008509005367611293
569,2019-02-26 21:00:00+00:00,3775.0,BTCH19 Curncy,44.454214815893295,-0.011850039917495843,-0.023527502748069452
570,2019-02-25 21:00:00+00:00,3820.0,BTCH19 Curncy,45.51251220718541,-0.028389003262686025,-0.0718375212299199
571,2019-02-22 21:00:00+00:00,3930.0,BTCH19 Curncy,48.9023182311714,0.007662872745569097,0.013586240038149712
572,2019-02-21 21:00:00+00:00,3900.0,BTCH19 Curncy,48.24241256638608,-0.010204170174241736,-0.06599125014617083
573,2019-02-20 21:00:00+00:00,3940.0,BTCH19 Curncy,51.53338309241598,0.001269841440475937,0.07007307747379556
574,2019-02-19 21:00:00+00:00,3935.0,BTCH19 Curncy,48.04589671316301,0.10155581861416244,0.133086306425076
575,2019-02-15 21:00:00+00:00,3555.0,BTCH19 Curncy,42.05887528362075,0.0,0.016652550842058533
576,2019-02-14 21:00:00+00:00,3555.0,BTCH19 Curncy,41.36428710818542,0.0,0.008060312506983256
577,2019-02-13 21:00:00+00:00,3555.0,BTCH19 Curncy,41.03221811523065,-0.011188927917805852,-0.06988124961458389
578,2019-02-12 21:00:00+00:00,3595.0,BTCH19 Curncy,44.00216403938959,0.0,0.022535002936292597
579,2019-02-11 21:00:00+00:00,3595.0,BTCH19 Curncy,43.02166441776299,-0.002777779563902386,0.03403948251811702
580,2019-02-08 21:00:00+00:00,3605.0,BTCH19 Curncy,41.581873118817526,0.07934946674455991,0.23691933735332102
581,2019-02-07 21:00:00+00:00,3330.0,BTCH19 Curncy,32.81038209572216,0.0015026298845350965,0.000812871980627494
582,2019-02-06 21:00:00+00:00,3325.0,BTCH19 Curncy,32.7837222924144,-0.019360247284541422,-0.03798682860140633
583,2019-02-05 21:00:00+00:00,3390.0,BTCH19 Curncy,34.05302774619027,0.0029542118974313827,-0.008484112388768915
584,2019-02-04 21:00:00+00:00,3380.0,BTCH19 Curncy,34.343166505336434,-0.010301783527825945,0.04191327917159188
585,2019-02-01 21:00:00+00:00,3415.0,BTCH19 Curncy,32.93348042600658,0.005873732012093916,0.04903643436789195
586,2019-01-31 21:00:00+00:00,3395.0,BTCG19 Curncy,31.357496085576777,-0.0044085302847659685,-0.005545006747829533
587,2019-01-30 21:00:00+00:00,3410.0,BTCG19 Curncy,31.53185658127253,0.01179954693115503,0.022533337642389368
588,2019-01-29 21:00:00+00:00,3370.0,BTCG19 Curncy,30.829283990565266,-0.002962965130657072,0.0142731316388341
589,2019-01-28 21:00:00+00:00,3380.0,BTCG19 Curncy,30.392378980447265,-0.036314810991626055,-0.060542839809493834
590,2019-01-25 21:00:00+00:00,3505.0,BTCG19 Curncy,32.28926187810316,-0.00427046912345232,-0.008348763027443447
591,2019-01-24 21:00:00+00:00,3520.0,BTCG19 Curncy,32.55996572260074,0.0042704691234522855,0.031717217957814806
592,2019-01-23 21:00:00+00:00,3505.0,BTCG19 Curncy,31.543459777507056,-0.015570024377385687,-0.015018131907365569
593,2019-01-22 21:00:00+00:00,3560.0,BTCG19 Curncy,32.02075871549502,0.0,0.04203443596822612
594,2019-01-18 21:00:00+00:00,3560.0,BTCG19 Curncy,30.7026805885536,-0.008391657636248401,-0.022563405189178962
595,2019-01-17 21:00:00+00:00,3590.0,BTCG19 Curncy,31.40331220411461,0.012614042516096664,0.008611409171551253
596,2019-01-16 21:00:00+00:00,3545.0,BTCG19 Curncy,31.134046476041807,0.004240289038885442,0.021899690662703048
597,2019-01-15 21:00:00+00:00,3530.0,BTCG19 Curncy,30.459632175099504,-0.03205849451541608,-0.051356661606235976
598,2019-01-14 21:00:00+00:00,3645.0,BTCG19 Curncy,32.06480250360819,0.006882339622941738,-0.011008524648472988
599,2019-01-11 21:00:00+00:00,3620.0,BTCG19 Curncy,32.41973875004382,0.0069300346646696325,-0.030063577209437763
600,2019-01-10 21:00:00+00:00,3595.0,BTCG19 Curncy,33.40919078017098,-0.10173782812333626,-0.14734792906320326
601,2019-01-09 21:00:00+00:00,3980.0,BTCG19 Curncy,38.713135623912365,0.0012570711900511137,-0.004614863916307791
602,2019-01-08 21:00:00+00:00,3975.0,BTCG19 Curncy,38.89220434768458,0.0012586534071961062,0.028527108162827497
603,2019-01-07 21:00:00+00:00,3970.0,BTCG19 Curncy,37.79839797089993,0.062357861043374915,0.15428686453701587
604,2019-01-04 21:00:00+00:00,3730.0,BTCG19 Curncy,32.394214935031535,-0.004013383313458676,0.03347881153871675
605,2019-01-03 21:00:00+00:00,3745.0,BTCG19 Curncy,31.32764842604144,-0.018519047767237527,-0.0483770245046492
606,2019-01-02 21:00:00+00:00,3815.0,BTCG19 Curncy,32.880443825328,0.048331553750937735,0.08239924421736565
607,2018-12-31 21:00:00+00:00,3635.0,BTCG19 Curncy,30.279739461326884,-0.056164491972124565,-0.06908324413376364
608,2018-12-28 21:00:00+00:00,3845.0,BTCG19 Curncy,32.44551004840831,0.08123544297351656,0.14848844495445152
609,2018-12-27 21:00:00+00:00,3545.0,BTCF19 Curncy,27.96835306810492,-0.05755012523200723,-0.05887143098023109
610,2018-12-26 21:00:00+00:00,3755.0,BTCF19 Curncy,29.6643223008984,-0.07809468839754326,-0.12242454667455922
611,2018-12-24 21:00:00+00:00,4060.0,BTCF19 Curncy,33.52762081481655,0.07543511236178431,0.10553462440506849
612,2018-12-21 21:00:00+00:00,3765.0,BTCF19 Curncy,30.16960548381424,-0.027506645789833587,-0.03650112568895318
613,2018-12-20 21:00:00+00:00,3870.0,BTCF19 Curncy,31.291174794275094,0.04898398140039061,0.051422864465126776
614,2018-12-19 21:00:00+00:00,3685.0,BTCF19 Curncy,29.72276462413353,0.05436878942696413,0.03651284712441301
615,2018-12-18 21:00:00+00:00,3490.0,BTCF19 Curncy,28.657075921949072,-0.011396134730869582,-0.036896483573318026
616,2018-12-17 21:00:00+00:00,3530.0,BTCF19 Curncy,29.73416954753785,0.1186686968603214,0.27296504785472675
617,2018-12-14 21:00:00+00:00,3135.0,BTCF19 Curncy,22.631252985785423,-0.023641763057040424,-0.024195698869257178
618,2018-12-13 21:00:00+00:00,3210.0,BTCF19 Curncy,23.185510249261235,-0.06044135415350087,-0.08978285723876202
619,2018-12-12 21:00:00+00:00,3410.0,BTCF19 Curncy,25.36348097503194,0.02976410190645386,0.07792346116407421
620,2018-12-11 21:00:00+00:00,3310.0,BTCF19 Curncy,23.462113329339928,-0.01499278458614128,-0.04407409623794579
621,2018-12-10 21:00:00+00:00,3360.0,BTCF19 Curncy,24.519311158960143,0.024097551579060524,-0.009937114869735905
622,2018-12-07 21:00:00+00:00,3280.0,BTCF19 Curncy,24.7641769854343,-0.09030878010413518,-0.1321156637691959
623,2018-12-06 21:00:00+00:00,3590.0,BTCF19 Curncy,28.261877064073133,-0.028828351899977612,-0.05300411735566905
624,2018-12-05 21:00:00+00:00,3695.0,BTCF19 Curncy,29.800283701191937,-0.035884248792389536,-0.07109758921752958
625,2018-12-04 21:00:00+00:00,3830.0,BTCF19 Curncy,31.99614743378731,0.009180392344961394,0.03721140372558948
626,2018-12-03 21:00:00+00:00,3795.0,BTCF19 Curncy,30.82740598766404,-0.0336819403867785,-0.04027944713854881
627,2018-11-30 21:00:00+00:00,3925.0,BTCF19 Curncy,32.09446374539768,-0.06174800706844708,-0.04910424552111962
628,2018-11-29 21:00:00+00:00,4175.0,BTCZ18 Curncy,33.70977288118764,-0.026006193746924266,-0.04996154671655272
629,2018-11-28 21:00:00+00:00,4285.0,BTCZ18 Curncy,35.43674720990828,0.14678773239956439,0.15455924870924975
630,2018-11-27 21:00:00+00:00,3700.0,BTCZ18 Curncy,30.36194727001597,0.02601104891326635,0.011536533809116133
631,2018-11-26 21:00:00+00:00,3605.0,BTCZ18 Curncy,30.0136883517372,-0.14679258756590646,-0.05423824171693499
632,2018-11-23 21:00:00+00:00,4175.0,BTCZ18 Curncy,31.686534064240664,-0.04679216150675894,-0.05140328703807388
633,2018-11-21 21:00:00+00:00,4375.0,BTCZ18 Curncy,33.35791530715077,0.03488725900044054,0.00922928845449267
634,2018-11-20 21:00:00+00:00,4225.0,BTCZ18 Curncy,33.05146183359304,-0.1307167844409517,-0.10104323502024475
635,2018-11-19 21:00:00+00:00,4815.0,BTCZ18 Curncy,36.56564108469685,-0.11928185417643437,-0.1577555946301096
636,2018-11-16 21:00:00+00:00,5425.0,BTCZ18 Curncy,42.81397748137909,0.00369344833535173,0.0007111150655057614
637,2018-11-15 21:00:00+00:00,5405.0,BTCZ18 Curncy,42.78354263959765,0.009293747191459477,0.024461865879447084
638,2018-11-14 21:00:00+00:00,5355.0,BTCZ18 Curncy,41.74967408821021,-0.1593392765803952,-0.18848322011885113
639,2018-11-13 21:00:00+00:00,6280.0,BTCZ18 Curncy,50.4092588282417,-0.00634922767865878,-0.011034647995244075
640,2018-11-12 21:00:00+00:00,6320.0,BTCZ18 Curncy,50.96858757757177,-0.001581027997318818,-0.012043662529071669
641,2018-11-09 21:00:00+00:00,6330.0,BTCZ18 Curncy,51.5861474223941,-0.012559034776493797,-0.03706152380883762
642,2018-11-08 21:00:00+00:00,6410.0,BTCZ18 Curncy,53.53387865894801,-0.01394290596901275,-0.011492575746197223
643,2018-11-07 21:00:00+00:00,6500.0,BTCZ18 Curncy,54.15266975542124,0.013942905969012667,-0.014509054047371643
644,2018-11-06 21:00:00+00:00,6410.0,BTCZ18 Curncy,54.94410134575691,0.003907781448076,0.024432051947411045
645,2018-11-05 21:00:00+00:00,6385.0,BTCZ18 Curncy,53.61797022577635,0.006284388318151639,0.04310912008865865
646,2018-11-02 20:00:00+00:00,6345.0,BTCZ18 Curncy,51.3556601515952,0.006324131749468081,0.023971961220327763
647,2018-11-01 20:00:00+00:00,6305.0,BTCZ18 Curncy,50.13920294354151,0.002381898704533674,-0.0007121132635562801
648,2018-10-31 20:00:00+00:00,6290.0,BTCZ18 Curncy,50.17492045092774,0.007179927134808231,0.024340578033968975
649,2018-10-30 20:00:00+00:00,6245.0,BTCZ18 Curncy,48.96837743044205,0.0016025644455411972,-0.0008980610660695635
650,2018-10-29 20:00:00+00:00,6235.0,BTCZ18 Curncy,49.01237377642664,-0.02455568925744368,-0.06329598457167177
651,2018-10-26 20:00:00+00:00,6390.0,BTCZ18 Curncy,52.21494605780651,-0.0023446669592541345,-0.010619595649983535
652,2018-10-25 20:00:00+00:00,6405.0,BTCX18 Curncy,52.77240241341441,-0.0015600627189022275,-0.004228299588528553
653,2018-10-24 20:00:00+00:00,6415.0,BTCX18 Curncy,52.996012352580514,0.00390472967815626,0.003389114432163892
654,2018-10-23 20:00:00+00:00,6390.0,BTCX18 Curncy,52.81670681738449,0.0,0.026249872235903356
655,2018-10-22 20:00:00+00:00,6390.0,BTCX18 Curncy,51.4483136583374,0.0015661710327448761,-0.02960801475403499
656,2018-10-19 20:00:00+00:00,6380.0,BTCX18 Curncy,52.99437099006008,-0.000783392127804156,-0.006210942106018241
657,2018-10-18 20:00:00+00:00,6385.0,BTCX18 Curncy,53.32454022986308,-0.005466628217367221,-0.02294322624436016
658,2018-10-17 20:00:00+00:00,6420.0,BTCX18 Curncy,54.56211996955644,0.0,0.0039680035694466655
659,2018-10-16 20:00:00+00:00,6420.0,BTCX18 Curncy,54.3460462568998,0.007034026657379982,-0.03258015352363085
660,2018-10-15 20:00:00+00:00,6375.0,BTCX18 Curncy,56.14580784573155,0.031065819574890532,0.04720747432892909
661,2018-10-12 20:00:00+00:00,6180.0,BTCX18 Curncy,53.55689485954856,0.0008093889555584958,0.02846939456187082
662,2018-10-11 20:00:00+00:00,6175.0,BTCX18 Curncy,52.05366208209402,-0.05742828295506642,-0.11138608957272843
663,2018-10-10 20:00:00+00:00,6540.0,BTCX18 Curncy,58.18695793511647,-0.006097579868118445,-0.006775738648257652
664,2018-10-09 20:00:00+00:00,6580.0,BTCX18 Curncy,58.58255627679536,-0.006815626535060093,-0.024209733686478746
665,2018-10-08 20:00:00+00:00,6625.0,BTCX18 Curncy,60.01813169566696,0.01367802479610062,0.03625960217381883
666,2018-10-05 20:00:00+00:00,6535.0,BTCX18 Curncy,57.88088022032893,-0.0030557701394778847,-0.016263830450437684
667,2018-10-04 20:00:00+00:00,6555.0,BTCX18 Curncy,58.829941811184426,0.020809999513793278,0.027760741980248194
668,2018-10-03 20:00:00+00:00,6420.0,BTCX18 Curncy,57.2192395611292,-0.01392133851860812,-0.04138826491107509
669,2018-10-02 20:00:00+00:00,6510.0,BTCX18 Curncy,59.63713572711683,-0.0038328908557074405,-0.006152523694055472
670,2018-10-01 20:00:00+00:00,6535.0,BTCX18 Curncy,60.00518567473622,-0.018947137476112492,-0.03102336341226351
671,2018-09-28 20:00:00+00:00,6660.0,BTCX18 Curncy,61.89592526463625,0.002254792387089083,-0.04770499069680812
672,2018-09-27 20:00:00+00:00,6645.0,BTCV18 Curncy,64.92023357364559,0.025916084579607285,0.10535238189582401
673,2018-09-26 20:00:00+00:00,6475.0,BTCV18 Curncy,58.4286854593699,0.019493794681001132,0.03792791785272772
674,2018-09-25 20:00:00+00:00,6350.0,BTCV18 Curncy,56.2541063816377,-0.04012884095899469,-0.03786497258787552
675,2018-09-24 20:00:00+00:00,6610.0,BTCV18 Curncy,58.42500776603661,-0.01873415599873243,-0.04955953090584702
676,2018-09-21 20:00:00+00:00,6735.0,BTCV18 Curncy,61.39347408562037,0.05180137483152133,0.12713681627699586
677,2018-09-20 20:00:00+00:00,6395.0,BTCV18 Curncy,54.06390257703046,0.0031323439863162024,-0.007195480865371917
678,2018-09-19 20:00:00+00:00,6375.0,BTCV18 Curncy,54.45432129424457,0.015810606026642245,0.014327456118626656
679,2018-09-18 20:00:00+00:00,6275.0,BTCV18 Curncy,53.67969188091904,0.007197152218485809,0.025140609447749634
680,2018-09-17 20:00:00+00:00,6230.0,BTCV18 Curncy,52.34697456940087,-0.046264620409395336,-0.10323173180796888
681,2018-09-14 20:00:00+00:00,6525.0,BTCV18 Curncy,58.03961966906812,0.014666414959229086,0.07044440701005773
682,2018-09-13 20:00:00+00:00,6430.0,BTCV18 Curncy,54.09173859902584,0.0228086962073172,0.04856418777493616
683,2018-09-12 20:00:00+00:00,6285.0,BTCV18 Curncy,51.527584225044535,0.00878950924284907,0.0068416302900712695
684,2018-09-11 20:00:00+00:00,6230.0,BTCV18 Curncy,51.17625474764878,-0.0048038523126453896,-0.05018951194449907
685,2018-09-10 20:00:00+00:00,6260.0,BTCV18 Curncy,53.81031416801984,-0.019771304372495496,-0.044824885404745274
686,2018-09-07 20:00:00+00:00,6385.0,BTCV18 Curncy,56.27723194257138,-0.007023048765025381,-0.002582789863880585
687,2018-09-06 20:00:00+00:00,6430.0,BTCV18 Curncy,56.42277207568441,-0.07127124861172737,-0.05827187762348085
688,2018-09-05 20:00:00+00:00,6905.0,BTCV18 Curncy,59.80831600072655,-0.06313456719214544,-0.1271759440243418
689,2018-09-04 20:00:00+00:00,7355.0,BTCV18 Curncy,67.91932874090307,0.04377218388344975,0.09100617242333586
690,2018-08-31 20:00:00+00:00,7040.0,BTCV18 Curncy,62.01116729247667,0.03395053406652165,0.05053130690452034
691,2018-08-30 20:00:00+00:00,6805.0,BTCU18 Curncy,58.95551518130226,-0.027537972014015078,-0.03526603940413219
692,2018-08-29 20:00:00+00:00,6995.0,BTCU18 Curncy,61.07173879214509,-0.012078299588183938,-0.028696253801522905
693,2018-08-28 20:00:00+00:00,7080.0,BTCU18 Curncy,62.84965669609472,0.05293007773042741,0.07799162915620979
694,2018-08-27 20:00:00+00:00,6715.0,BTCU18 Curncy,58.13418329449204,0.018032043805922965,0.007482863419284965
695,2018-08-24 20:00:00+00:00,6595.0,BTCU18 Curncy,57.70079664966831,0.03079535113847194,0.03366104154422303
696,2018-08-23 20:00:00+00:00,6395.0,BTCU18 Curncy,55.79085341334961,-0.001562500317891557,0.014936895573432115
697,2018-08-22 20:00:00+00:00,6405.0,BTCU18 Curncy,54.96370416173309,-0.002339182353172266,-0.008205967219425047
698,2018-08-21 20:00:00+00:00,6420.0,BTCU18 Curncy,55.41659015880242,-0.0015564205476581953,-0.015426106612228572
699,2018-08-20 20:00:00+00:00,6430.0,BTCU18 Curncy,56.27808002028427,-0.007745972114655341,-0.04672940829253935
700,2018-08-17 20:00:00+00:00,6480.0,BTCU18 Curncy,58.9703352552048,0.010861239431604634,0.037120288089464035
701,2018-08-16 20:00:00+00:00,6410.0,BTCU18 Curncy,56.82146942187872,0.0062598013485067345,0.015857343006300022
702,2018-08-15 20:00:00+00:00,6370.0,BTCU18 Curncy,55.92753830917295,0.04741748035745976,0.06864654357674199
703,2018-08-14 20:00:00+00:00,6075.0,BTCU18 Curncy,52.2171168690126,-0.025194343572749602,-0.06993005574678757
704,2018-08-13 20:00:00+00:00,6230.0,BTCU18 Curncy,55.99936807256016,-0.026140102231444213,-0.09575103962294779
705,2018-08-10 20:00:00+00:00,6395.0,BTCU18 Curncy,61.62646752521231,-0.010886577193014741,-0.025733567709406047
706,2018-08-09 20:00:00+00:00,6465.0,BTCU18 Curncy,63.23291759528782,0.021102776067736036,-0.0033593295274216596
707,2018-08-08 20:00:00+00:00,6330.0,BTCU18 Curncy,63.44569499707393,-0.09703209155134457,-0.13397062376893806
708,2018-08-07 20:00:00+00:00,6975.0,BTCU18 Curncy,72.54122107804622,0.007194275634027231,-0.011374860313791169
709,2018-08-06 20:00:00+00:00,6925.0,BTCU18 Curncy,73.3710781411495,-0.06160099784119138,-0.04172772871144822
710,2018-08-03 20:00:00+00:00,7365.0,BTCU18 Curncy,76.49746139531153,-0.021491760720345816,0.0026723127510508912
711,2018-08-02 20:00:00+00:00,7525.0,BTCU18 Curncy,76.29330915461173,-0.001991371384925287,-0.016524929047069304
712,2018-08-01 20:00:00+00:00,7540.0,BTCU18 Curncy,77.56452512421386,-0.024239640763944505,-0.007346896038020365
713,2018-07-31 20:00:00+00:00,7725.0,BTCU18 Curncy,78.13648210808704,-0.047402238894583906,-0.04649371858260626
714,2018-07-30 20:00:00+00:00,8100.0,BTCU18 Curncy,81.85511439385067,-0.014097689810838336,-0.028027932223159954
715,2018-07-27 20:00:00+00:00,8215.0,BTCU18 Curncy,84.18179774237925,-0.004857325882859877,-0.03039153898831139
716,2018-07-26 20:00:00+00:00,8255.0,BTCQ18 Curncy,86.77948606127109,0.01464333670109013,-0.008054348274990419
717,2018-07-25 20:00:00+00:00,8135.0,BTCQ18 Curncy,87.48126063974598,-0.015853990601986424,-0.0050536418399965925
718,2018-07-24 20:00:00+00:00,8265.0,BTCQ18 Curncy,87.92447858782485,0.06369193464448528,0.061942089589918745
719,2018-07-23 20:00:00+00:00,7755.0,BTCQ18 Curncy,82.64349853504223,0.05363748340375683,0.00739046229190024
720,2018-07-20 20:00:00+00:00,7350.0,BTCQ18 Curncy,82.03497627558828,-0.015525117766408456,-0.05423878922962558
721,2018-07-19 20:00:00+00:00,7465.0,BTCQ18 Curncy,86.60733272631101,0.00806998327139167,-0.017831471303733477
722,2018-07-18 20:00:00+00:00,7405.0,BTCQ18 Curncy,88.16551999355642,0.012228413247674442,-0.0075843360882398535
723,2018-07-17 20:00:00+00:00,7315.0,BTCQ18 Curncy,88.8367390866833,0.0915578301857745,0.06469715885644416
724,2018-07-16 20:00:00+00:00,6675.0,BTCQ18 Curncy,83.27123188763696,0.07948106767000551,0.0953140039911567
725,2018-07-13 20:00:00+00:00,6165.0,BTCQ18 Curncy,75.70083040317945,0.0,-0.0028750248385668023
726,2018-07-12 20:00:00+00:00,6165.0,BTCQ18 Curncy,75.91878533367777,-0.027201677156794765,-0.015353466933470542
727,2018-07-11 20:00:00+00:00,6335.0,BTCQ18 Curncy,77.09339599283133,-0.004724418236267511,0.00518992405367925
728,2018-07-10 20:00:00+00:00,6365.0,BTCQ18 Curncy,76.6943235960651,-0.05129329438755058,-0.06151976161614881
729,2018-07-09 20:00:00+00:00,6700.0,BTCQ18 Curncy,81.56069437791358,0.019593693900401284,-0.014959821774061301
730,2018-07-06 20:00:00+00:00,6570.0,BTCQ18 Curncy,82.79,0.008406621919710765,0.0004757965717028227
731,2018-07-05 20:00:00+00:00,6515.0,BTCQ18 Curncy,82.75061817144119,-0.011446137937607398,-0.051839652458668506
732,2018-07-03 20:00:00+00:00,6590.0,BTCQ18 Curncy,87.15351788699374,-0.006051455683355267,0.02273617652871933
733,2018-07-02 20:00:00+00:00,6630.0,BTCQ18 Curncy,85.19433666083106,0.12004804228723566,0.1516057986529713
734,2018-06-29 20:00:00+00:00,5880.0,BTCQ18 Curncy,73.20979048773427,-0.030977780485477863,-0.07352078754867336
735,2018-06-28 20:00:00+00:00,6065.0,BTCN18 Curncy,78.79503201682839,-0.01147553576686136,-0.02360328167535033
736,2018-06-27 20:00:00+00:00,6135.0,BTCN18 Curncy,80.67697600842911,-0.004878058453432855,0.025802650922503133
737,2018-06-26 20:00:00+00:00,6165.0,BTCN18 Curncy,78.621923081597,-0.014493007302566864,-0.03977041330987827
738,2018-06-25 20:00:00+00:00,6255.0,BTCN18 Curncy,81.81175958363961,0.012062872449275163,-0.04853054447684697
739,2018-06-22 20:00:00+00:00,6180.0,BTCN18 Curncy,85.88004851651603,-0.08525687218703708,-0.11503770405009252
740,2018-06-21 20:00:00+00:00,6730.0,BTCN18 Curncy,96.35017797152072,-0.005187117966114882,-0.013998080503436124
741,2018-06-20 20:00:00+00:00,6765.0,BTCN18 Curncy,97.70837944829002,0.0014792902105891243,-0.009712980598411618
742,2018-06-19 20:00:00+00:00,6755.0,BTCN18 Curncy,98.66204300244144,0.006684020428571792,0.003654334843573665
743,2018-06-18 20:00:00+00:00,6710.0,BTCN18 Curncy,98.30215683374058,0.023370833767927295,0.0022620938252154786
744,2018-06-15 20:00:00+00:00,6555.0,BTCN18 Curncy,98.08003945165666,-0.014388737452099556,-0.027299475946100788
745,2018-06-14 20:00:00+00:00,6650.0,BTCN18 Curncy,100.79445562189728,0.05486118717145227,0.09103137719736316
746,2018-06-13 20:00:00+00:00,6295.0,BTCN18 Curncy,92.02423563533785,-0.035885285712446625,-0.079965390418556
747,2018-06-12 20:00:00+00:00,6525.0,BTCN18 Curncy,99.68521425318978,-0.03759841355700755,-0.05902259545770798
748,2018-06-11 20:00:00+00:00,6775.0,BTCN18 Curncy,105.74599649985907,-0.12472892670749632,-0.12437480589094296
749,2018-06-08 20:00:00+00:00,7675.0,BTCN18 Curncy,119.75102131046891,-0.0058460705634239725,-0.016219614594079963
750,2018-06-07 20:00:00+00:00,7720.0,BTCN18 Curncy,121.70917403625924,0.02226680077575145,0.01892677596375964
751,2018-06-06 20:00:00+00:00,7550.0,BTCN18 Curncy,119.42727438690098,-0.012504276120092242,-0.014459396357151141
752,2018-06-05 20:00:00+00:00,7645.0,BTCN18 Curncy,121.16666565193684,0.017150816176087824,0.017974142473022214
753,2018-06-04 20:00:00+00:00,7515.0,BTCN18 Curncy,119.00825464348956,0.007345608989268279,0.0029024262503619634
754,2018-06-01 20:00:00+00:00,7460.0,BTCN18 Curncy,118.66334274400846,-0.01132967800414277,-0.004702899095751073
755,2018-05-31 20:00:00+00:00,7545.0,BTCM18 Curncy,119.22271878484798,0.03027476424659209,0.022077214715427555
756,2018-05-30 20:00:00+00:00,7320.0,BTCM18 Curncy,116.61945536181685,-0.02362580358134083,-0.02633328525738376
757,2018-05-29 20:00:00+00:00,7495.0,BTCM18 Curncy,119.7312204280434,0.007365282709560468,0.014137442245546545
758,2018-05-25 20:00:00+00:00,7440.0,BTCM18 Curncy,118.05043620359008,-0.02127739844728485,-0.05125148188727838
759,2018-05-24 20:00:00+00:00,7600.0,BTCM18 Curncy,124.25842139251122,0.0,0.023134000273367084
760,2018-05-23 20:00:00+00:00,7600.0,BTCM18 Curncy,121.41682254224663,-0.0741549635308128,-0.0778315677739475
761,2018-05-22 20:00:00+00:00,8185.0,BTCM18 Curncy,131.24437035092478,-0.024737309656016622,-0.0240720402489208
762,2018-05-21 20:00:00+00:00,8390.0,BTCM18 Curncy,134.44202271603004,0.0168273201325253,-0.0188221415270462
763,2018-05-18 20:00:00+00:00,8250.0,BTCM18 Curncy,136.99647420450364,0.0060790460763821925,0.019012264818689017
764,2018-05-17 20:00:00+00:00,8200.0,BTCM18 Curncy,134.41646458581104,-0.01212136053234485,-0.02396927772617809
765,2018-05-16 20:00:00+00:00,8300.0,BTCM18 Curncy,137.67725341708078,-0.03317839869731868,-0.02169236833363305
766,2018-05-15 20:00:00+00:00,8580.0,BTCM18 Curncy,140.6964272339667,-0.023042494147154355,-0.06579565969335814
767,2018-05-14 20:00:00+00:00,8780.0,BTCM18 Curncy,150.26497425284018,0.014917086703237385,0.06735555187808925
768,2018-05-11 20:00:00+00:00,8650.0,BTCM18 Curncy,140.47712706348378,-0.05181339032807895,-0.07996332993619612
769,2018-05-10 20:00:00+00:00,9110.0,BTCM18 Curncy,152.17147481200016,-0.02064168888734326,-0.03861827326426476
770,2018-05-09 20:00:00+00:00,9300.0,BTCM18 Curncy,158.16302138431163,0.004310351501122263,-0.009042127129799984
771,2018-05-08 20:00:00+00:00,9260.0,BTCM18 Curncy,159.59963677225534,-0.0224248585398989,-0.039686660365558395
772,2018-05-07 20:00:00+00:00,9470.0,BTCM18 Curncy,166.06097987009915,-0.022965518704687955,0.016908927530633514
773,2018-05-04 20:00:00+00:00,9690.0,BTCM18 Curncy,163.2766729562652,0.0005161290437156547,0.020200528707575268
774,2018-05-03 20:00:00+00:00,9685.0,BTCM18 Curncy,160.0114880993793,0.05573211817292031,0.06807675549568612
775,2018-05-02 20:00:00+00:00,9160.0,BTCM18 Curncy,149.48093472594255,0.018733330202510046,0.026172164696047783
776,2018-05-01 20:00:00+00:00,8990.0,BTCM18 Curncy,145.61944724487353,-0.04086648741252292,-0.03308769235670029
777,2018-04-30 20:00:00+00:00,9365.0,BTCM18 Curncy,150.5182569459159,0.029254523925966287,0.009746002634801035
778,2018-04-27 20:00:00+00:00,9095.0,BTCM18 Curncy,149.05843090640948,0.022235490852287158,0.012506156843695913
779,2018-04-26 20:00:00+00:00,8895.0,BTCK18 Curncy,147.20589101316892,-0.011735256218420965,0.005795606373158463
780,2018-04-25 20:00:00+00:00,9000.0,BTCK18 Curncy,146.35521109714435,-0.05090432986176755,-0.12094548958333552
781,2018-04-24 20:00:00+00:00,9470.0,BTCK18 Curncy,165.1711335063123,0.06658214258099728,0.09660709293683264
782,2018-04-23 20:00:00+00:00,8860.0,BTCK18 Curncy,149.96096340154617,0.037957403113401796,-0.017967411588368197
783,2018-04-20 20:00:00+00:00,8530.0,BTCK18 Curncy,152.6797251683934,0.03216477397070106,0.04878775084495602
784,2018-04-19 20:00:00+00:00,8260.0,BTCK18 Curncy,145.40961298529118,0.016478859317085596,0.047853803492762644
785,2018-04-18 20:00:00+00:00,8125.0,BTCK18 Curncy,138.61507866122872,0.029983507800799378,0.03565469215726035
786,2018-04-17 20:00:00+00:00,7885.0,BTCK18 Curncy,133.75987051960925,-0.01197619104671565,0.04765854340082689
787,2018-04-16 20:00:00+00:00,7980.0,BTCK18 Curncy,127.53459204147798,-0.016159456665604203,-0.025034878640782132
788,2018-04-13 20:00:00+00:00,8110.0,BTCK18 Curncy,130.76770653036402,0.05447832096774068,0.05731302715843467
789,2018-04-12 20:00:00+00:00,7680.0,BTCK18 Curncy,123.4837402384538,0.10492658204285929,0.07444044202100923
790,2018-04-11 20:00:00+00:00,6915.0,BTCK18 Curncy,114.62535726541788,0.010905233482262527,0.002299769293863163
791,2018-04-10 20:00:00+00:00,6840.0,BTCK18 Curncy,114.36204827949317,0.02516787170692669,0.010293579967950054
792,2018-04-09 20:00:00+00:00,6670.0,BTCK18 Curncy,113.19089142965495,0.007524489978615501,-0.0021656312363416024
793,2018-04-06 20:00:00+00:00,6620.0,BTCK18 Curncy,113.43628678181648,-0.020927520105955874,-0.045888562980486124
794,2018-04-05 20:00:00+00:00,6760.0,BTCK18 Curncy,118.76299783126656,-0.015413149165061632,-0.009766464245823711
795,2018-04-04 20:00:00+00:00,6865.0,BTCK18 Curncy,119.92857492205198,-0.0831193749957351,-0.10244322594794225
796,2018-04-03 20:00:00+00:00,7460.0,BTCK18 Curncy,132.86579817714698,0.06507485796995069,0.11645695300510643
797,2018-04-02 20:00:00+00:00,6990.0,BTCK18 Curncy,118.2596498494644,-0.04817685534922614,0.0014343804114441182
798,2018-03-29 20:00:00+00:00,7335.0,BTCJ18 Curncy,118.09014212260035,-0.07420534787803082,-0.11821890878027577
799,2018-03-28 20:00:00+00:00,7900.0,BTCJ18 Curncy,132.90932886871332,-0.0018969338599996945,-0.04458024448858805
800,2018-03-27 20:00:00+00:00,7915.0,BTCJ18 Curncy,138.96851579355655,-0.0018933423137811995,-0.03742885031832135
801,2018-03-26 20:00:00+00:00,7930.0,BTCJ18 Curncy,144.26851528941413,-0.08401192727066678,-0.12434414780855621
802,2018-03-23 20:00:00+00:00,8625.0,BTCJ18 Curncy,163.37046290639364,-0.0005795421779131089,0.004975466417877565
803,2018-03-22 20:00:00+00:00,8630.0,BTCJ18 Curncy,162.55963744464026,-0.030806771642757632,-0.045505664192364306
804,2018-03-21 20:00:00+00:00,8900.0,BTCJ18 Curncy,170.12791551187843,-0.005602255548669898,-0.004601544166676567
805,2018-03-20 20:00:00+00:00,8950.0,BTCJ18 Curncy,170.9125705569768,0.06163770464399473,0.08712123136349513
806,2018-03-19 20:00:00+00:00,8415.0,BTCJ18 Curncy,156.65264642023317,-0.019418085857101627,-0.08772972451045405
807,2018-03-16 20:00:00+00:00,8580.0,BTCJ18 Curncy,171.016601332687,0.038614836127779516,0.05380637305452299
808,2018-03-15 20:00:00+00:00,8255.0,BTCJ18 Curncy,162.05799460419723,-0.0036275735064349546,-0.011385600695222316
809,2018-03-14 20:00:00+00:00,8285.0,BTCJ18 Curncy,163.91366614165986,-0.09162754173467574,-0.0610453007850749
810,2018-03-13 20:00:00+00:00,9080.0,BTCJ18 Curncy,174.23155040965815,0.016657797724794195,-0.010697080866999378
811,2018-03-12 20:00:00+00:00,8930.0,BTCJ18 Curncy,176.10532347741974,-0.011135972540486408,-0.051875321793432974
812,2018-03-09 21:00:00+00:00,9030.0,BTCJ18 Curncy,185.48194888016,-0.04228272115937763,0.04596269892043825
813,2018-03-08 21:00:00+00:00,9420.0,BTCJ18 Curncy,177.1496521594965,-0.04005737106003789,-0.023868806115769147
814,2018-03-07 21:00:00+00:00,9805.0,BTCJ18 Curncy,181.4288696051184,-0.08407489227500434,-0.07350551415302022
815,2018-03-06 21:00:00+00:00,10665.0,BTCJ18 Curncy,195.2672607305231,-0.08833882808839566,-0.07903483024808526
816,2018-03-05 21:00:00+00:00,11650.0,BTCJ18 Curncy,211.326433945341,0.04971333694343487,0.021245690892863867
817,2018-03-02 21:00:00+00:00,11085.0,BTCJ18 Curncy,206.88401607079908,0.0004511617491370439,-0.03300617570230015
818,2018-03-01 21:00:00+00:00,11080.0,BTCJ18 Curncy,213.8264068945366,0.03817432939582388,0.021865662315357852
819,2018-02-28 21:00:00+00:00,10665.0,BTCJ18 Curncy,209.20169632456805,-0.0004687133903481561,-0.03548557577232434
820,2018-02-27 21:00:00+00:00,10670.0,BTCJ18 Curncy,216.75862701580348,0.03772230493136367,-0.020975085306938725
821,2018-02-26 21:00:00+00:00,10275.0,BTCJ18 Curncy,221.35317477610283,0.027128667388252696,0.08740217690507322
822,2018-02-23 21:00:00+00:00,10000.0,BTCJ18 Curncy,202.82779630203763,-0.0094551587707551,0.03135331272601075
823,2018-02-22 21:00:00+00:00,10095.0,BTCH18 Curncy,196.5671321162023,-0.02687677047663514,-0.06297487860995582
824,2018-02-21 21:00:00+00:00,10370.0,BTCH18 Curncy,209.34401233583665,-0.12493621834873198,-0.14908255249847813
825,2018-02-20 21:00:00+00:00,11750.0,BTCH18 Curncy,243.0,0.154292533859697,0.07119158238875303
826,2018-02-16 21:00:00+00:00,10070.0,BTCH18 Curncy,226.3018801788849,-0.006434073173492487,0.04661857935463563
827,2018-02-15 21:00:00+00:00,10135.0,BTCH18 Curncy,215.9941408446752,0.08061843660336775,0.034919886567628046
828,2018-02-14 21:00:00+00:00,9350.0,BTCH18 Curncy,208.581821815856,0.06861097344908476,0.26616775693940775
829,2018-02-13 21:00:00+00:00,8730.0,BTCH18 Curncy,159.83845326615423,-0.01759909175510385,-0.012526330060819884
830,2018-02-12 21:00:00+00:00,8885.0,BTCH18 Curncy,161.8532350543117,0.03260225834715258,0.037999928375798485
831,2018-02-09 21:00:00+00:00,8600.0,BTCH18 Curncy,155.81821507224586,0.033701090614571154,0.05726407080274486
832,2018-02-08 21:00:00+00:00,8315.0,BTCH18 Curncy,147.14609973689284,0.013317388102836801,-0.01725158150365133
833,2018-02-07 21:00:00+00:00,8205.0,BTCH18 Curncy,149.70662572647834,0.08452154252218957,0.08025802143109703
834,2018-02-06 21:00:00+00:00,7540.0,BTCH18 Curncy,138.16098027721205,0.04198314584919145,0.06254660681620007
835,2018-02-05 21:00:00+00:00,7230.0,BTCH18 Curncy,129.7841806751131,-0.17119487732919753,0.026531727050323275
836,2018-02-02 21:00:00+00:00,8580.0,BTCH18 Curncy,126.38606055074216,-0.05719078834826356,-0.12832911662926128
837,2018-02-01 21:00:00+00:00,9085.0,BTCH18 Curncy,143.69174017784877,-0.09695989147899475,-0.11082155574944175
838,2018-01-31 21:00:00+00:00,10010.0,BTCH18 Curncy,160.5317701043688,0.0020000006666670215,-0.03129658516158461
839,2018-01-30 21:00:00+00:00,9990.0,BTCH18 Curncy,165.63531146736668,-0.11566757531170943,-0.08745008216298347
840,2018-01-29 21:00:00+00:00,11215.0,BTCH18 Curncy,180.7723554294537,0.02072146213559813,0.03524886498629847
841,2018-01-26 21:00:00+00:00,10985.0,BTCH18 Curncy,174.51133034796084,-0.019383072464475314,-0.03096718099480606
842,2018-01-25 21:00:00+00:00,11200.0,BTCG18 Curncy,180.0,0.004025950416553057,0.002136714928107856
843,2018-01-24 21:00:00+00:00,11155.0,BTCG18 Curncy,179.61580192,0.0022436625970423565,-0.007676895303723217
844,2018-01-23 21:00:00+00:00,11130.0,BTCG18 Curncy,181.0,0.0688003601763174,0.05373647904857751
845,2018-01-22 21:00:00+00:00,10390.0,BTCG18 Curncy,171.5304071776279,-0.09539767269558322,-0.10461287481375618
846,2018-01-19 21:00:00+00:00,11430.0,BTCG18 Curncy,190.44690218575667,-0.037772730814857394,-0.05206753572548086
847,2018-01-18 21:00:00+00:00,11870.0,BTCG18 Curncy,200.6256959436932,0.07521025788698811,0.11328987308752009
848,2018-01-17 21:00:00+00:00,11010.0,BTCG18 Curncy,179.13703823513407,-0.01800228634947994,-0.04532321070141735
849,2018-01-16 21:00:00+00:00,11210.0,BTCG18 Curncy,187.44290649919697,-0.22010593618480195,-0.23226971962130746
850,2018-01-12 21:00:00+00:00,13970.0,BTCG18 Curncy,236.4517144819476,0.04240401356578939,0.023624622390682044
851,2018-01-11 21:00:00+00:00,13390.0,BTCG18 Curncy,230.9310999926907,-0.07687805702753744,-0.0591388129437191
852,2018-01-10 21:00:00+00:00,14460.0,BTCG18 Curncy,245.0,-0.021211879812669848,-0.035790380281815505
853,2018-01-09 21:00:00+00:00,14770.0,BTCG18 Curncy,253.9274486108292,-0.011778699192612763,-0.007118995798577219
854,2018-01-08 21:00:00+00:00,14945.0,BTCG18 Curncy,255.7416068813822,-0.10382035397124775,0.03500592465975334
855,2018-01-05 21:00:00+00:00,16580.0,BTCG18 Curncy,246.94401770345888,0.10315145762523763,0.060901473375464026
856,2018-01-04 21:00:00+00:00,14955.0,BTCG18 Curncy,232.35356266355208,-0.005002511682971799,-0.05051167635322493
857,2018-01-03 21:00:00+00:00,15030.0,BTCG18 Curncy,244.3916019848945,0.0063407520968100295,-0.030050564066813005
858,2018-01-02 21:00:00+00:00,14935.0,BTCG18 Curncy,251.847168420602,0.03024869533548209,0.03159026691331428
859,2017-12-29 21:00:00+00:00,14490.0,BTCG18 Curncy,244.0156010787717,0.052783634715382007,0.02541130422055519
860,2017-12-28 21:00:00+00:00,13745.0,BTCF18 Curncy,237.8929679148598,-0.06649186856857688,-0.08527319863872351
861,2017-12-27 21:00:00+00:00,14690.0,BTCF18 Curncy,259.0689018205087,-0.07189313182416902,-0.07978815166349702
862,2017-12-26 21:00:00+00:00,15785.0,BTCF18 Curncy,280.5865428897872,0.11040613086440133,-0.020460225891644954
863,2017-12-22 21:00:00+00:00,14135.0,BTCF18 Curncy,286.3865392251964,-0.08115770173816905,-0.03314579569880476
864,2017-12-21 21:00:00+00:00,15330.0,BTCF18 Curncy,296.03811998603186,-0.10575182851744695,-0.049902060528743616
865,2017-12-20 21:00:00+00:00,17040.0,BTCF18 Curncy,311.1858400976532,-0.06585807268157999,-0.12369165357173059
866,2017-12-19 21:00:00+00:00,18200.0,BTCF18 Curncy,352.1587061986056,-0.048266740969834514,0.03565837238187747
867,2017-12-18 21:00:00+00:00,19100.0,BTCF18 Curncy,339.8225506406295,-0.02072613051711697,0.10010320398846452
