,Date,PX_LAST,contract_name,BITW100 Price,% Change,log return future,log return BITW100
165,2020-10-01 20:00:00+00:00,10725.0,BTCX0 Curncy,11076.32,-0.82%,-0.0106655311974194,-0.0082045462255658
166,2020-09-30 20:00:00+00:00,10840.0,BTCX0 Curncy,11167.57,-0.09%,-0.0032235809632476,-0.0008726828029835
167,2020-09-29 20:00:00+00:00,10875.0,BTCX0 Curncy,11177.32,-1.49%,-0.0118831380036772,-0.0149661944614698
168,2020-09-28 20:00:00+00:00,11005.0,BTCX0 Curncy,11345.86,1.43%,0.0109640202919141,0.0165823770505715
169,2020-09-25 20:00:00+00:00,10885.0,BTCX0 Curncy,11159.27,1.60%,0.0148082298724301,0.0159155463551193
170,2020-09-24 20:00:00+00:00,10725.0,BTCV0 Curncy,10983.07,4.05%,0.0360741536165743,0.039680471728208
171,2020-09-23 20:00:00+00:00,10345.0,BTCV0 Curncy,10555.79,-2.62%,-0.0210433398705137,-0.0265352605839342
172,2020-09-22 20:00:00+00:00,10565.0,BTCV0 Curncy,10839.64,0.04%,0.0004733727899046,0.0004170749817316
173,2020-09-21 20:00:00+00:00,10560.0,BTCV0 Curncy,10835.12,-4.57%,-0.0380909960090234,-0.0545933442288072
174,2020-09-18 20:00:00+00:00,10970.0,BTCV0 Curncy,11443.09,-0.96%,-0.0059077654215608,-0.0096837243084808
175,2020-09-17 20:00:00+00:00,11035.0,BTCV0 Curncy,11554.44,0.85%,-0.0054225166758575,0.0084505525343669
176,2020-09-16 20:00:00+00:00,11095.0,BTCV0 Curncy,11457.21,0.94%,0.018649619439688,0.0093944337883897
177,2020-09-15 20:00:00+00:00,10890.0,BTCV0 Curncy,11350.08,-0.24%,0.0101523714640179,-0.0024182021002827
178,2020-09-14 20:00:00+00:00,10780.0,BTCV0 Curncy,11377.56,3.14%,0.0339655291556303,0.026351504869101
179,2020-09-11 20:00:00+00:00,10420.0,BTCV0 Curncy,11081.66,0.69%,0.001440576479623,0.0068663571939263
180,2020-09-10 20:00:00+00:00,10405.0,BTCV0 Curncy,11005.83,0.28%,0.0004806536982708,0.0027714610209564
181,2020-09-09 20:00:00+00:00,10400.0,BTCV0 Curncy,10975.37,3.97%,0.0302609717818094,0.0388986255476611
182,2020-09-08 20:00:00+00:00,10090.0,BTCV0 Curncy,10556.64,-1.78%,-0.0591660876761285,-0.0772424463074425
183,2020-09-04 20:00:00+00:00,10705.0,BTCV0 Curncy,11404.38,-2.00%,-0.0083721419251245,-0.0201603893474589
184,2020-09-03 20:00:00+00:00,10795.0,BTCV0 Curncy,11636.63,-6.45%,-0.0684677992774607,-0.0666619342150145
185,2020-09-02 20:00:00+00:00,11560.0,BTCV0 Curncy,12438.79,-5.70%,-0.0522443990375196,-0.0587384637631734
186,2020-09-01 20:00:00+00:00,12180.0,BTCV0 Curncy,13191.31,3.00%,0.019901154317295,0.0295304658061226
187,2020-08-31 20:00:00+00:00,11940.0,BTCV0 Curncy,12807.46,0.88%,0.0198780070215819,0.0356683542988218
188,2020-08-28 20:00:00+00:00,11705.0,BTCV0 Curncy,12358.69,3.03%,0.031679802643268,0.0298387173556687
189,2020-08-27 20:00:00+00:00,11340.0,BTCU0 Curncy,11995.37,-2.70%,-0.0252516682309669,-0.0274131912842312
190,2020-08-26 20:00:00+00:00,11630.0,BTCU0 Curncy,12328.75,1.78%,0.0164719805789212,0.0176753164472986
191,2020-08-25 20:00:00+00:00,11440.0,BTCU0 Curncy,12112.75,-4.59%,-0.0427781220128041,-0.0469393580133748
192,2020-08-24 20:00:00+00:00,11940.0,BTCU0 Curncy,12694.87,0.90%,0.0067227143948767,0.0113482339395901
193,2020-08-21 20:00:00+00:00,11860.0,BTCU0 Curncy,12551.62,-2.19%,-0.0163081180635549,-0.0221678996239814
194,2020-08-20 20:00:00+00:00,12055.0,BTCU0 Curncy,12832.97,2.74%,0.0175736740223855,0.027046883352184
195,2020-08-19 20:00:00+00:00,11845.0,BTCU0 Curncy,12490.53,-4.10%,-0.0287101058824313,-0.0418660486944644
196,2020-08-18 20:00:00+00:00,12190.0,BTCU0 Curncy,13024.56,-3.20%,-0.0350630316682434,-0.0325020867391983
197,2020-08-17 20:00:00+00:00,12625.0,BTCU0 Curncy,13454.84,3.88%,0.0474445352807485,0.0420875505313742
198,2020-08-14 20:00:00+00:00,12040.0,BTCU0 Curncy,12900.31,4.03%,0.0282183389378009,0.0394693892582172
199,2020-08-13 20:00:00+00:00,11705.0,BTCU0 Curncy,12401.06,0.40%,-0.0055378203293112,0.0039680074816545
200,2020-08-12 20:00:00+00:00,11770.0,BTCU0 Curncy,12351.95,1.85%,0.0188684843043827,0.0183531866202365
201,2020-08-11 20:00:00+00:00,11550.0,BTCU0 Curncy,12127.32,-4.15%,-0.0477589173006864,-0.0423466427969232
202,2020-08-10 20:00:00+00:00,12115.0,BTCU0 Curncy,12651.9,2.07%,0.035710578784512,0.0433168246336051
203,2020-08-07 20:00:00+00:00,11690.0,BTCU0 Curncy,12115.56,-3.69%,-0.0361232051571913,-0.037554079355556
204,2020-08-06 20:00:00+00:00,12120.0,BTCU0 Curncy,12579.2,1.71%,0.0158007445313436,0.0169750178411728
205,2020-08-05 20:00:00+00:00,11930.0,BTCU0 Curncy,12367.47,3.46%,0.0384498452184044,0.0340229286088843
206,2020-08-04 20:00:00+00:00,11480.0,BTCU0 Curncy,11953.77,-1.59%,-0.018555009144722,-0.0160297531664109
207,2020-08-03 20:00:00+00:00,11695.0,BTCU0 Curncy,12146.93,2.62%,-0.000427441767568,0.0363754193709959
208,2020-07-31 20:00:00+00:00,11700.0,BTCU0 Curncy,11713.02,1.84%,0.0286105340412658,0.0182687944610489
209,2020-07-30 20:00:00+00:00,11370.0,BTCQ0 Curncy,11500.98,0.10%,-0.0048256290178236,0.0010143409176682
210,2020-07-29 20:00:00+00:00,11425.0,BTCQ0 Curncy,11489.32,1.67%,0.0185517688080968,0.0165762451987187
211,2020-07-28 20:00:00+00:00,11215.0,BTCQ0 Curncy,11300.44,1.88%,0.0134651944691587,0.0186013074794568
212,2020-07-27 20:00:00+00:00,11065.0,BTCQ0 Curncy,11092.18,7.61%,0.1326925476003381,0.1074635046977764
213,2020-07-24 20:00:00+00:00,9690.0,BTCQ0 Curncy,9961.99,0.02%,-0.0030911925696728,0.0002369285239896
214,2020-07-23 20:00:00+00:00,9720.0,BTCQ0 Curncy,9959.63,3.53%,0.0250013022054171,0.0347310012944108
215,2020-07-22 20:00:00+00:00,9480.0,BTCQ0 Curncy,9619.66,0.35%,0.0021119332031435,0.0035427757528197
216,2020-07-21 20:00:00+00:00,9460.0,BTCQ0 Curncy,9585.64,2.41%,0.021908437038326,0.0238155129092978
217,2020-07-20 20:00:00+00:00,9255.0,BTCQ0 Curncy,9360.05,-0.47%,0.0005403945011269,-0.002293296291122
218,2020-07-17 20:00:00+00:00,9250.0,BTCQ0 Curncy,9381.54,0.69%,0.0059636934680495,0.0068656751439385
219,2020-07-16 20:00:00+00:00,9195.0,BTCQ0 Curncy,9317.35,-0.96%,-0.0059636934680494,-0.0096545012172082
220,2020-07-15 20:00:00+00:00,9250.0,BTCQ0 Curncy,9407.74,-1.11%,-0.0128895447259969,-0.0111528089866491
221,2020-07-14 20:00:00+00:00,9370.0,BTCQ0 Curncy,9513.25,0.86%,0.0042780813910783,0.0086081473394762
222,2020-07-13 20:00:00+00:00,9330.0,BTCQ0 Curncy,9431.71,0.03%,0.0,0.0024266806526049
223,2020-07-10 20:00:00+00:00,9330.0,BTCQ0 Curncy,9408.85,0.14%,0.0010723861617527,0.0014401071188568
224,2020-07-09 20:00:00+00:00,9320.0,BTCQ0 Curncy,9395.31,-2.42%,-0.02542509836581,-0.0245459017537269
225,2020-07-08 20:00:00+00:00,9560.0,BTCQ0 Curncy,9628.78,3.22%,0.0222113837627142,0.0316447813936196
226,2020-07-07 20:00:00+00:00,9350.0,BTCQ0 Curncy,9328.85,-0.08%,-0.0058651194523981,-0.0007993502758315
227,2020-07-06 20:00:00+00:00,9405.0,BTCQ0 Curncy,9336.31,3.55%,0.0313200546223673,0.0353418707884851
228,2020-07-02 20:00:00+00:00,9115.0,BTCQ0 Curncy,9012.11,-1.98%,-0.0270579277654255,-0.0199644661355721
229,2020-07-01 20:00:00+00:00,9365.0,BTCQ0 Curncy,9193.84,1.38%,0.013437450242459,0.0136683821465311
230,2020-06-30 20:00:00+00:00,9240.0,BTCQ0 Curncy,9069.03,-0.18%,-0.001622060371868,-0.0017538858234921
231,2020-06-29 20:00:00+00:00,9255.0,BTCQ0 Curncy,9084.95,0.61%,-0.0026976007726483,-0.0069674539353396
232,2020-06-26 20:00:00+00:00,9280.0,BTCQ0 Curncy,9148.47,-1.25%,-0.006444705442642,-0.0125686985026876
233,2020-06-25 20:00:00+00:00,9340.0,BTCN0 Curncy,9264.18,-0.15%,-0.0037403196157232,-0.001462631962321
234,2020-06-24 20:00:00+00:00,9375.0,BTCN0 Curncy,9277.74,-3.75%,-0.0387077611030496,-0.0381921239553236
235,2020-06-23 20:00:00+00:00,9745.0,BTCN0 Curncy,9638.93,1.00%,0.0087606847350975,0.0099875348447643
236,2020-06-22 20:00:00+00:00,9660.0,BTCN0 Curncy,9543.14,2.68%,0.0288809781859545,0.0303410100598942
237,2020-06-19 20:00:00+00:00,9385.0,BTCN0 Curncy,9257.94,-0.98%,-0.0100716462284583,-0.0098402346517147
238,2020-06-18 20:00:00+00:00,9480.0,BTCN0 Curncy,9349.49,0.95%,0.0084746269909722,0.0094201430353277
239,2020-06-17 20:00:00+00:00,9400.0,BTCN0 Curncy,9261.83,-1.93%,-0.020532440183705,-0.0195033785379076
240,2020-06-16 20:00:00+00:00,9595.0,BTCN0 Curncy,9444.24,0.81%,0.0088982529023642,0.0080200121151822
241,2020-06-15 20:00:00+00:00,9510.0,BTCN0 Curncy,9368.8,-0.02%,-0.0015760444554657,-0.0051347325050002
242,2020-06-12 20:00:00+00:00,9525.0,BTCN0 Curncy,9417.03,1.74%,0.0169405851167128,0.0172531642754747
243,2020-06-11 20:00:00+00:00,9365.0,BTCN0 Curncy,9255.95,-6.10%,-0.0636037544273208,-0.0629446949914476
244,2020-06-10 20:00:00+00:00,9980.0,BTCN0 Curncy,9857.29,1.21%,0.0120969217088285,0.0120718131887623
245,2020-06-09 20:00:00+00:00,9860.0,BTCN0 Curncy,9739.01,0.32%,0.0030472344554689,0.0031912420723402
246,2020-06-08 20:00:00+00:00,9830.0,BTCN0 Curncy,9707.98,-0.58%,-0.0030472344554688,-0.0037968697058283
247,2020-06-05 20:00:00+00:00,9860.0,BTCN0 Curncy,9744.91,-0.60%,-0.0090863825559573,-0.0059760064037749
248,2020-06-04 20:00:00+00:00,9950.0,BTCN0 Curncy,9803.32,1.98%,0.0249313345495278,0.019625560107695
249,2020-06-03 20:00:00+00:00,9705.0,BTCN0 Curncy,9612.8,1.01%,0.0077579908109393,0.0100515967992989
250,2020-06-02 20:00:00+00:00,9630.0,BTCN0 Curncy,9516.66,-0.60%,-0.0072426596993029,-0.006006099565993
251,2020-06-01 20:00:00+00:00,9700.0,BTCN0 Curncy,9573.99,0.43%,0.0176811678432264,0.0293862454021394
252,2020-05-29 20:00:00+00:00,9530.0,BTCN0 Curncy,9296.74,-0.09%,-0.0031430093971991,-0.000927851799515
253,2020-05-28 20:00:00+00:00,9560.0,BTCM20 Curncy,9305.37,3.06%,0.0329641755389761,0.0301234528828416
254,2020-05-27 20:00:00+00:00,9250.0,BTCM20 Curncy,9029.24,3.74%,0.0436412802895369,0.0367303178643672
255,2020-05-26 20:00:00+00:00,8855.0,BTCM20 Curncy,8703.61,-1.65%,-0.0441816747906639,-0.0402062903015965
256,2020-05-22 20:00:00+00:00,9255.0,BTCM20 Curncy,9060.68,2.09%,0.0097720647337925,0.0206911892845022
257,2020-05-21 20:00:00+00:00,9165.0,BTCM20 Curncy,8875.13,-4.87%,-0.0505292273307859,-0.0499059302154373
258,2020-05-20 20:00:00+00:00,9640.0,BTCM20 Curncy,9329.29,-1.03%,-0.012883455706188,-0.0103150369331181
259,2020-05-19 20:00:00+00:00,9765.0,BTCM20 Curncy,9426.02,-0.52%,-0.0066343698304329,-0.0052028532478049
260,2020-05-18 20:00:00+00:00,9830.0,BTCM20 Curncy,9475.19,0.01%,0.0388952320486543,0.0435832678229699
261,2020-05-15 20:00:00+00:00,9455.0,BTCM20 Curncy,9071.1,-3.29%,-0.0373681256180035,-0.0334435824706998
262,2020-05-14 20:00:00+00:00,9815.0,BTCM20 Curncy,9379.6,4.54%,0.0512128621985452,0.0443660870688772
263,2020-05-13 20:00:00+00:00,9325.0,BTCM20 Curncy,8972.56,3.81%,0.0432825706414715,0.037432856469863
264,2020-05-12 20:00:00+00:00,8930.0,BTCM20 Curncy,8642.9,0.92%,0.0095640672766591,0.0091392770927328
265,2020-05-11 20:00:00+00:00,8845.0,BTCM20 Curncy,8564.27,2.25%,-0.1316925067537689,-0.1283721631043134
266,2020-05-08 20:00:00+00:00,10090.0,BTCM20 Curncy,9737.37,0.98%,0.0029776696939245,0.009777167668276
267,2020-05-07 20:00:00+00:00,10060.0,BTCM20 Curncy,9642.63,5.57%,0.069454494633121,0.0542449202555773
268,2020-05-06 20:00:00+00:00,9385.0,BTCM20 Curncy,9133.5,2.88%,0.0396683359639399,0.0284030790402324
269,2020-05-05 20:00:00+00:00,9020.0,BTCM20 Curncy,8877.73,0.62%,0.006116227017436,0.0061873456641945
270,2020-05-04 20:00:00+00:00,8965.0,BTCM20 Curncy,8822.97,-0.71%,0.012910648037258,0.0062372722827726
271,2020-05-01 20:00:00+00:00,8850.0,BTCM20 Curncy,8768.11,-1.04%,-0.0089989358685695,-0.0104491906203013
272,2020-04-30 20:00:00+00:00,8930.0,BTCK20 Curncy,8860.21,0.03%,0.0118277920690472,0.0002957477812251
273,2020-04-29 20:00:00+00:00,8825.0,BTCK20 Curncy,8857.59,11.76%,0.1260322646290603,0.1111729067145765
274,2020-04-28 20:00:00+00:00,7780.0,BTCK20 Curncy,7925.63,0.81%,0.0,0.0080467936193099
275,2020-04-27 20:00:00+00:00,7780.0,BTCK20 Curncy,7862.11,0.16%,0.024066202142564,0.0216506065784544
276,2020-04-24 20:00:00+00:00,7595.0,BTCK20 Curncy,7693.72,0.25%,-0.0039421864457391,0.0024882368228719
277,2020-04-23 20:00:00+00:00,7625.0,BTCK20 Curncy,7674.6,5.57%,0.063620909485061,0.0542052763580947
278,2020-04-22 20:00:00+00:00,7155.0,BTCK20 Curncy,7269.67,3.38%,0.0362900014052004,0.0332383160407713
279,2020-04-21 20:00:00+00:00,6900.0,BTCK20 Curncy,7032.01,1.96%,0.0123953464547177,0.0194382459727559
280,2020-04-20 20:00:00+00:00,6815.0,BTCK20 Curncy,6896.64,-5.74%,-0.0430791663933197,-0.0427674839014319
281,2020-04-17 20:00:00+00:00,7115.0,BTCK20 Curncy,7197.99,-0.16%,-0.0014044946128985,-0.0015769742859149
282,2020-04-16 20:00:00+00:00,7125.0,BTCK20 Curncy,7209.35,5.52%,0.0533267547425521,0.0537584107845377
283,2020-04-15 20:00:00+00:00,6755.0,BTCK20 Curncy,6832.02,-2.59%,-0.0306146358196068,-0.0262207567508774
284,2020-04-14 20:00:00+00:00,6965.0,BTCK20 Curncy,7013.53,2.10%,0.0210381353763982,0.0207934895057599
285,2020-04-13 20:00:00+00:00,6820.0,BTCK20 Curncy,6869.2,-4.97%,-0.0748408413693745,-0.0735765776091724
286,2020-04-09 20:00:00+00:00,7350.0,BTCK20 Curncy,7393.67,-0.48%,-0.0054274217353651,-0.0048208730309584
287,2020-04-08 20:00:00+00:00,7390.0,BTCK20 Curncy,7429.4,0.63%,-0.0020277127596517,0.0062623327684304
288,2020-04-07 20:00:00+00:00,7405.0,BTCK20 Curncy,7383.02,0.55%,0.0020277127596516,0.0055006610444494
289,2020-04-06 20:00:00+00:00,7390.0,BTCK20 Curncy,7342.52,8.12%,0.0766092762196982,0.0822332731243466
290,2020-04-03 20:00:00+00:00,6845.0,BTCK20 Curncy,6762.88,-0.05%,-0.0080029528628014,-0.0004612355280424
291,2020-04-02 20:00:00+00:00,6900.0,BTCK20 Curncy,6766.0,8.83%,0.1029479692524424,0.0846049018065788
292,2020-04-01 20:00:00+00:00,6225.0,BTCK20 Curncy,6217.11,-3.73%,-0.0424592077717915,-0.0380067614190852
293,2020-03-31 20:00:00+00:00,6495.0,BTCK20 Curncy,6457.95,1.37%,0.0139537147738653,0.0135727527210897
294,2020-03-30 20:00:00+00:00,6405.0,BTCK20 Curncy,6370.89,7.44%,-0.0465200156348928,-0.0416543730951328
295,2020-03-27 20:00:00+00:00,6710.0,BTCK20 Curncy,6641.87,0.55%,0.0022379718404546,0.0054424717041039
296,2020-03-26 20:00:00+00:00,6695.0,BTCJ20 Curncy,6605.82,0.81%,0.0052414945908379,0.008083056762904
297,2020-03-25 20:00:00+00:00,6660.0,BTCJ20 Curncy,6552.64,-1.62%,-0.0126820051074214,-0.0163805834669201
298,2020-03-24 20:00:00+00:00,6745.0,BTCJ20 Curncy,6660.86,6.48%,0.0666658131065974,0.0628083104976971
299,2020-03-23 20:00:00+00:00,6310.0,BTCJ20 Curncy,6255.37,5.84%,0.0127593437537599,0.0095621957377665
300,2020-03-20 20:00:00+00:00,6230.0,BTCJ20 Curncy,6195.84,-1.31%,-0.0064000218454675,-0.0132322935404593
301,2020-03-19 20:00:00+00:00,6270.0,BTCJ20 Curncy,6278.37,16.58%,0.1596148101678208,0.1533983790052052
302,2020-03-18 20:00:00+00:00,5345.0,BTCJ20 Curncy,5385.51,-0.99%,-0.0120875483813816,-0.0099273315809532
303,2020-03-17 20:00:00+00:00,5410.0,BTCJ20 Curncy,5439.24,8.65%,0.0898721277837146,0.0829482183929279
304,2020-03-16 20:00:00+00:00,4945.0,BTCJ20 Curncy,5006.27,-7.43%,-0.083381608939051,-0.1021549967522825
305,2020-03-13 20:00:00+00:00,5375.0,BTCJ20 Curncy,5544.72,-8.66%,-0.1158172805357683,-0.0906096761038014
306,2020-03-12 20:00:00+00:00,6035.0,BTCJ20 Curncy,6070.59,-23.87%,-0.2699196161119405,-0.2726940804123068
307,2020-03-11 20:00:00+00:00,7905.0,BTCJ20 Curncy,7973.71,-2.82%,-0.0175553097829111,-0.0285889693528124
308,2020-03-10 20:00:00+00:00,8045.0,BTCJ20 Curncy,8204.96,2.35%,0.0181880209713708,0.0232631281211735
309,2020-03-09 20:00:00+00:00,7900.0,BTCJ20 Curncy,8016.29,-6.29%,-0.1593811002643472,-0.1692675057832091
310,2020-03-06 21:00:00+00:00,9265.0,BTCJ20 Curncy,9494.79,0.42%,-0.0005395198404406,0.0041762571642009
311,2020-03-05 21:00:00+00:00,9270.0,BTCJ20 Curncy,9455.22,4.82%,0.0469310519660152,0.0471193099404805
312,2020-03-04 21:00:00+00:00,8845.0,BTCJ20 Curncy,9020.03,-0.10%,-0.0022586119144226,-0.0010360450381865
313,2020-03-03 21:00:00+00:00,8865.0,BTCJ20 Curncy,9029.38,-2.38%,-0.0201011793210872,-0.0241290356055473
314,2020-03-02 21:00:00+00:00,9045.0,BTCJ20 Curncy,9249.9,5.71%,0.0297357112002332,0.0363975148097886
315,2020-02-28 21:00:00+00:00,8780.0,BTCJ20 Curncy,8919.28,-3.46%,-0.0186183093136571,-0.0352130169875586
316,2020-02-27 21:00:00+00:00,8945.0,BTCH20 Curncy,9238.95,1.61%,0.0067302553540678,0.0159475508170499
317,2020-02-26 21:00:00+00:00,8885.0,BTCH20 Curncy,9092.78,-6.46%,-0.0600617172138988,-0.0668242608996899
318,2020-02-25 21:00:00+00:00,9435.0,BTCH20 Curncy,9721.16,-3.46%,-0.0323281541390105,-0.0352488024501987
319,2020-02-24 21:00:00+00:00,9745.0,BTCH20 Curncy,10069.93,-3.66%,-0.0142641236630561,-0.0166892687789862
320,2020-02-21 21:00:00+00:00,9885.0,BTCH20 Curncy,10239.4,1.78%,0.0127260561975791,0.0176390808253747
321,2020-02-20 21:00:00+00:00,9760.0,BTCH20 Curncy,10060.37,-6.30%,-0.0630325208849751,-0.0650973652701939
322,2020-02-19 21:00:00+00:00,10395.0,BTCH20 Curncy,10737.06,-0.94%,-0.001922153402959,-0.0094189861675717
323,2020-02-18 21:00:00+00:00,10415.0,BTCH20 Curncy,10838.67,6.28%,-0.0246574844017529,-0.0331960810621478
324,2020-02-14 21:00:00+00:00,10675.0,BTCH20 Curncy,11204.51,2.45%,0.0174821367064824,0.0242215293787249
325,2020-02-13 21:00:00+00:00,10490.0,BTCH20 Curncy,10936.38,-1.43%,-0.0226211342344013,-0.0143528408871854
326,2020-02-12 21:00:00+00:00,10730.0,BTCH20 Curncy,11094.48,3.26%,0.0136056520557786,0.0320350775857491
327,2020-02-11 21:00:00+00:00,10585.0,BTCH20 Curncy,10744.7,4.64%,0.0469024807396147,0.0453287313919723
328,2020-02-10 21:00:00+00:00,10100.0,BTCH20 Curncy,10268.53,-1.55%,0.0119523335238411,0.0169901361881572
329,2020-02-07 21:00:00+00:00,9980.0,BTCH20 Curncy,10095.54,-0.08%,-0.0044988828692602,-0.0007861767956027
330,2020-02-06 21:00:00+00:00,10025.0,BTCH20 Curncy,10103.48,1.53%,0.0085149525241501,0.0152189294866293
331,2020-02-05 21:00:00+00:00,9940.0,BTCH20 Curncy,9950.88,5.97%,0.0601217301789819,0.0580242159887065
332,2020-02-04 21:00:00+00:00,9360.0,BTCH20 Curncy,9389.92,-1.07%,-0.0158985860677982,-0.010734601664685
333,2020-02-03 21:00:00+00:00,9510.0,BTCH20 Curncy,9491.26,-1.20%,-0.0026253624950834,0.0137284546147064
334,2020-01-31 21:00:00+00:00,9535.0,BTCH20 Curncy,9361.85,-2.75%,-0.0202446571455313,-0.0278653647992899
335,2020-01-30 21:00:00+00:00,9730.0,BTCG20 Curncy,9626.39,2.57%,0.0212939751851489,0.0253444711558896
336,2020-01-29 21:00:00+00:00,9525.0,BTCG20 Curncy,9385.48,3.38%,0.0374375270721305,0.0332118757310169
337,2020-01-28 21:00:00+00:00,9175.0,BTCG20 Curncy,9078.89,0.79%,0.0109590137897193,0.0078610697802531
338,2020-01-27 21:00:00+00:00,9075.0,BTCG20 Curncy,9007.8,4.83%,0.0601770635833603,0.0602283077883315
339,2020-01-24 21:00:00+00:00,8545.0,BTCG20 Curncy,8481.29,1.43%,0.0135495445537901,0.0142295078789
340,2020-01-23 21:00:00+00:00,8430.0,BTCG20 Curncy,8361.46,-3.94%,-0.03611341765368,-0.0401864011467184
341,2020-01-22 21:00:00+00:00,8740.0,BTCG20 Curncy,8704.32,-0.47%,-0.0062731885220773,-0.0046660848527497
342,2020-01-21 21:00:00+00:00,8795.0,BTCG20 Curncy,8745.03,0.46%,-0.0224854892129749,-0.0203707886692891
343,2020-01-17 21:00:00+00:00,8995.0,BTCG20 Curncy,8925.0,2.16%,0.0162514083826582,0.021407342734984
344,2020-01-16 21:00:00+00:00,8850.0,BTCG20 Curncy,8735.97,-0.66%,-0.0112360732669258,-0.0066127258235102
345,2020-01-15 21:00:00+00:00,8950.0,BTCG20 Curncy,8793.93,1.85%,0.0134985176708953,0.018360762915416
346,2020-01-14 21:00:00+00:00,8830.0,BTCG20 Curncy,8633.94,8.18%,0.0667304270829819,0.0786472548017204
347,2020-01-13 21:00:00+00:00,8260.0,BTCG20 Curncy,7980.92,0.06%,0.009732436918231,0.0123261228516344
348,2020-01-10 21:00:00+00:00,8180.0,BTCG20 Curncy,7883.15,3.60%,0.0304087966362832,0.0353577009561414
349,2020-01-09 21:00:00+00:00,7935.0,BTCG20 Curncy,7609.29,-2.35%,-0.0279608149976432,-0.0237931467144251
350,2020-01-08 21:00:00+00:00,8160.0,BTCG20 Curncy,7792.51,-2.06%,-0.0188169436688753,-0.0207796847837708
351,2020-01-07 21:00:00+00:00,8315.0,BTCG20 Curncy,7956.13,6.40%,0.0827020835352438,0.0620227919085594
352,2020-01-06 21:00:00+00:00,7655.0,BTCG20 Curncy,7477.66,2.48%,0.0318540535197516,0.0444132242760733
353,2020-01-03 21:00:00+00:00,7415.0,BTCG20 Curncy,7152.82,5.52%,0.0597399828809702,0.0536874121541506
354,2020-01-02 21:00:00+00:00,6985.0,BTCG20 Curncy,6778.93,-4.10%,-0.0358562136886998,-0.0288384504006515
355,2019-12-31 21:00:00+00:00,7240.0,BTCG20 Curncy,6977.27,-1.55%,-0.0123543095009351,-0.0156312063308402
356,2019-12-30 21:00:00+00:00,7330.0,BTCG20 Curncy,7087.19,-1.96%,0.002732242136873,0.0098405754619027
357,2019-12-27 21:00:00+00:00,7310.0,BTCG20 Curncy,7017.79,-0.43%,0.0013689256073417,-0.0042600632908286
358,2019-12-26 21:00:00+00:00,7300.0,BTCF20 Curncy,7047.75,0.34%,0.0034305350967892,0.0034681047617344
359,2019-12-24 21:00:00+00:00,7275.0,BTCF20 Curncy,7023.35,-2.21%,-0.0244411351591455,-0.0223863153725371
360,2019-12-23 21:00:00+00:00,7455.0,BTCF20 Curncy,7182.35,-0.67%,0.0278834793501184,0.0202230237668185
361,2019-12-20 21:00:00+00:00,7250.0,BTCF20 Curncy,7038.56,1.10%,0.008310297133628,0.0109411235197465
362,2019-12-19 21:00:00+00:00,7190.0,BTCF20 Curncy,6961.97,-0.24%,0.0041811907604011,-0.0023600498458529
363,2019-12-18 21:00:00+00:00,7160.0,BTCF20 Curncy,6978.42,8.18%,0.0806830429982655,0.0786385287372988
364,2019-12-17 21:00:00+00:00,6605.0,BTCF20 Curncy,6450.67,-5.13%,-0.0415181942063295,-0.0526974334817602
365,2019-12-16 21:00:00+00:00,6885.0,BTCF20 Curncy,6799.72,-4.70%,-0.0578440497941308,-0.0644027526548897
366,2019-12-13 21:00:00+00:00,7295.0,BTCF20 Curncy,7252.05,0.16%,-0.0013698632279138,0.0015828738324003
367,2019-12-12 21:00:00+00:00,7305.0,BTCF20 Curncy,7240.58,1.11%,0.0117040922979279,0.0110879860987719
368,2019-12-11 21:00:00+00:00,7220.0,BTCF20 Curncy,7160.74,-0.38%,-0.0075888601528213,-0.0038038149478914
369,2019-12-10 21:00:00+00:00,7275.0,BTCF20 Curncy,7188.03,-1.47%,-0.0143298255548249,-0.0148241285557065
370,2019-12-09 21:00:00+00:00,7380.0,BTCF20 Curncy,7295.38,-3.04%,-0.0187924993493672,-0.0155027947163177
371,2019-12-06 21:00:00+00:00,7520.0,BTCF20 Curncy,7409.36,0.66%,0.0066711388170226,0.0065944631739683
372,2019-12-05 21:00:00+00:00,7470.0,BTCF20 Curncy,7360.66,2.42%,0.0278267021224796,0.0239258558426998
373,2019-12-04 21:00:00+00:00,7265.0,BTCF20 Curncy,7186.64,-1.55%,-0.0190871506975158,-0.0155958053418595
374,2019-12-03 21:00:00+00:00,7405.0,BTCF20 Curncy,7299.6,0.08%,0.0006754475096379,0.0008456092213417
375,2019-12-02 21:00:00+00:00,7400.0,BTCF20 Curncy,7293.43,-1.04%,-0.0596702714974603,-0.0578166284178995
376,2019-11-29 21:00:00+00:00,7855.0,BTCF20 Curncy,7727.54,2.08%,0.029717949214109,0.0221601508610836
377,2019-11-27 21:00:00+00:00,7625.0,BTCZ19 Curncy,7558.18,5.78%,0.067822596338761,0.0561952160548768
378,2019-11-26 21:00:00+00:00,7125.0,BTCZ19 Curncy,7145.16,-0.45%,-0.0090814455782411,-0.0044852767892034
379,2019-11-25 21:00:00+00:00,7190.0,BTCZ19 Curncy,7177.28,1.33%,-0.0226891823204454,-0.0269543796465619
380,2019-11-22 21:00:00+00:00,7355.0,BTCZ19 Curncy,7373.37,-3.47%,-0.0347396322937242,-0.035331624591272
381,2019-11-21 21:00:00+00:00,7615.0,BTCZ19 Curncy,7638.54,-6.37%,-0.0678979409056461,-0.0658710029787589
382,2019-11-20 21:00:00+00:00,8150.0,BTCZ19 Curncy,8158.64,-0.18%,0.0,-0.001818501823381
383,2019-11-19 21:00:00+00:00,8150.0,BTCZ19 Curncy,8173.49,-1.48%,-0.0134066602801153,-0.0148895346142082
384,2019-11-18 21:00:00+00:00,8260.0,BTCZ19 Curncy,8296.1,-4.04%,-0.0339217290346675,-0.0310985204442018
385,2019-11-15 21:00:00+00:00,8545.0,BTCZ19 Curncy,8558.15,-2.25%,-0.0225638730998898,-0.0227306405441781
386,2019-11-14 21:00:00+00:00,8740.0,BTCZ19 Curncy,8754.91,-1.26%,-0.012507269352394,-0.0126925119171476
387,2019-11-13 21:00:00+00:00,8850.0,BTCZ19 Curncy,8866.74,-0.34%,-0.004509590505975,-0.0033822157586543
388,2019-11-12 21:00:00+00:00,8890.0,BTCZ19 Curncy,8896.78,0.64%,0.0096073075776436,0.0063912247179236
389,2019-11-11 21:00:00+00:00,8805.0,BTCZ19 Curncy,8840.1,-3.23%,-0.0118544995345484,-0.0037001177541067
390,2019-11-08 21:00:00+00:00,8910.0,BTCZ19 Curncy,8872.87,-3.74%,-0.0433776486114961,-0.0381554483959491
391,2019-11-07 21:00:00+00:00,9305.0,BTCZ19 Curncy,9217.96,-1.51%,-0.0149336108592588,-0.0151729387607713
392,2019-11-06 21:00:00+00:00,9445.0,BTCZ19 Curncy,9358.89,-0.56%,-0.0073839997946399,-0.0056279649471268
393,2019-11-05 21:00:00+00:00,9515.0,BTCZ19 Curncy,9411.71,-0.39%,-0.0140884146027817,-0.0039013400872382
394,2019-11-04 21:00:00+00:00,9650.0,BTCZ19 Curncy,9448.5,3.35%,0.0342589498210153,0.0321764391620578
395,2019-11-01 20:00:00+00:00,9325.0,BTCZ19 Curncy,9149.32,-0.58%,0.0021470754356652,-0.0058597376427574
396,2019-10-31 20:00:00+00:00,9305.0,BTCX19 Curncy,9203.09,0.14%,0.0037685105164502,0.0013526343089232
397,2019-10-30 20:00:00+00:00,9270.0,BTCX19 Curncy,9190.65,-0.61%,-0.004842624475788,-0.006082231126477
398,2019-10-29 20:00:00+00:00,9315.0,BTCX19 Curncy,9246.72,-1.07%,-0.0228187136125589,-0.0107758434771275
399,2019-10-28 20:00:00+00:00,9530.0,BTCX19 Curncy,9346.9,-2.67%,0.0893990386941265,0.07101965950866
400,2019-10-25 20:00:00+00:00,8715.0,BTCX19 Curncy,8706.11,13.98%,0.1501426584297194,0.1308487034939852
401,2019-10-24 20:00:00+00:00,7500.0,BTCX19 Curncy,7638.31,0.63%,-0.0006664445431605,0.0062591477812812
402,2019-10-23 20:00:00+00:00,7505.0,BTCX19 Curncy,7590.65,-8.23%,-0.0922165496035531,-0.0859131518670262
403,2019-10-22 20:00:00+00:00,8230.0,BTCX19 Curncy,8271.62,-0.28%,-0.0024271856576111,-0.0028394225306752
404,2019-10-21 20:00:00+00:00,8250.0,BTCX19 Curncy,8295.14,-0.42%,0.0320224405684062,0.0252499917657215
405,2019-10-18 20:00:00+00:00,7990.0,BTCX19 Curncy,8088.31,-1.40%,-0.0142903954094561,-0.0141057317116381
406,2019-10-17 20:00:00+00:00,8105.0,BTCX19 Curncy,8203.21,1.87%,0.0142903954094561,0.0185416970102267
407,2019-10-16 20:00:00+00:00,7990.0,BTCX19 Curncy,8052.51,-2.80%,-0.0295952549107951,-0.0284302172583953
408,2019-10-15 20:00:00+00:00,8230.0,BTCX19 Curncy,8284.73,-2.16%,-0.0222298129537908,-0.0218602161612543
409,2019-10-14 20:00:00+00:00,8415.0,BTCX19 Curncy,8467.83,-0.57%,0.0,0.0074130079552357
410,2019-10-11 20:00:00+00:00,8415.0,BTCX19 Curncy,8405.29,-2.86%,-0.0275434933010185,-0.029054057393081
411,2019-10-10 20:00:00+00:00,8650.0,BTCX19 Curncy,8653.08,-0.60%,-0.0040380787492802,-0.0060258984100332
412,2019-10-09 20:00:00+00:00,8685.0,BTCX19 Curncy,8705.38,5.19%,0.0544191030416326,0.0505669658038176
413,2019-10-08 20:00:00+00:00,8225.0,BTCX19 Curncy,8276.12,-0.73%,-0.007871672495768,-0.0073591662481729
414,2019-10-07 20:00:00+00:00,8290.0,BTCX19 Curncy,8337.25,4.79%,0.0042308917751122,0.0118508072392683
415,2019-10-04 20:00:00+00:00,8255.0,BTCX19 Curncy,8239.03,1.19%,0.0060753528300371,0.0118762456861104
416,2019-10-03 20:00:00+00:00,8205.0,BTCX19 Curncy,8141.76,-1.54%,-0.013918530291063,-0.0154842322313221
417,2019-10-02 20:00:00+00:00,8320.0,BTCX19 Curncy,8268.81,-0.24%,-0.0059916296682667,-0.0023627222871775
418,2019-10-01 20:00:00+00:00,8370.0,BTCX19 Curncy,8288.37,0.01%,0.0005975500625965,6.274048005777862e-05
419,2019-09-30 20:00:00+00:00,8365.0,BTCX19 Curncy,8287.85,4.61%,0.0346644619057832,0.0392566700489308
420,2019-09-27 20:00:00+00:00,8080.0,BTCX19 Curncy,7968.8,-1.04%,-0.0123002780816516,-0.0105033252973195
421,2019-09-26 20:00:00+00:00,8180.0,BTCV19 Curncy,8052.94,-2.60%,-0.0271346162459232,-0.0263263716758777
422,2019-09-25 20:00:00+00:00,8405.0,BTCV19 Curncy,8267.76,-0.92%,-0.0029700051531852,-0.0092450173321116
423,2019-09-24 20:00:00+00:00,8430.0,BTCV19 Curncy,8344.55,-14.74%,-0.1622519899579952,-0.1594637131192847
424,2019-09-23 20:00:00+00:00,9915.0,BTCV19 Curncy,9787.17,-1.35%,-0.035664998410539,-0.0375927694322718
425,2019-09-20 20:00:00+00:00,10275.0,BTCV19 Curncy,10162.1,-0.51%,0.0043891804187631,-0.0050795286864566
426,2019-09-19 20:00:00+00:00,10230.0,BTCV19 Curncy,10213.85,-0.40%,-0.0068193152720549,-0.004051952935949
427,2019-09-18 20:00:00+00:00,10300.0,BTCV19 Curncy,10255.32,0.24%,-0.0086999098755459,0.0023977268239191
428,2019-09-17 20:00:00+00:00,10390.0,BTCV19 Curncy,10230.76,3.04%,0.0145421854997743,0.0299471576913371
429,2019-09-16 20:00:00+00:00,10240.0,BTCV19 Curncy,9928.92,-1.37%,-0.0121331262763811,0.003411015094476
430,2019-09-13 20:00:00+00:00,10365.0,BTCV19 Curncy,9895.11,-0.92%,-0.0115109184661403,-0.0092876078466034
431,2019-09-12 20:00:00+00:00,10485.0,BTCV19 Curncy,9987.44,2.08%,0.026578032177309,0.0205584417963663
432,2019-09-11 20:00:00+00:00,10210.0,BTCV19 Curncy,9784.21,0.19%,0.0058939266887777,0.0019417442099075
433,2019-09-10 20:00:00+00:00,10150.0,BTCV19 Curncy,9765.23,-2.64%,-0.0291282729230237,-0.0267195825777858
434,2019-09-09 20:00:00+00:00,10450.0,BTCV19 Curncy,10029.67,-0.20%,-0.0095238815112554,0.0073883864713917
435,2019-09-06 20:00:00+00:00,10550.0,BTCV19 Curncy,9955.84,-1.28%,-0.0136504826122934,-0.0128799419755221
436,2019-09-05 20:00:00+00:00,10695.0,BTCV19 Curncy,10084.9,-1.92%,-0.0203616474675382,-0.0193662362432052
437,2019-09-04 20:00:00+00:00,10915.0,BTCV19 Curncy,10282.11,0.09%,0.005512186671652,0.0009311762245042
438,2019-09-03 20:00:00+00:00,10855.0,BTCV19 Curncy,10272.54,3.87%,0.11301551463564,0.0943279453245283
439,2019-08-30 20:00:00+00:00,9695.0,BTCV19 Curncy,9347.85,0.54%,0.0129770832297522,0.0053685572998774
440,2019-08-29 20:00:00+00:00,9570.0,BTCU19 Curncy,9297.8,-1.67%,-0.0181211274946612,-0.0168578996494
441,2019-08-28 20:00:00+00:00,9745.0,BTCU19 Curncy,9455.87,-5.44%,-0.0553895622760659,-0.0558873783876674
442,2019-08-27 20:00:00+00:00,10300.0,BTCU19 Curncy,9999.38,-1.26%,-0.0163701296468554,-0.0126751210394212
443,2019-08-26 20:00:00+00:00,10470.0,BTCU19 Curncy,10126.93,2.00%,-0.0076118350396299,-0.0140706804754577
444,2019-08-23 20:00:00+00:00,10550.0,BTCU19 Curncy,10270.43,2.16%,0.0264120995397772,0.0213440812973143
445,2019-08-22 20:00:00+00:00,10275.0,BTCU19 Curncy,10053.54,1.26%,0.006346128205724,0.0125456185458139
446,2019-08-21 20:00:00+00:00,10210.0,BTCU19 Curncy,9928.2,-5.42%,-0.0603365121022635,-0.0556836346662871
447,2019-08-20 20:00:00+00:00,10845.0,BTCU19 Curncy,10496.72,-0.07%,0.0013840832659385,-0.0006514199088658
448,2019-08-19 20:00:00+00:00,10830.0,BTCU19 Curncy,10503.56,2.26%,0.0191103462024187,0.0268149777283191
449,2019-08-16 20:00:00+00:00,10625.0,BTCU19 Curncy,10225.65,2.82%,0.0369080951991188,0.0278042193401431
450,2019-08-15 20:00:00+00:00,10240.0,BTCU19 Curncy,9945.25,-0.24%,-0.0019512201312618,-0.0024233452299964
451,2019-08-14 20:00:00+00:00,10260.0,BTCU19 Curncy,9969.38,-7.66%,-0.0777909616196521,-0.0796545208645281
452,2019-08-13 20:00:00+00:00,11090.0,BTCU19 Curncy,10795.97,-4.02%,-0.0526899741217013,-0.0410725381146599
453,2019-08-12 20:00:00+00:00,11690.0,BTCU19 Curncy,11248.62,-0.04%,-0.0336448891427242,-0.0185247569120184
454,2019-08-09 20:00:00+00:00,12090.0,BTCU19 Curncy,11458.94,0.70%,0.0221627302487045,0.0069909931131527
455,2019-08-08 20:00:00+00:00,11825.0,BTCU19 Curncy,11379.11,-1.85%,-0.0180185055026783,-0.0186955668489804
456,2019-08-07 20:00:00+00:00,12040.0,BTCU19 Curncy,11593.85,0.14%,0.0058309203107931,0.0014362746340077
457,2019-08-06 20:00:00+00:00,11970.0,BTCU19 Curncy,11577.21,-1.26%,-0.0083195155395583,-0.0127248883433655
458,2019-08-05 20:00:00+00:00,12070.0,BTCU19 Curncy,11725.47,6.32%,0.1200121130677939,0.099854294138993
459,2019-08-02 20:00:00+00:00,10705.0,BTCU19 Curncy,10611.19,1.01%,0.0174327147320823,0.0100853766638406
460,2019-08-01 20:00:00+00:00,10520.0,BTCU19 Curncy,10504.71,2.07%,0.0338359972490952,0.0205161046863671
461,2019-07-31 20:00:00+00:00,10170.0,BTCU19 Curncy,10291.39,3.39%,0.038591609212429,0.0333190782925306
462,2019-07-30 20:00:00+00:00,9785.0,BTCU19 Curncy,9954.14,1.52%,0.0201297119526926,0.0150512113298674
463,2019-07-29 20:00:00+00:00,9590.0,BTCU19 Curncy,9805.44,-0.60%,-0.0503282825108281,-0.0446369132723284
464,2019-07-26 20:00:00+00:00,10085.0,BTCU19 Curncy,10253.04,0.56%,0.0139792591002395,0.0056081841997865
