,Date,PX_LAST,contract_name,xrp Price,log return future,log return xrp
465,2019-07-25 20:00:00+00:00,9945.0,BTCQ19 Curncy,0.3131153947970225,0.0177534462512442,-0.0007280257957781
466,2019-07-24 20:00:00+00:00,9770.0,BTCQ19 Curncy,0.3133434338805855,-0.0557358170768557,-0.0036339460487415
467,2019-07-23 20:00:00+00:00,10330.0,BTCQ19 Curncy,0.3144841784608173,0.0,-0.0102812427911312
468,2019-07-22 20:00:00+00:00,10330.0,BTCQ19 Curncy,0.317734144872606,-0.0262733048850986,0.005629420461255
469,2019-07-19 20:00:00+00:00,10605.0,BTCQ19 Curncy,0.3159505108993463,-0.0084507545177232,-0.0119734924994043
470,2019-07-18 20:00:00+00:00,10695.0,BTCQ19 Curncy,0.3197562806821684,0.0772415853938247,0.0186046253679034
471,2019-07-17 20:00:00+00:00,9900.0,BTCQ19 Curncy,0.3138623322285758,0.0116841562925047,0.0174619234234868
472,2019-07-16 20:00:00+00:00,9785.0,BTCQ19 Curncy,0.3084292661624344,-0.1184073794062668,-0.0206410324501427
473,2019-07-15 20:00:00+00:00,11015.0,BTCQ19 Curncy,0.314861722545766,-0.0701119303845646,-0.0832493991108223
474,2019-07-12 20:00:00+00:00,11815.0,BTCQ19 Curncy,0.3421957581339068,0.0025423742507767,0.0411988572329726
475,2019-07-11 20:00:00+00:00,11785.0,BTCQ19 Curncy,0.3283841487450492,-0.0488507720666595,-0.0882922392691748
476,2019-07-10 20:00:00+00:00,12375.0,BTCQ19 Curncy,0.358696399750129,-0.0403855356495744,-0.0898794730313987
477,2019-07-09 20:00:00+00:00,12885.0,BTCQ19 Curncy,0.3924290751269451,0.0251486731087728,-0.0181867601395266
478,2019-07-08 20:00:00+00:00,12565.0,BTCQ19 Curncy,0.3996313833970593,0.0977405082979078,0.0455793762479181
479,2019-07-05 20:00:00+00:00,11395.0,BTCQ19 Curncy,0.3818253115753515,-0.0065602684436317,-0.0416475502247933
480,2019-07-03 20:00:00+00:00,11470.0,BTCQ19 Curncy,0.3980631872815711,0.0354961844207337,0.0054822046798002
481,2019-07-02 20:00:00+00:00,11070.0,BTCQ19 Curncy,0.3958868943057941,0.0566802880837686,0.0046868894323842
482,2019-07-01 20:00:00+00:00,10460.0,BTCQ19 Curncy,0.394035757629564,-0.1873281234562442,-0.0634523004709441
483,2019-06-28 20:00:00+00:00,12615.0,BTCQ19 Curncy,0.4198485122332046,0.1283920257084637,0.0212249858233351
484,2019-06-27 20:00:00+00:00,11095.0,BTCN19 Curncy,0.411031138842143,-0.2428666483689733,-0.1629598508750939
485,2019-06-26 20:00:00+00:00,14145.0,BTCN19 Curncy,0.4837793073158805,0.1953434079992754,0.0332049243797962
486,2019-06-25 20:00:00+00:00,11635.0,BTCN19 Curncy,0.4679792239803236,0.0457222493380951,0.0128812956005766
487,2019-06-24 20:00:00+00:00,11115.0,BTCN19 Curncy,0.4619897044657332,0.1017184331525767,0.0454085878032785
488,2019-06-21 20:00:00+00:00,10040.0,BTCN19 Curncy,0.4414805736679894,0.0375488047983802,0.028194123381256
489,2019-06-20 20:00:00+00:00,9670.0,BTCN19 Curncy,0.4292072467538723,0.0465692609504422,-0.0178250998102788
490,2019-06-19 20:00:00+00:00,9230.0,BTCN19 Curncy,0.4369265026315896,0.0103458586847907,0.0238786872504861
491,2019-06-18 20:00:00+00:00,9135.0,BTCN19 Curncy,0.4266168516578991,-0.0269994802085021,-0.0045207083461789
492,2019-06-17 20:00:00+00:00,9385.0,BTCN19 Curncy,0.4285498279388256,0.1043546876879285,0.0849971859017011
493,2019-06-14 20:00:00+00:00,8455.0,BTCN19 Curncy,0.393629389150178,0.0197080132033399,-0.0203520800635969
494,2019-06-13 20:00:00+00:00,8290.0,BTCN19 Curncy,0.4017226439230235,0.0103062446051494,0.0084907209259887
495,2019-06-12 20:00:00+00:00,8205.0,BTCN19 Curncy,0.3983261687302826,0.0347214047787099,0.0176652513486394
496,2019-06-11 20:00:00+00:00,7925.0,BTCN19 Curncy,0.3913514235323764,-0.011292466298172,-0.0119770325658708
497,2019-06-10 20:00:00+00:00,8015.0,BTCN19 Curncy,0.3960668342220202,0.0,-0.0625643435714473
498,2019-06-07 20:00:00+00:00,8015.0,BTCN19 Curncy,0.4216380792175618,0.0505384163629613,0.0289081179589861
499,2019-06-06 20:00:00+00:00,7620.0,BTCN19 Curncy,0.4096238075404663,-0.0291000164864409,0.0215864311579917
500,2019-06-05 20:00:00+00:00,7845.0,BTCN19 Curncy,0.4008762454175153,0.0271334475144002,0.026541705880295
501,2019-06-04 20:00:00+00:00,7635.0,BTCN19 Curncy,0.3903762660946462,-0.125971783903748,-0.1276983130111406
502,2019-06-03 20:00:00+00:00,8660.0,BTCN19 Curncy,0.4435494841163967,0.012198815230187,0.03664903565527
503,2019-05-31 20:00:00+00:00,8555.0,BTCN19 Curncy,0.427588094533559,-0.014505621328102,-0.0343183160490336
504,2019-05-30 20:00:00+00:00,8680.0,BTCM19 Curncy,0.4425168984387116,-0.0086034370655564,-0.0174544044889947
505,2019-05-29 20:00:00+00:00,8755.0,BTCM19 Curncy,0.4503085690484275,-0.0022818036141143,0.0061107616738674
506,2019-05-28 20:00:00+00:00,8775.0,BTCM19 Curncy,0.4475652311818885,0.0806601822223309,0.1459805525609775
507,2019-05-24 20:00:00+00:00,8095.0,BTCM19 Curncy,0.3867744639031075,0.0345620325723788,0.0361769024659845
508,2019-05-23 20:00:00+00:00,7820.0,BTCM19 Curncy,0.3730322362115241,-0.0183723888047921,-0.0493418651365408
509,2019-05-22 20:00:00+00:00,7965.0,BTCM19 Curncy,0.3919,-0.0106151480684601,-0.0167944126021273
510,2019-05-21 20:00:00+00:00,8050.0,BTCM19 Curncy,0.3985373091480173,0.0251585596361549,0.0146856932165881
511,2019-05-20 20:00:00+00:00,7850.0,BTCM19 Curncy,0.3927272790703443,0.0871271914549859,0.0553615435166262
512,2019-05-17 20:00:00+00:00,7195.0,BTCM19 Curncy,0.3715761715925142,-0.0928433073682742,-0.1100532342678404
513,2019-05-16 20:00:00+00:00,7895.0,BTCM19 Curncy,0.4148044130752692,-0.041556366981373,-0.0428188879978211
514,2019-05-15 20:00:00+00:00,8230.0,BTCM19 Curncy,0.4329516259235504,0.0555872094030167,0.0883132282370472
515,2019-05-14 20:00:00+00:00,7785.0,BTCM19 Curncy,0.3963559912005174,-0.0203439947027176,0.18508306536471
516,2019-05-13 20:00:00+00:00,7945.0,BTCM19 Curncy,0.3293858005291656,0.2225144226366485,0.0973461011450911
517,2019-05-10 20:00:00+00:00,6360.0,BTCM19 Curncy,0.2988326173941423,0.0491440003469751,0.0127119917956
518,2019-05-09 20:00:00+00:00,6055.0,BTCM19 Curncy,0.2950579025168796,0.0267798430157213,-0.0173824500332724
519,2019-05-08 20:00:00+00:00,5895.0,BTCM19 Curncy,0.3002315669785806,0.0093737371491985,0.0132218489433556
520,2019-05-07 20:00:00+00:00,5840.0,BTCM19 Curncy,0.2962880781080431,0.0172715865086607,-0.0230945943401381
521,2019-05-06 20:00:00+00:00,5740.0,BTCM19 Curncy,0.3032103570218246,0.0113886469640085,-0.0163382430896875
522,2019-05-03 20:00:00+00:00,5675.0,BTCM19 Curncy,0.3082049720554751,0.0524532527591144,0.0184946241686812
523,2019-05-02 20:00:00+00:00,5385.0,BTCM19 Curncy,0.30255722439949,0.0177990647381439,0.0051496865573909
524,2019-05-01 20:00:00+00:00,5290.0,BTCM19 Curncy,0.3010031544491235,0.0114069677933763,-0.0354371836574077
525,2019-04-30 20:00:00+00:00,5230.0,BTCM19 Curncy,0.3118611099404221,0.0173581986097577,0.0604401157334819
526,2019-04-29 20:00:00+00:00,5140.0,BTCM19 Curncy,0.2935704993137262,0.0117418178766831,-0.0256545538923344
527,2019-04-26 20:00:00+00:00,5080.0,BTCM19 Curncy,0.3011993585898324,-0.0776169939310487,-0.0011597411422834
528,2019-04-25 20:00:00+00:00,5490.0,BTCK19 Curncy,0.3015488745128414,0.0100687349482665,0.0113621884066164
529,2019-04-24 20:00:00+00:00,5435.0,BTCK19 Curncy,0.2981420107526882,-0.0299070771679307,-0.0767081356563767
530,2019-04-23 20:00:00+00:00,5600.0,BTCK19 Curncy,0.3219119480214489,0.0372939990310054,-0.0104004611231385
531,2019-04-22 20:00:00+00:00,5395.0,BTCK19 Curncy,0.3252774517803795,0.0187096196567282,-0.0417280765748009
532,2019-04-18 20:00:00+00:00,5295.0,BTCK19 Curncy,0.3391378264650281,0.0123517009765381,0.0122644606532055
533,2019-04-17 20:00:00+00:00,5230.0,BTCK19 Curncy,0.3350038860290224,0.0057526524894498,0.0412039544230084
534,2019-04-16 20:00:00+00:00,5200.0,BTCK19 Curncy,0.3214809143151401,0.0362252041734828,0.017319066094407
535,2019-04-15 20:00:00+00:00,5015.0,BTCK19 Curncy,0.3159611020801293,-0.0099207162867478,-0.029993947420211
536,2019-04-12 20:00:00+00:00,5065.0,BTCK19 Curncy,0.3255815795769674,-0.0029571238897438,-0.00685285946716
537,2019-04-11 20:00:00+00:00,5080.0,BTCK19 Curncy,0.3278204068095179,-0.0638616188625633,-0.0852495526099292
538,2019-04-10 20:00:00+00:00,5415.0,BTCK19 Curncy,0.3569927490625827,0.0366754785584065,0.0200769971226045
539,2019-04-09 20:00:00+00:00,5220.0,BTCK19 Curncy,0.3498968769213254,0.0019175461292718,-0.0141386382388712
540,2019-04-08 20:00:00+00:00,5210.0,BTCK19 Curncy,0.3548790800736511,0.0381464343513766,-0.0131475962602409
541,2019-04-05 20:00:00+00:00,5015.0,BTCK19 Curncy,0.3595756938764519,0.0365522925086412,0.092333245997054
542,2019-04-04 20:00:00+00:00,4835.0,BTCK19 Curncy,0.3278615652747348,-0.0611719505618161,-0.1114473948547248
543,2019-04-03 20:00:00+00:00,5140.0,BTCK19 Curncy,0.3665147833438429,0.0747067745668238,0.0375227361620077
544,2019-04-02 20:00:00+00:00,4770.0,BTCK19 Curncy,0.3530169669867493,0.1452802851136054,0.1203388442416691
545,2019-04-01 20:00:00+00:00,4125.0,BTCK19 Curncy,0.31299188905898,0.0121952730938182,0.0196810899358509
546,2019-03-29 20:00:00+00:00,4075.0,BTCK19 Curncy,0.3068920897830661,0.0173271661725035,-0.000454610308706
547,2019-03-28 20:00:00+00:00,4005.0,BTCJ19 Curncy,0.3070316378083239,0.0,-0.0004958863192443
548,2019-03-27 20:00:00+00:00,4005.0,BTCJ19 Curncy,0.3071839283533664,0.0252857972286731,0.0288393495252485
549,2019-03-26 20:00:00+00:00,3905.0,BTCJ19 Curncy,0.2984514681409398,0.0038486256612944,-0.0106609002141859
550,2019-03-25 20:00:00+00:00,3890.0,BTCJ19 Curncy,0.3016502501129215,-0.0228726616659914,-0.0336378163749274
551,2019-03-22 20:00:00+00:00,3980.0,BTCJ19 Curncy,0.3119696946035196,0.005037794029957,0.0046185046207357
552,2019-03-21 20:00:00+00:00,3960.0,BTCJ19 Curncy,0.3105321832591026,-0.0125472160520886,-0.0181408772946155
553,2019-03-20 20:00:00+00:00,4010.0,BTCJ19 Curncy,0.3162169166178953,0.0050000104167058,0.0035783181588479
554,2019-03-19 20:00:00+00:00,3990.0,BTCJ19 Curncy,0.3150874139481964,0.0075472056353829,0.0075040465157821
555,2019-03-18 20:00:00+00:00,3960.0,BTCJ19 Curncy,0.3127318325871395,0.0152674721307883,-0.0179563764313273
556,2019-03-15 20:00:00+00:00,3900.0,BTCJ19 Curncy,0.3183980835151325,0.0155041865359652,0.0255599532569631
557,2019-03-14 20:00:00+00:00,3840.0,BTCJ19 Curncy,0.3103629694017034,0.001302931780416,-0.0139852181857697
558,2019-03-13 20:00:00+00:00,3835.0,BTCJ19 Curncy,0.3147339566085781,0.0,0.0124111957015653
559,2019-03-12 20:00:00+00:00,3835.0,BTCJ19 Curncy,0.3108518723649945,0.0,-0.004431962849241
560,2019-03-11 20:00:00+00:00,3835.0,BTCJ19 Curncy,0.3122326137521226,-0.0142397228111353,-0.0182656893424326
561,2019-03-08 21:00:00+00:00,3890.0,BTCJ19 Curncy,0.3179881621870091,0.0064474755909697,0.0107059725350651
562,2019-03-07 21:00:00+00:00,3865.0,BTCJ19 Curncy,0.3146019483556142,0.0064893154397498,-0.0178396674607149
563,2019-03-06 21:00:00+00:00,3840.0,BTCJ19 Curncy,0.3202647031460156,0.0026075634070807,0.0062299159071929
564,2019-03-05 21:00:00+00:00,3830.0,BTCJ19 Curncy,0.3182756831242356,0.0358842487923895,0.0322185907817751
565,2019-03-04 21:00:00+00:00,3695.0,BTCJ19 Curncy,0.3081847203192626,-0.0332698682183186,-0.0331677606911379
566,2019-03-01 21:00:00+00:00,3820.0,BTCJ19 Curncy,0.3185779242419348,0.0078844035241488,0.0065502010754991
567,2019-02-28 21:00:00+00:00,3790.0,BTCH19 Curncy,0.3164979941965795,0.0213341424749911,0.0256995097857274
568,2019-02-27 21:00:00+00:00,3710.0,BTCH19 Curncy,0.3084677791605129,-0.0173685060816442,-0.0233067328708726
569,2019-02-26 21:00:00+00:00,3775.0,BTCH19 Curncy,0.3157415904161118,-0.0118500399174958,-0.0510380670533493
570,2019-02-25 21:00:00+00:00,3820.0,BTCH19 Curncy,0.332274752436504,-0.028389003262686,0.0293755068091612
571,2019-02-22 21:00:00+00:00,3930.0,BTCH19 Curncy,0.3226559829738021,0.007662872745569,0.0132533907968654
572,2019-02-21 21:00:00+00:00,3900.0,BTCH19 Curncy,0.3184079100059162,-0.0102041701742417,-0.0305626669312673
573,2019-02-20 21:00:00+00:00,3940.0,BTCH19 Curncy,0.3282895402229077,0.0012698414404759,-0.0144089214564023
574,2019-02-19 21:00:00+00:00,3935.0,BTCH19 Curncy,0.3330540819436094,0.1015558186141624,0.0984600521545648
575,2019-02-15 21:00:00+00:00,3555.0,BTCH19 Curncy,0.3018242314518189,0.0,-0.0030257834106212
576,2019-02-14 21:00:00+00:00,3555.0,BTCH19 Curncy,0.3027388692543941,0.0,-0.0091048753459689
577,2019-02-13 21:00:00+00:00,3555.0,BTCH19 Curncy,0.3055078554295489,-0.0111889279178058,-0.0135194442850247
578,2019-02-12 21:00:00+00:00,3595.0,BTCH19 Curncy,0.3096661977617167,0.0,0.0182369978621464
579,2019-02-11 21:00:00+00:00,3595.0,BTCH19 Curncy,0.30407,-0.0027777795639023,-0.0275189643134533
580,2019-02-08 21:00:00+00:00,3605.0,BTCH19 Curncy,0.3125538900193998,0.0793494667445599,0.0600250945120354
581,2019-02-07 21:00:00+00:00,3330.0,BTCH19 Curncy,0.2943447819227098,0.001502629884535,0.0125976086610179
582,2019-02-06 21:00:00+00:00,3325.0,BTCH19 Curncy,0.29066,-0.0193602472845414,-0.0345324110635798
583,2019-02-05 21:00:00+00:00,3390.0,BTCH19 Curncy,0.3008725070077273,0.0029542118974313,1.3087784701833607e-05
584,2019-02-04 21:00:00+00:00,3380.0,BTCH19 Curncy,0.300868569278901,-0.0103017835278259,-0.0215442402987347
585,2019-02-01 21:00:00+00:00,3415.0,BTCH19 Curncy,0.3074208829050062,0.0058737320120939,-0.0240980217423501
586,2019-01-31 21:00:00+00:00,3395.0,BTCG19 Curncy,0.3149191012831283,-0.0044085302847659,-0.0174345556531889
587,2019-01-30 21:00:00+00:00,3410.0,BTCG19 Curncy,0.3204577172406241,0.011799546931155,0.1089115327219526
588,2019-01-29 21:00:00+00:00,3370.0,BTCG19 Curncy,0.287389606023312,-0.002962965130657,-0.0295256686489844
589,2019-01-28 21:00:00+00:00,3380.0,BTCG19 Curncy,0.29600148644888,-0.036314810991626,-0.057842135043825
590,2019-01-25 21:00:00+00:00,3505.0,BTCG19 Curncy,0.3136276992112048,-0.0042704691234523,-0.0062081862991026
591,2019-01-24 21:00:00+00:00,3520.0,BTCG19 Curncy,0.3155808147761034,0.0042704691234522,0.0081796585295481
592,2019-01-23 21:00:00+00:00,3505.0,BTCG19 Curncy,0.31301,-0.0155700243773856,-0.018348474739816
593,2019-01-22 21:00:00+00:00,3560.0,BTCG19 Curncy,0.3188062698168808,0.0,-0.0130518187045954
594,2019-01-18 21:00:00+00:00,3560.0,BTCG19 Curncy,0.3229945442961456,-0.0083916576362484,-0.0236460266161539
595,2019-01-17 21:00:00+00:00,3590.0,BTCG19 Curncy,0.3307230965586538,0.0126140425160966,0.006357276372965
596,2019-01-16 21:00:00+00:00,3545.0,BTCG19 Curncy,0.3286272673721589,0.0042402890388854,0.0289792494883375
597,2019-01-15 21:00:00+00:00,3530.0,BTCG19 Curncy,0.3192405625342708,-0.032058494515416,-0.0339391499973479
598,2019-01-14 21:00:00+00:00,3645.0,BTCG19 Curncy,0.330261274830287,0.0068823396229417,0.0015375449711061
599,2019-01-11 21:00:00+00:00,3620.0,BTCG19 Curncy,0.3297538734442053,0.0069300346646696,-0.0042334278745068
600,2019-01-10 21:00:00+00:00,3595.0,BTCG19 Curncy,0.3311528217678664,-0.1017378281233362,-0.1008665726643747
601,2019-01-09 21:00:00+00:00,3980.0,BTCG19 Curncy,0.3662977541817331,0.0012570711900511,-0.0028012035136761
602,2019-01-08 21:00:00+00:00,3975.0,BTCG19 Curncy,0.367325267202455,0.0012586534071961,0.0054939684425621
603,2019-01-07 21:00:00+00:00,3970.0,BTCG19 Curncy,0.3653127272539265,0.0623578610433749,-0.0046625687354406
604,2019-01-04 21:00:00+00:00,3730.0,BTCG19 Curncy,0.36702,-0.0040133833134586,0.0355185327666085
605,2019-01-03 21:00:00+00:00,3745.0,BTCG19 Curncy,0.354212781313459,-0.0185190477672375,-0.0548239923280305
606,2019-01-02 21:00:00+00:00,3815.0,BTCG19 Curncy,0.3741743263466901,0.0483315537509377,0.0645437071476454
607,2018-12-31 21:00:00+00:00,3635.0,BTCG19 Curncy,0.3507866117624023,-0.0561644919721245,-0.0513252738040783
608,2018-12-28 21:00:00+00:00,3845.0,BTCG19 Curncy,0.369260873571522,0.0812354429735165,0.0748588246728262
609,2018-12-27 21:00:00+00:00,3545.0,BTCF19 Curncy,0.3426277373806886,-0.0575501252320072,-0.0815111074667344
610,2018-12-26 21:00:00+00:00,3755.0,BTCF19 Curncy,0.371725489900791,-0.0780946883975432,-0.0867735883899727
611,2018-12-24 21:00:00+00:00,4060.0,BTCF19 Curncy,0.4054222999915338,0.0754351123617843,0.1408463880215342
612,2018-12-21 21:00:00+00:00,3765.0,BTCF19 Curncy,0.3521590259565722,-0.0275066457898335,-0.0313661162551072
613,2018-12-20 21:00:00+00:00,3870.0,BTCF19 Curncy,0.3633799452907987,0.0489839814003906,0.0090657538627451
614,2018-12-19 21:00:00+00:00,3685.0,BTCF19 Curncy,0.3601005198408298,0.0543687894269641,0.085428096866294
615,2018-12-18 21:00:00+00:00,3490.0,BTCF19 Curncy,0.3306151854685665,-0.0113961347308695,0.0003491105741275
616,2018-12-17 21:00:00+00:00,3530.0,BTCF19 Curncy,0.3304997843563986,0.1186686968603214,0.1506303876777385
617,2018-12-14 21:00:00+00:00,3135.0,BTCF19 Curncy,0.2842845346371157,-0.0236417630570404,-0.0468604808599737
618,2018-12-13 21:00:00+00:00,3210.0,BTCF19 Curncy,0.297923308690545,-0.0604413541535008,-0.0432716893317169
619,2018-12-12 21:00:00+00:00,3410.0,BTCF19 Curncy,0.311097942212533,0.0297641019064538,0.0330797182447179
620,2018-12-11 21:00:00+00:00,3310.0,BTCF19 Curncy,0.3009752607235636,-0.0149927845861412,0.0122211597039361
621,2018-12-10 21:00:00+00:00,3360.0,BTCF19 Curncy,0.2973193790546299,0.0240975515790605,-0.007149905516074
622,2018-12-07 21:00:00+00:00,3280.0,BTCF19 Curncy,0.2994528023217817,-0.0903087801041351,-0.0756549096805346
623,2018-12-06 21:00:00+00:00,3590.0,BTCF19 Curncy,0.322986887549479,-0.0288283518999776,-0.0614735507284284
624,2018-12-05 21:00:00+00:00,3695.0,BTCF19 Curncy,0.3434650216792614,-0.0358842487923895,-0.011284688352847
625,2018-12-04 21:00:00+00:00,3830.0,BTCF19 Curncy,0.3473628690414498,0.0091803923449613,0.0072818663921627
626,2018-12-03 21:00:00+00:00,3795.0,BTCF19 Curncy,0.3448426062843495,-0.0336819403867785,-0.0587835263946479
627,2018-11-30 21:00:00+00:00,3925.0,BTCF19 Curncy,0.3657213211161894,-0.061748007068447,-0.0327618234903
628,2018-11-29 21:00:00+00:00,4175.0,BTCZ18 Curncy,0.3779014506834886,-0.0260061937469242,-0.0567550391359163
629,2018-11-28 21:00:00+00:00,4285.0,BTCZ18 Curncy,0.3999695776283886,0.1467877323995643,0.1165654007847699
630,2018-11-27 21:00:00+00:00,3700.0,BTCZ18 Curncy,0.3559616810297407,0.0260110489132663,-0.005668993364254
631,2018-11-26 21:00:00+00:00,3605.0,BTCZ18 Curncy,0.3579853561181011,-0.1467925875659064,-0.1169524034954041
632,2018-11-23 21:00:00+00:00,4175.0,BTCZ18 Curncy,0.4023991411086642,-0.0467921615067589,-0.1011689782635821
633,2018-11-21 21:00:00+00:00,4375.0,BTCZ18 Curncy,0.44524,0.0348872590004405,0.0069199429357793
634,2018-11-20 21:00:00+00:00,4225.0,BTCZ18 Curncy,0.4421696003547615,-0.1307167844409517,-0.11556252984627
635,2018-11-19 21:00:00+00:00,4815.0,BTCZ18 Curncy,0.4963374556566887,-0.1192818541764343,0.0432697130136587
636,2018-11-16 21:00:00+00:00,5425.0,BTCZ18 Curncy,0.4753190850574276,0.0036934483353517,0.0215281236905771
637,2018-11-15 21:00:00+00:00,5405.0,BTCZ18 Curncy,0.4651957165450063,0.0092937471914594,0.0261328304304057
638,2018-11-14 21:00:00+00:00,5355.0,BTCZ18 Curncy,0.4531963079065901,-0.1593392765803952,-0.1343930337188032
639,2018-11-13 21:00:00+00:00,6280.0,BTCZ18 Curncy,0.5183851071426367,-0.0063492276786587,-0.0098836471808219
640,2018-11-12 21:00:00+00:00,6320.0,BTCZ18 Curncy,0.5235340458772573,-0.0015810279973188,0.0407735900184341
641,2018-11-09 21:00:00+00:00,6330.0,BTCZ18 Curncy,0.5026170123794527,-0.0125590347764937,-0.0095224023574088
642,2018-11-08 21:00:00+00:00,6410.0,BTCZ18 Curncy,0.5074259939936666,-0.0139429059690127,-0.0608375478938632
643,2018-11-07 21:00:00+00:00,6500.0,BTCZ18 Curncy,0.5392549278314164,0.0139429059690126,0.0087815990908566
644,2018-11-06 21:00:00+00:00,6410.0,BTCZ18 Curncy,0.5345401392379986,0.003907781448076,0.0877176931999885
645,2018-11-05 21:00:00+00:00,6385.0,BTCZ18 Curncy,0.4896491583294343,0.0062843883181516,0.0696813386089082
646,2018-11-02 20:00:00+00:00,6345.0,BTCZ18 Curncy,0.4566913558663558,0.006324131749468,-3.819618950262984e-05
647,2018-11-01 20:00:00+00:00,6305.0,BTCZ18 Curncy,0.4567088000690776,0.0023818987045336,0.005585536242484
648,2018-10-31 20:00:00+00:00,6290.0,BTCZ18 Curncy,0.4541649475179751,0.0071799271348082,0.0197415167376743
649,2018-10-30 20:00:00+00:00,6245.0,BTCZ18 Curncy,0.4452869633721846,0.0016025644455411,0.0103692273684814
650,2018-10-29 20:00:00+00:00,6235.0,BTCZ18 Curncy,0.4406935378986791,-0.0245556892574436,-0.0532400782135434
651,2018-10-26 20:00:00+00:00,6390.0,BTCZ18 Curncy,0.4647919037891677,-0.0023446669592541,-0.0025652813328568
652,2018-10-25 20:00:00+00:00,6405.0,BTCX18 Curncy,0.4659857564128503,-0.0015600627189022,-0.0018090522919316
653,2018-10-24 20:00:00+00:00,6415.0,BTCX18 Curncy,0.4668295119823588,0.0039047296781562,0.0296011497418051
654,2018-10-23 20:00:00+00:00,6390.0,BTCX18 Curncy,0.4532133430466579,0.0,-0.0118385658899265
655,2018-10-22 20:00:00+00:00,6390.0,BTCX18 Curncy,0.4586106240676705,0.0015661710327448,0.0032378337374041
656,2018-10-19 20:00:00+00:00,6380.0,BTCX18 Curncy,0.4571281204619877,-0.0007833921278041,-0.0145656634402438
657,2018-10-18 20:00:00+00:00,6385.0,BTCX18 Curncy,0.4638352229319841,-0.0054666282173672,-0.037561591944732
658,2018-10-17 20:00:00+00:00,6420.0,BTCX18 Curncy,0.4815889542039083,0.0,0.0187885324279086
659,2018-10-16 20:00:00+00:00,6420.0,BTCX18 Curncy,0.4726250772597628,0.0070340266573799,0.0428672798578274
660,2018-10-15 20:00:00+00:00,6375.0,BTCX18 Curncy,0.4527930355067685,0.0310658195748905,0.0531974902336856
661,2018-10-12 20:00:00+00:00,6180.0,BTCX18 Curncy,0.4293350668100345,0.0008093889555584,0.0551745722653847
662,2018-10-11 20:00:00+00:00,6175.0,BTCX18 Curncy,0.4062883313656332,-0.0574282829550664,-0.1436634252458585
663,2018-10-10 20:00:00+00:00,6540.0,BTCX18 Curncy,0.4690580377085244,-0.0060975798681184,-0.0214869280151289
664,2018-10-09 20:00:00+00:00,6580.0,BTCX18 Curncy,0.479245712964452,-0.00681562653506,-0.0339837456632847
665,2018-10-08 20:00:00+00:00,6625.0,BTCX18 Curncy,0.4958121783098723,0.0136780247961006,-0.0355006533643468
666,2018-10-05 20:00:00+00:00,6535.0,BTCX18 Curncy,0.51373,-0.0030557701394778,-0.0405558936808446
667,2018-10-04 20:00:00+00:00,6555.0,BTCX18 Curncy,0.5349930356277905,0.0208099995137932,0.0283642807823322
668,2018-10-03 20:00:00+00:00,6420.0,BTCX18 Curncy,0.5200315321623658,-0.0139213385186081,-0.056268800815329
669,2018-10-02 20:00:00+00:00,6510.0,BTCX18 Curncy,0.5501319999422375,-0.0038328908557074,0.0021795239707697
670,2018-10-01 20:00:00+00:00,6535.0,BTCX18 Curncy,0.5489342797653237,-0.0189471374761124,0.0162566202984352
671,2018-09-28 20:00:00+00:00,6660.0,BTCX18 Curncy,0.5400826076871466,0.002254792387089,-0.0095470641244166
672,2018-09-27 20:00:00+00:00,6645.0,BTCV18 Curncy,0.5452635027924981,0.0259160845796072,0.0229336097980097
673,2018-09-26 20:00:00+00:00,6475.0,BTCV18 Curncy,0.5329009432767821,0.0194937946810011,0.1835030551170855
674,2018-09-25 20:00:00+00:00,6350.0,BTCV18 Curncy,0.4435597445898988,-0.0401288409589946,-0.1545766215677101
675,2018-09-24 20:00:00+00:00,6610.0,BTCV18 Curncy,0.5177068346822559,-0.0187341559987324,-0.1107087365561474
676,2018-09-21 20:00:00+00:00,6735.0,BTCV18 Curncy,0.5783145139078826,0.0518013748315213,0.3812835439319
677,2018-09-20 20:00:00+00:00,6395.0,BTCV18 Curncy,0.3949796791777674,0.0031323439863162,0.1920546611970691
678,2018-09-19 20:00:00+00:00,6375.0,BTCV18 Curncy,0.3259616242005046,0.0158106060266422,0.0378954771621303
679,2018-09-18 20:00:00+00:00,6275.0,BTCV18 Curncy,0.3138402756136882,0.0071971522184858,0.1497969091330368
680,2018-09-17 20:00:00+00:00,6230.0,BTCV18 Curncy,0.2701796940009053,-0.0462646204093953,-0.0400951449791997
681,2018-09-14 20:00:00+00:00,6525.0,BTCV18 Curncy,0.2812326930899806,0.014666414959229,0.0155824602972283
682,2018-09-13 20:00:00+00:00,6430.0,BTCV18 Curncy,0.2768843626444854,0.0228086962073172,0.0323799171501709
683,2018-09-12 20:00:00+00:00,6285.0,BTCV18 Curncy,0.268062466819404,0.008789509242849,0.0296156782670074
684,2018-09-11 20:00:00+00:00,6230.0,BTCV18 Curncy,0.2602400203158083,-0.0048038523126453,-0.0244360528033489
685,2018-09-10 20:00:00+00:00,6260.0,BTCV18 Curncy,0.2666775932996627,-0.0197713043724954,-0.090466135599672
686,2018-09-07 20:00:00+00:00,6385.0,BTCV18 Curncy,0.2919278108636057,-0.0070230487650253,-0.0419122336536631
687,2018-09-06 20:00:00+00:00,6430.0,BTCV18 Curncy,0.3044231828604418,-0.0712712486117273,0.0549782680954319
688,2018-09-05 20:00:00+00:00,6905.0,BTCV18 Curncy,0.2881382829957643,-0.0631345671921454,-0.1362114791275014
689,2018-09-04 20:00:00+00:00,7355.0,BTCV18 Curncy,0.3301846334549841,0.0437721838834497,-0.0211075327582757
690,2018-08-31 20:00:00+00:00,7040.0,BTCV18 Curncy,0.3372280899130968,0.0339505340665216,0.0316582166369937
691,2018-08-30 20:00:00+00:00,6805.0,BTCU18 Curncy,0.3267192728738478,-0.027537972014015,-0.0518175377606137
692,2018-08-29 20:00:00+00:00,6995.0,BTCU18 Curncy,0.3440953665175383,-0.0120782995881839,-0.0302180923154188
693,2018-08-28 20:00:00+00:00,7080.0,BTCU18 Curncy,0.3546519689757105,0.0529300777304274,0.0705646480972723
694,2018-08-27 20:00:00+00:00,6715.0,BTCU18 Curncy,0.3304886416134246,0.0180320438059229,0.0199261854848024
695,2018-08-24 20:00:00+00:00,6595.0,BTCU18 Curncy,0.3239684407432606,0.0307953511384719,0.0158706541546065
696,2018-08-23 20:00:00+00:00,6395.0,BTCU18 Curncy,0.3188674348818212,-0.0015625003178915,-0.0011147720560973
697,2018-08-22 20:00:00+00:00,6405.0,BTCU18 Curncy,0.3192230975924201,-0.0023391823531722,-0.0288632503323242
698,2018-08-21 20:00:00+00:00,6420.0,BTCU18 Curncy,0.3285711727151376,-0.0015564205476581,-0.0196880057566373
699,2018-08-20 20:00:00+00:00,6430.0,BTCU18 Curncy,0.3351041838105851,-0.0077459721146553,-0.0030858625675068
700,2018-08-17 20:00:00+00:00,6480.0,BTCU18 Curncy,0.3361398664328778,0.0108612394316046,0.1243125604009648
701,2018-08-16 20:00:00+00:00,6410.0,BTCU18 Curncy,0.2968463847972007,0.0062598013485067,0.0372937076345592
702,2018-08-15 20:00:00+00:00,6370.0,BTCU18 Curncy,0.2859797701157798,0.0474174803574597,0.0799609768706014
703,2018-08-14 20:00:00+00:00,6075.0,BTCU18 Curncy,0.2640029025481866,-0.0251943435727496,-0.0575223981751699
704,2018-08-13 20:00:00+00:00,6230.0,BTCU18 Curncy,0.2796342490158862,-0.0261401022314442,-0.1713838328048302
705,2018-08-10 20:00:00+00:00,6395.0,BTCU18 Curncy,0.3319108233825869,-0.0108865771930147,-0.035171611713275
706,2018-08-09 20:00:00+00:00,6465.0,BTCU18 Curncy,0.3437923839967934,0.021102776067736,0.009092911123686
707,2018-08-08 20:00:00+00:00,6330.0,BTCU18 Curncy,0.3406804799786984,-0.0970320915513445,-0.1615503350668215
708,2018-08-07 20:00:00+00:00,6975.0,BTCU18 Curncy,0.4004125394358308,0.0071942756340272,-0.0460190599366334
709,2018-08-06 20:00:00+00:00,6925.0,BTCU18 Curncy,0.4192697150475892,-0.0616009978411913,-0.0416037771798991
710,2018-08-03 20:00:00+00:00,7365.0,BTCU18 Curncy,0.4370808552077291,-0.0214917607203458,0.0068893524289057
711,2018-08-02 20:00:00+00:00,7525.0,BTCU18 Curncy,0.43408,-0.0019913713849252,-0.0186159938924359
712,2018-08-01 20:00:00+00:00,7540.0,BTCU18 Curncy,0.4422365158983266,-0.0242396407639445,0.0145867623813733
713,2018-07-31 20:00:00+00:00,7725.0,BTCU18 Curncy,0.4358325371322477,-0.0474022388945839,-0.0190944509667162
714,2018-07-30 20:00:00+00:00,8100.0,BTCU18 Curncy,0.4442344801102048,-0.0140976898108383,-0.0295002773615519
715,2018-07-27 20:00:00+00:00,8215.0,BTCU18 Curncy,0.4575347365643806,-0.0048573258828598,-0.0078391944120342
716,2018-07-26 20:00:00+00:00,8255.0,BTCQ18 Curncy,0.4611355355562722,0.0146433367010901,-0.0088332577250301
717,2018-07-25 20:00:00+00:00,8135.0,BTCQ18 Curncy,0.4652269080589913,-0.0158539906019864,0.0189073738387161
718,2018-07-24 20:00:00+00:00,8265.0,BTCQ18 Curncy,0.4565133240660051,0.0636919346444852,0.0247535965323106
719,2018-07-23 20:00:00+00:00,7755.0,BTCQ18 Curncy,0.4453516926173995,0.0536374834037568,0.0227994223429782
720,2018-07-20 20:00:00+00:00,7350.0,BTCQ18 Curncy,0.4353128065466859,-0.0155251177664084,-0.0945913427199971
721,2018-07-19 20:00:00+00:00,7465.0,BTCQ18 Curncy,0.4785,0.0080699832713916,-0.0253044661097591
722,2018-07-18 20:00:00+00:00,7405.0,BTCQ18 Curncy,0.4907626830314099,0.0122284132476744,-0.0287565436650068
723,2018-07-17 20:00:00+00:00,7315.0,BTCQ18 Curncy,0.5050801960202199,0.0915578301857745,0.0655279628455785
724,2018-07-16 20:00:00+00:00,6675.0,BTCQ18 Curncy,0.4730444022771879,0.0794810676700055,0.0854623317007183
725,2018-07-13 20:00:00+00:00,6165.0,BTCQ18 Curncy,0.4342962592081092,0.0,0.0004813515084751
726,2018-07-12 20:00:00+00:00,6165.0,BTCQ18 Curncy,0.4340872603536066,-0.0272016771567947,-0.0276599908738415
727,2018-07-11 20:00:00+00:00,6335.0,BTCQ18 Curncy,0.4462617063589164,-0.0047244182362675,-0.0042229479402586
728,2018-07-10 20:00:00+00:00,6365.0,BTCQ18 Curncy,0.4481502310768351,-0.0512932943875505,-0.0587727176891133
729,2018-07-09 20:00:00+00:00,6700.0,BTCQ18 Curncy,0.4752786345551875,0.0195936939004012,0.0011378597166506
730,2018-07-06 20:00:00+00:00,6570.0,BTCQ18 Curncy,0.4747381417035797,0.0084066219197107,-0.0016697954567537
731,2018-07-05 20:00:00+00:00,6515.0,BTCQ18 Curncy,0.4755315195007222,-0.0114461379376073,-0.0391315905026371
732,2018-07-03 20:00:00+00:00,6590.0,BTCQ18 Curncy,0.4945087063901092,-0.0060514556833552,0.0085783411612877
733,2018-07-02 20:00:00+00:00,6630.0,BTCQ18 Curncy,0.4902847850211782,0.1200480422872356,0.1321070195474588
734,2018-06-29 20:00:00+00:00,5880.0,BTCQ18 Curncy,0.4296106771771882,-0.0309777804854778,-0.065656172985024
735,2018-06-28 20:00:00+00:00,6065.0,BTCN18 Curncy,0.4587638408185253,-0.0114755357668613,-0.0257737729099377
736,2018-06-27 20:00:00+00:00,6135.0,BTCN18 Curncy,0.4707416089597589,-0.0048780584534328,0.0066703639308475
737,2018-06-26 20:00:00+00:00,6165.0,BTCN18 Curncy,0.4676120403950872,-0.0144930073025668,-0.0176882222291343
738,2018-06-25 20:00:00+00:00,6255.0,BTCN18 Curncy,0.475956850943164,0.0120628724492751,-0.0365926522671419
739,2018-06-22 20:00:00+00:00,6180.0,BTCN18 Curncy,0.4936959555500296,-0.085256872187037,-0.0750531636565185
740,2018-06-21 20:00:00+00:00,6730.0,BTCN18 Curncy,0.5321753374780197,-0.0051871179661148,-0.0170338250716599
741,2018-06-20 20:00:00+00:00,6765.0,BTCN18 Curncy,0.5413179649819134,0.0014792902105891,-0.0116033046041178
742,2018-06-19 20:00:00+00:00,6755.0,BTCN18 Curncy,0.5476356241971814,0.0066840204285717,0.0140703091668177
743,2018-06-18 20:00:00+00:00,6710.0,BTCN18 Curncy,0.5399841769994159,0.0233708337679272,-0.0080180420599627
744,2018-06-15 20:00:00+00:00,6555.0,BTCN18 Curncy,0.5443311968475294,-0.0143887374520995,-0.0261778688266085
745,2018-06-14 20:00:00+00:00,6650.0,BTCN18 Curncy,0.5587687755641833,0.0548611871714522,0.0790028416017305
746,2018-06-13 20:00:00+00:00,6295.0,BTCN18 Curncy,0.5163231899676468,-0.0358852857124466,-0.0728432639444538
747,2018-06-12 20:00:00+00:00,6525.0,BTCN18 Curncy,0.5553375741229236,-0.0375984135570075,-0.0381109030529087
748,2018-06-11 20:00:00+00:00,6775.0,BTCN18 Curncy,0.5769104606160756,-0.1247289267074963,-0.1591156193788521
749,2018-06-08 20:00:00+00:00,7675.0,BTCN18 Curncy,0.6764122266578602,-0.0058460705634239,-0.007190676123114
750,2018-06-07 20:00:00+00:00,7720.0,BTCN18 Curncy,0.6812936171213902,0.0222668007757514,0.0286257782282353
751,2018-06-06 20:00:00+00:00,7550.0,BTCN18 Curncy,0.6620675505466911,-0.0125042761200922,-0.0159687484193868
752,2018-06-05 20:00:00+00:00,7645.0,BTCN18 Curncy,0.6727248057450297,0.0171508161760878,0.0370281418306952
753,2018-06-04 20:00:00+00:00,7515.0,BTCN18 Curncy,0.648270597175717,0.0073456089892682,0.0596701765958071
754,2018-06-01 20:00:00+00:00,7460.0,BTCN18 Curncy,0.6107196530060812,-0.0113296780041427,-0.0067458776849804
755,2018-05-31 20:00:00+00:00,7545.0,BTCM18 Curncy,0.6148534203533041,0.030274764246592,0.0468042015234568
756,2018-05-30 20:00:00+00:00,7320.0,BTCM18 Curncy,0.5867387710357392,-0.0236258035813408,-0.0294203609036632
757,2018-05-29 20:00:00+00:00,7495.0,BTCM18 Curncy,0.6042572741904821,0.0073652827095604,0.0043329007795043
758,2018-05-25 20:00:00+00:00,7440.0,BTCM18 Curncy,0.6016447513645127,-0.0212773984472848,-0.0540687712671256
759,2018-05-24 20:00:00+00:00,7600.0,BTCM18 Curncy,0.6350704441300773,0.0,0.0409235827160016
760,2018-05-23 20:00:00+00:00,7600.0,BTCM18 Curncy,0.6096056944765345,-0.0741549635308128,-0.0796261331506702
761,2018-05-22 20:00:00+00:00,8185.0,BTCM18 Curncy,0.6601311179251059,-0.0247373096560166,-0.0233968933122965
762,2018-05-21 20:00:00+00:00,8390.0,BTCM18 Curncy,0.6757582353938852,0.0168273201325253,-0.003409888045262
763,2018-05-18 20:00:00+00:00,8250.0,BTCM18 Curncy,0.6780664284256438,0.0060790460763821,0.0108612763763655
764,2018-05-17 20:00:00+00:00,8200.0,BTCM18 Curncy,0.670741611980163,-0.0121213605323448,-0.0140984308106904
