,Date,PX_LAST,contract_name,BITX Price,% Change,log return future,log return BITX
150,2020-10-22 20:00:00+00:00,13265.0,BTCX0 Curncy,13673.84,3.72%,0.0321743570278561,0.0365435022964042
151,2020-10-21 20:00:00+00:00,12845.0,BTCX0 Curncy,13183.17,6.29%,0.0614034380551779,0.0609840935263475
152,2020-10-20 20:00:00+00:00,12080.0,BTCX0 Curncy,12403.23,0.72%,0.0204899495407216,0.0071811168098702
153,2020-10-19 20:00:00+00:00,11835.0,BTCX0 Curncy,12314.48,1.97%,0.0330715129656985,0.0324801270240357
154,2020-10-16 20:00:00+00:00,11450.0,BTCX0 Curncy,11920.93,-2.13%,-0.0198882473998323,-0.0215734724494954
155,2020-10-15 20:00:00+00:00,11680.0,BTCX0 Curncy,12180.9,1.32%,0.0164008855394167,0.0131549692936848
156,2020-10-14 20:00:00+00:00,11490.0,BTCX0 Curncy,12021.71,-0.59%,-0.0026075634070808,-0.005914244767275
157,2020-10-13 20:00:00+00:00,11520.0,BTCX0 Curncy,12093.02,-1.44%,-0.0172121288811214,-0.0144668904630715
158,2020-10-12 20:00:00+00:00,11720.0,BTCX0 Curncy,12269.24,2.21%,0.0449366768959762,0.047974106000177
159,2020-10-09 20:00:00+00:00,11205.0,BTCX0 Curncy,11694.53,1.71%,0.0152880675441906,0.0169063583935801
160,2020-10-08 20:00:00+00:00,11035.0,BTCX0 Curncy,11498.48,2.33%,0.0224522604386563,0.0230011679617626
161,2020-10-07 20:00:00+00:00,10790.0,BTCX0 Curncy,11237.02,0.67%,0.0074418948103858,0.0066886775762542
162,2020-10-06 20:00:00+00:00,10710.0,BTCX0 Curncy,11162.11,-1.72%,-0.0148288166734606,-0.0173013620677238
163,2020-10-05 20:00:00+00:00,10870.0,BTCX0 Curncy,11356.91,0.34%,0.0237386059778986,0.0233705698130949
164,2020-10-02 20:00:00+00:00,10615.0,BTCX0 Curncy,11094.57,-1.48%,-0.0103093696588612,-0.0149393571951199
165,2020-10-01 20:00:00+00:00,10725.0,BTCX0 Curncy,11261.56,-0.80%,-0.0106655311974194,-0.0080622061614589
166,2020-09-30 20:00:00+00:00,10840.0,BTCX0 Curncy,11352.72,-0.25%,-0.0032235809632476,-0.00248442087032
167,2020-09-29 20:00:00+00:00,10875.0,BTCX0 Curncy,11380.96,-1.41%,-0.0118831380036772,-0.0142049801069849
168,2020-09-28 20:00:00+00:00,11005.0,BTCX0 Curncy,11543.78,1.38%,0.0109640202919141,0.0151315173767262
169,2020-09-25 20:00:00+00:00,10885.0,BTCX0 Curncy,11370.42,1.40%,0.0148082298724301,0.0139039710932457
170,2020-09-24 20:00:00+00:00,10725.0,BTCV0 Curncy,11213.42,3.99%,0.0360741536165743,0.0391608580945353
171,2020-09-23 20:00:00+00:00,10345.0,BTCV0 Curncy,10782.78,-2.56%,-0.0210433398705137,-0.0259061426689101
172,2020-09-22 20:00:00+00:00,10565.0,BTCV0 Curncy,11065.77,0.00%,0.0004733727899046,-3.8857815192662537e-05
173,2020-09-21 20:00:00+00:00,10560.0,BTCV0 Curncy,11066.2,-4.34%,-0.0380909960090234,-0.0494896047745335
174,2020-09-18 20:00:00+00:00,10970.0,BTCV0 Curncy,11627.64,-1.01%,-0.0059077654215608,-0.0101464642402338
175,2020-09-17 20:00:00+00:00,11035.0,BTCV0 Curncy,11746.22,0.77%,-0.0054225166758575,0.0076709539376861
176,2020-09-16 20:00:00+00:00,11095.0,BTCV0 Curncy,11656.46,1.25%,0.018649619439688,0.0124132333457172
177,2020-09-15 20:00:00+00:00,10890.0,BTCV0 Curncy,11512.66,0.21%,0.0101523714640179,0.0021321005607363
178,2020-09-14 20:00:00+00:00,10780.0,BTCV0 Curncy,11488.14,3.19%,0.0339655291556303,0.0266486265696912
179,2020-09-11 20:00:00+00:00,10420.0,BTCV0 Curncy,11186.04,0.62%,0.001440576479623,0.0061344356807326
180,2020-09-10 20:00:00+00:00,10405.0,BTCV0 Curncy,11117.63,0.25%,0.0004806536982708,0.0024531690498247
181,2020-09-09 20:00:00+00:00,10400.0,BTCV0 Curncy,11090.39,3.61%,0.0302609717818094,0.0355109796011847
182,2020-09-08 20:00:00+00:00,10090.0,BTCV0 Curncy,10703.47,-1.87%,-0.0591660876761285,-0.0762412508681404
183,2020-09-04 20:00:00+00:00,10705.0,BTCV0 Curncy,11551.43,-1.54%,-0.0083721419251245,-0.0154785217184671
184,2020-09-03 20:00:00+00:00,10795.0,BTCV0 Curncy,11731.62,-6.57%,-0.0684677992774607,-0.0679180462955677
185,2020-09-02 20:00:00+00:00,11560.0,BTCV0 Curncy,12556.09,-5.58%,-0.0522443990375196,-0.0574619831529001
186,2020-09-01 20:00:00+00:00,12180.0,BTCV0 Curncy,13298.72,3.05%,0.019901154317295,0.030065355196297
187,2020-08-31 20:00:00+00:00,11940.0,BTCV0 Curncy,12904.84,0.96%,0.0198780070215819,0.0345116666282754
188,2020-08-28 20:00:00+00:00,11705.0,BTCV0 Curncy,12467.07,2.85%,0.031679802643268,0.0281298325365072
189,2020-08-27 20:00:00+00:00,11340.0,BTCU0 Curncy,12121.26,-2.47%,-0.0252516682309669,-0.0249822048762758
190,2020-08-26 20:00:00+00:00,11630.0,BTCU0 Curncy,12427.89,1.59%,0.0164719805789212,0.0158042875246009
191,2020-08-25 20:00:00+00:00,11440.0,BTCU0 Curncy,12233.02,-4.36%,-0.0427781220128041,-0.0446045092300641
192,2020-08-24 20:00:00+00:00,11940.0,BTCU0 Curncy,12791.02,0.81%,0.0067227143948767,0.0087071608929842
193,2020-08-21 20:00:00+00:00,11860.0,BTCU0 Curncy,12680.13,-2.23%,-0.0163081180635549,-0.022564245761651
194,2020-08-20 20:00:00+00:00,12055.0,BTCU0 Curncy,12969.5,2.31%,0.0175736740223855,0.0228379397127907
195,2020-08-19 20:00:00+00:00,11845.0,BTCU0 Curncy,12676.66,-3.89%,-0.0287101058824313,-0.0396562765945639
196,2020-08-18 20:00:00+00:00,12190.0,BTCU0 Curncy,13189.47,-3.26%,-0.0350630316682434,-0.0331867616238863
197,2020-08-17 20:00:00+00:00,12625.0,BTCU0 Curncy,13634.53,4.02%,0.0474445352807485,0.0410763443950062
198,2020-08-14 20:00:00+00:00,12040.0,BTCU0 Curncy,13085.82,4.08%,0.0282183389378009,0.0399648179826691
199,2020-08-13 20:00:00+00:00,11705.0,BTCU0 Curncy,12573.16,0.15%,-0.0055378203293112,0.001458931116357
200,2020-08-12 20:00:00+00:00,11770.0,BTCU0 Curncy,12554.83,1.66%,0.0188684843043827,0.01643319482089
201,2020-08-11 20:00:00+00:00,11550.0,BTCU0 Curncy,12350.2,-4.02%,-0.0477589173006864,-0.0410317181178883
202,2020-08-10 20:00:00+00:00,12115.0,BTCU0 Curncy,12867.49,1.94%,0.035710578784512,0.0388462890877523
203,2020-08-07 20:00:00+00:00,11690.0,BTCU0 Curncy,12377.22,-3.70%,-0.0361232051571913,-0.0377382333321033
204,2020-08-06 20:00:00+00:00,12120.0,BTCU0 Curncy,12853.24,1.59%,0.0158007445313436,0.0157703391911409
205,2020-08-05 20:00:00+00:00,11930.0,BTCU0 Curncy,12652.13,3.47%,0.0384498452184044,0.0341429739985949
206,2020-08-04 20:00:00+00:00,11480.0,BTCU0 Curncy,12227.44,-1.72%,-0.018555009144722,-0.0173823798939315
207,2020-08-03 20:00:00+00:00,11695.0,BTCU0 Curncy,12441.84,2.62%,-0.000427441767568,0.0362483406035209
208,2020-07-31 20:00:00+00:00,11700.0,BTCU0 Curncy,11998.92,1.91%,0.0286105340412658,0.0189654024849163
209,2020-07-30 20:00:00+00:00,11370.0,BTCQ0 Curncy,11773.5,0.08%,-0.0048256290178236,0.0008335744893963
210,2020-07-29 20:00:00+00:00,11425.0,BTCQ0 Curncy,11763.69,1.70%,0.0185517688080968,0.0168804722558503
211,2020-07-28 20:00:00+00:00,11215.0,BTCQ0 Curncy,11566.78,1.80%,0.0134651944691587,0.0178829854925296
212,2020-07-27 20:00:00+00:00,11065.0,BTCQ0 Curncy,11361.77,8.14%,0.1326925476003381,0.1146304915587367
213,2020-07-24 20:00:00+00:00,9690.0,BTCQ0 Curncy,10131.24,0.08%,-0.0030911925696728,0.0007751314532076
214,2020-07-23 20:00:00+00:00,9720.0,BTCQ0 Curncy,10123.39,3.66%,0.0250013022054171,0.0359446942504099
215,2020-07-22 20:00:00+00:00,9480.0,BTCQ0 Curncy,9765.97,0.25%,0.0021119332031435,0.0025385538347055
216,2020-07-21 20:00:00+00:00,9460.0,BTCQ0 Curncy,9741.21,2.44%,0.021908437038326,0.0240792988922436
217,2020-07-20 20:00:00+00:00,9255.0,BTCQ0 Curncy,9509.45,-0.43%,0.0005403945011269,-0.0030543928903588
218,2020-07-17 20:00:00+00:00,9250.0,BTCQ0 Curncy,9538.54,0.59%,0.0059636934680495,0.0058934939099748
219,2020-07-16 20:00:00+00:00,9195.0,BTCQ0 Curncy,9482.49,-0.89%,-0.0059636934680494,-0.0089668056424966
220,2020-07-15 20:00:00+00:00,9250.0,BTCQ0 Curncy,9567.9,-1.10%,-0.0128895447259969,-0.0110901487432799
221,2020-07-14 20:00:00+00:00,9370.0,BTCQ0 Curncy,9674.6,0.82%,0.0042780813910783,0.0081565073141413
222,2020-07-13 20:00:00+00:00,9330.0,BTCQ0 Curncy,9596.01,0.04%,0.0,0.0012074802670822
223,2020-07-10 20:00:00+00:00,9330.0,BTCQ0 Curncy,9584.43,0.08%,0.0010723861617527,0.0007796929532181
224,2020-07-09 20:00:00+00:00,9320.0,BTCQ0 Curncy,9576.96,-2.46%,-0.02542509836581,-0.0248999994333772
225,2020-07-08 20:00:00+00:00,9560.0,BTCQ0 Curncy,9818.42,3.11%,0.0222113837627142,0.0306185462102247
226,2020-07-07 20:00:00+00:00,9350.0,BTCQ0 Curncy,9522.35,-0.19%,-0.0058651194523981,-0.0018643969168047
227,2020-07-06 20:00:00+00:00,9405.0,BTCQ0 Curncy,9540.12,3.49%,0.0313200546223673,0.0333970225568258
228,2020-07-02 20:00:00+00:00,9115.0,BTCQ0 Curncy,9226.77,-2.02%,-0.0270579277654255,-0.0203915963207584
229,2020-07-01 20:00:00+00:00,9365.0,BTCQ0 Curncy,9416.85,1.38%,0.013437450242459,0.0136944941319039
230,2020-06-30 20:00:00+00:00,9240.0,BTCQ0 Curncy,9288.77,-0.19%,-0.001622060371868,-0.0019004899991413
231,2020-06-29 20:00:00+00:00,9255.0,BTCQ0 Curncy,9306.44,0.56%,-0.0026976007726483,-0.0062203784212668
232,2020-06-26 20:00:00+00:00,9280.0,BTCQ0 Curncy,9364.51,-1.22%,-0.006444705442642,-0.0122435910428624
233,2020-06-25 20:00:00+00:00,9340.0,BTCN0 Curncy,9479.87,-0.13%,-0.0037403196157232,-0.0012861100848565
234,2020-06-24 20:00:00+00:00,9375.0,BTCN0 Curncy,9492.07,-3.73%,-0.0387077611030496,-0.0380162707658552
235,2020-06-23 20:00:00+00:00,9745.0,BTCN0 Curncy,9859.87,0.92%,0.0087606847350975,0.0091974603850265
236,2020-06-22 20:00:00+00:00,9660.0,BTCN0 Curncy,9769.6,2.71%,0.0288809781859545,0.0302652730729718
237,2020-06-19 20:00:00+00:00,9385.0,BTCN0 Curncy,9478.35,-0.98%,-0.0100716462284583,-0.0098131145363918
238,2020-06-18 20:00:00+00:00,9480.0,BTCN0 Curncy,9571.82,0.95%,0.0084746269909722,0.0094059535608378
239,2020-06-17 20:00:00+00:00,9400.0,BTCN0 Curncy,9482.21,-1.98%,-0.020532440183705,-0.0199521014216113
240,2020-06-16 20:00:00+00:00,9595.0,BTCN0 Curncy,9673.3,0.80%,0.0088982529023642,0.0079231312249675
241,2020-06-15 20:00:00+00:00,9510.0,BTCN0 Curncy,9596.96,0.06%,-0.0015760444554657,-0.0046645429735044
242,2020-06-12 20:00:00+00:00,9525.0,BTCN0 Curncy,9641.83,1.68%,0.0169405851167128,0.0166376205893463
243,2020-06-11 20:00:00+00:00,9365.0,BTCN0 Curncy,9482.74,-6.00%,-0.0636037544273208,-0.0618306688114734
244,2020-06-10 20:00:00+00:00,9980.0,BTCN0 Curncy,10087.57,1.15%,0.0120969217088285,0.0113964613833217
245,2020-06-09 20:00:00+00:00,9860.0,BTCN0 Curncy,9973.26,0.28%,0.0030472344554689,0.0028305604758723
246,2020-06-08 20:00:00+00:00,9830.0,BTCN0 Curncy,9945.07,-0.65%,-0.0030472344554688,-0.0038497676570601
247,2020-06-05 20:00:00+00:00,9860.0,BTCN0 Curncy,9983.43,-0.67%,-0.0090863825559573,-0.0067623269883484
248,2020-06-04 20:00:00+00:00,9950.0,BTCN0 Curncy,10051.17,2.04%,0.0249313345495278,0.0201769821429688
249,2020-06-03 20:00:00+00:00,9705.0,BTCN0 Curncy,9850.4,0.96%,0.0077579908109393,0.0095978083299223
250,2020-06-02 20:00:00+00:00,9630.0,BTCN0 Curncy,9756.31,-0.58%,-0.0072426596993029,-0.0058457525813079
251,2020-06-01 20:00:00+00:00,9700.0,BTCN0 Curncy,9813.51,0.47%,0.0176811678432264,0.0285244171749628
252,2020-05-29 20:00:00+00:00,9530.0,BTCN0 Curncy,9537.54,-0.13%,-0.0031430093971991,-0.001296139791515
253,2020-05-28 20:00:00+00:00,9560.0,BTCM20 Curncy,9549.91,3.14%,0.0329641755389761,0.0308913986390626
254,2020-05-27 20:00:00+00:00,9250.0,BTCM20 Curncy,9259.41,3.88%,0.0436412802895369,0.0381058857638357
255,2020-05-26 20:00:00+00:00,8855.0,BTCM20 Curncy,8913.21,-1.72%,-0.0441816747906639,-0.0422336873173073
256,2020-05-22 20:00:00+00:00,9255.0,BTCM20 Curncy,9297.71,1.87%,0.0097720647337925,0.0185738110175677
257,2020-05-21 20:00:00+00:00,9165.0,BTCM20 Curncy,9126.61,-4.92%,-0.0505292273307859,-0.0504791888663272
258,2020-05-20 20:00:00+00:00,9640.0,BTCM20 Curncy,9599.14,-1.07%,-0.012883455706188,-0.0107152264310175
259,2020-05-19 20:00:00+00:00,9765.0,BTCM20 Curncy,9702.55,-0.56%,-0.0066343698304329,-0.0056013630800155
260,2020-05-18 20:00:00+00:00,9830.0,BTCM20 Curncy,9757.05,-0.01%,0.0388952320486543,0.0440704327479888
261,2020-05-15 20:00:00+00:00,9455.0,BTCM20 Curncy,9336.39,-3.40%,-0.0373681256180035,-0.034577994084229
262,2020-05-14 20:00:00+00:00,9815.0,BTCM20 Curncy,9664.87,4.76%,0.0512128621985452,0.046506762027836
263,2020-05-13 20:00:00+00:00,9325.0,BTCM20 Curncy,9225.68,3.86%,0.0432825706414715,0.037847059186416
264,2020-05-12 20:00:00+00:00,8930.0,BTCM20 Curncy,8883.04,0.75%,0.0095640672766591,0.0074939219934111
265,2020-05-11 20:00:00+00:00,8845.0,BTCM20 Curncy,8816.72,2.34%,-0.1316925067537689,-0.1287123144007661
266,2020-05-08 20:00:00+00:00,10090.0,BTCM20 Curncy,10027.81,0.86%,0.0029776696939245,0.0086020721985909
267,2020-05-07 20:00:00+00:00,10060.0,BTCM20 Curncy,9941.92,5.78%,0.069454494633121,0.0562238909850332
268,2020-05-06 20:00:00+00:00,9385.0,BTCM20 Curncy,9398.37,3.02%,0.0396683359639399,0.0297868997172518
269,2020-05-05 20:00:00+00:00,9020.0,BTCM20 Curncy,9122.55,0.63%,0.006116227017436,0.0062435875827493
270,2020-05-04 20:00:00+00:00,8965.0,BTCM20 Curncy,9065.77,-0.72%,0.012910648037258,0.0067324670436794
271,2020-05-01 20:00:00+00:00,8850.0,BTCM20 Curncy,9004.94,-1.19%,-0.0089989358685695,-0.0120065575154629
272,2020-04-30 20:00:00+00:00,8930.0,BTCK20 Curncy,9113.71,0.25%,0.0118277920690472,0.0024630608442249
273,2020-04-29 20:00:00+00:00,8825.0,BTCK20 Curncy,9091.29,12.12%,0.1260322646290603,0.1143558216160254
274,2020-04-28 20:00:00+00:00,7780.0,BTCK20 Curncy,8108.89,0.76%,0.0,0.0075647136962619
275,2020-04-27 20:00:00+00:00,7780.0,BTCK20 Curncy,8047.78,0.28%,0.024066202142564,0.0220764953275281
276,2020-04-24 20:00:00+00:00,7595.0,BTCK20 Curncy,7872.06,0.16%,-0.0039421864457391,0.001580250130364
277,2020-04-23 20:00:00+00:00,7625.0,BTCK20 Curncy,7859.63,5.70%,0.063620909485061,0.0554252891863193
278,2020-04-22 20:00:00+00:00,7155.0,BTCK20 Curncy,7435.86,3.37%,0.0362900014052004,0.0331238906438373
279,2020-04-21 20:00:00+00:00,6900.0,BTCK20 Curncy,7193.59,1.92%,0.0123953464547177,0.0190045406052088
280,2020-04-20 20:00:00+00:00,6815.0,BTCK20 Curncy,7058.17,-5.64%,-0.0430791663933197,-0.0426876493266347
281,2020-04-17 20:00:00+00:00,7115.0,BTCK20 Curncy,7365.99,-0.20%,-0.0014044946128985,-0.0020343155239987
282,2020-04-16 20:00:00+00:00,7125.0,BTCK20 Curncy,7380.99,5.59%,0.0533267547425521,0.0544057607140878
283,2020-04-15 20:00:00+00:00,6755.0,BTCK20 Curncy,6990.15,-2.61%,-0.0306146358196068,-0.0264519042518042
284,2020-04-14 20:00:00+00:00,6965.0,BTCK20 Curncy,7177.52,2.07%,0.0210381353763982,0.0205225778795972
285,2020-04-13 20:00:00+00:00,6820.0,BTCK20 Curncy,7031.72,-5.03%,-0.0748408413693745,-0.073735305405933
286,2020-04-09 20:00:00+00:00,7350.0,BTCK20 Curncy,7569.8,-0.67%,-0.0054274217353651,-0.0067527570669907
287,2020-04-08 20:00:00+00:00,7390.0,BTCK20 Curncy,7621.09,0.57%,-0.0020277127596517,0.0057321150566779
288,2020-04-07 20:00:00+00:00,7405.0,BTCK20 Curncy,7577.53,0.54%,0.0020277127596516,0.0053643909587872
289,2020-04-06 20:00:00+00:00,7390.0,BTCK20 Curncy,7536.99,8.08%,0.0766092762196982,0.0815849624658266
290,2020-04-03 20:00:00+00:00,6845.0,BTCK20 Curncy,6946.5,-0.12%,-0.0080029528628014,-0.0012315166185472
291,2020-04-02 20:00:00+00:00,6900.0,BTCK20 Curncy,6955.06,8.95%,0.1029479692524424,0.0857638817783112
292,2020-04-01 20:00:00+00:00,6225.0,BTCK20 Curncy,6383.43,-3.73%,-0.0424592077717915,-0.0380319549579897
293,2020-03-31 20:00:00+00:00,6495.0,BTCK20 Curncy,6630.88,1.34%,0.0139537147738653,0.0133035414746056
294,2020-03-30 20:00:00+00:00,6405.0,BTCK20 Curncy,6543.25,7.48%,-0.0465200156348928,-0.0415266558278543
295,2020-03-27 20:00:00+00:00,6710.0,BTCK20 Curncy,6820.69,0.49%,0.0022379718404546,0.0048735346184648
296,2020-03-26 20:00:00+00:00,6695.0,BTCJ20 Curncy,6787.53,0.72%,0.0052414945908379,0.0071696235945709
297,2020-03-25 20:00:00+00:00,6660.0,BTCJ20 Curncy,6739.04,-1.58%,-0.0126820051074214,-0.0159749028935047
298,2020-03-24 20:00:00+00:00,6745.0,BTCJ20 Curncy,6847.56,6.60%,0.0666658131065974,0.0638716446117274
299,2020-03-23 20:00:00+00:00,6310.0,BTCJ20 Curncy,6423.87,5.83%,0.0127593437537599,0.0102722758608975
300,2020-03-20 20:00:00+00:00,6230.0,BTCJ20 Curncy,6358.22,-1.25%,-0.0064000218454675,-0.0125284917104223
301,2020-03-19 20:00:00+00:00,6270.0,BTCJ20 Curncy,6438.38,16.60%,0.1596148101678208,0.1535477078559842
302,2020-03-18 20:00:00+00:00,5345.0,BTCJ20 Curncy,5521.94,-1.21%,-0.0120875483813816,-0.0121552226869351
303,2020-03-17 20:00:00+00:00,5410.0,BTCJ20 Curncy,5589.47,8.62%,0.0898721277837146,0.0826511539421457
304,2020-03-16 20:00:00+00:00,4945.0,BTCJ20 Curncy,5146.07,-7.24%,-0.083381608939051,-0.1016098572327807
305,2020-03-13 20:00:00+00:00,5375.0,BTCJ20 Curncy,5696.45,-8.55%,-0.1158172805357683,-0.0893983184500032
306,2020-03-12 20:00:00+00:00,6035.0,BTCJ20 Curncy,6229.16,-23.68%,-0.2699196161119405,-0.2702195649706571
307,2020-03-11 20:00:00+00:00,7905.0,BTCJ20 Curncy,8161.77,-2.67%,-0.0175553097829111,-0.0270262709451521
308,2020-03-10 20:00:00+00:00,8045.0,BTCJ20 Curncy,8385.36,2.21%,0.0181880209713708,0.0218813340081472
309,2020-03-09 20:00:00+00:00,7900.0,BTCJ20 Curncy,8203.87,-6.10%,-0.1593811002643472,-0.1652792386351927
310,2020-03-06 21:00:00+00:00,9265.0,BTCJ20 Curncy,9678.29,0.41%,-0.0005395198404406,0.0041270005026787
311,2020-03-05 21:00:00+00:00,9270.0,BTCJ20 Curncy,9638.43,4.82%,0.0469310519660152,0.0470309485551896
312,2020-03-04 21:00:00+00:00,8845.0,BTCJ20 Curncy,9195.62,-0.18%,-0.0022586119144226,-0.0017883825124286
313,2020-03-03 21:00:00+00:00,8865.0,BTCJ20 Curncy,9212.08,-2.40%,-0.0201011793210872,-0.0243322572265143
314,2020-03-02 21:00:00+00:00,9045.0,BTCJ20 Curncy,9438.98,5.55%,0.0297357112002332,0.0349627200560376
315,2020-02-28 21:00:00+00:00,8780.0,BTCJ20 Curncy,9114.67,-3.39%,-0.0186183093136571,-0.0345091783966088
316,2020-02-27 21:00:00+00:00,8945.0,BTCH20 Curncy,9434.7,1.39%,0.0067302553540678,0.0138156248036558
317,2020-02-26 21:00:00+00:00,8885.0,BTCH20 Curncy,9305.25,-6.36%,-0.0600617172138988,-0.0656823818724043
318,2020-02-25 21:00:00+00:00,9435.0,BTCH20 Curncy,9936.96,-3.30%,-0.0323281541390105,-0.0335333968273336
319,2020-02-24 21:00:00+00:00,9745.0,BTCH20 Curncy,10275.83,-3.51%,-0.0142641236630561,-0.0149099498207139
320,2020-02-21 21:00:00+00:00,9885.0,BTCH20 Curncy,10430.19,1.72%,0.0127260561975791,0.0170736715633841
321,2020-02-20 21:00:00+00:00,9760.0,BTCH20 Curncy,10253.62,-6.22%,-0.0630325208849751,-0.0641777907757002
322,2020-02-19 21:00:00+00:00,10395.0,BTCH20 Curncy,10933.25,-0.85%,-0.001922153402959,-0.0084919548518921
323,2020-02-18 21:00:00+00:00,10415.0,BTCH20 Curncy,11026.49,6.30%,-0.0246574844017529,-0.0300751039943706
324,2020-02-14 21:00:00+00:00,10675.0,BTCH20 Curncy,11363.15,2.28%,0.0174821367064824,0.0225003574072733
325,2020-02-13 21:00:00+00:00,10490.0,BTCH20 Curncy,11110.33,-1.35%,-0.0226211342344013,-0.0135908860438538
326,2020-02-12 21:00:00+00:00,10730.0,BTCH20 Curncy,11262.36,3.20%,0.0136056520557786,0.0315416927151243
327,2020-02-11 21:00:00+00:00,10585.0,BTCH20 Curncy,10912.67,4.60%,0.0469024807396147,0.0449563910226047
328,2020-02-10 21:00:00+00:00,10100.0,BTCH20 Curncy,10432.94,-1.74%,0.0119523335238411,0.0142349165632891
329,2020-02-07 21:00:00+00:00,9980.0,BTCH20 Curncy,10285.48,-0.16%,-0.0044988828692602,-0.0016009764710935
330,2020-02-06 21:00:00+00:00,10025.0,BTCH20 Curncy,10301.96,1.38%,0.0085149525241501,0.0137438451772151
331,2020-02-05 21:00:00+00:00,9940.0,BTCH20 Curncy,10161.34,6.06%,0.0601217301789819,0.0588615843172122
332,2020-02-04 21:00:00+00:00,9360.0,BTCH20 Curncy,9580.49,-1.15%,-0.0158985860677982,-0.0116153978241833
333,2020-02-03 21:00:00+00:00,9510.0,BTCH20 Curncy,9692.42,-1.26%,-0.0026253624950834,0.0121040099354062
334,2020-01-31 21:00:00+00:00,9535.0,BTCH20 Curncy,9575.81,-2.74%,-0.0202446571455313,-0.0278221076197686
335,2020-01-30 21:00:00+00:00,9730.0,BTCG20 Curncy,9845.97,2.61%,0.0212939751851489,0.0257315210666143
336,2020-01-29 21:00:00+00:00,9525.0,BTCG20 Curncy,9595.85,3.30%,0.0374375270721305,0.0324341420219355
337,2020-01-28 21:00:00+00:00,9175.0,BTCG20 Curncy,9289.61,0.77%,0.0109590137897193,0.0076972541787904
338,2020-01-27 21:00:00+00:00,9075.0,BTCG20 Curncy,9218.38,4.83%,0.0601770635833603,0.0592461948874718
339,2020-01-24 21:00:00+00:00,8545.0,BTCG20 Curncy,8688.09,1.40%,0.0135495445537901,0.0139199562427
340,2020-01-23 21:00:00+00:00,8430.0,BTCG20 Curncy,8567.99,-3.84%,-0.03611341765368,-0.0391511764305577
341,2020-01-22 21:00:00+00:00,8740.0,BTCG20 Curncy,8910.09,-0.48%,-0.0062731885220773,-0.0048244340008521
342,2020-01-21 21:00:00+00:00,8795.0,BTCG20 Curncy,8953.18,0.49%,-0.0224854892129749,-0.0186298730375208
343,2020-01-17 21:00:00+00:00,8995.0,BTCG20 Curncy,9121.54,2.08%,0.0162514083826582,0.0206054235945346
344,2020-01-16 21:00:00+00:00,8850.0,BTCG20 Curncy,8935.51,-0.80%,-0.0112360732669258,-0.0080820657578951
345,2020-01-15 21:00:00+00:00,8950.0,BTCG20 Curncy,9008.02,1.42%,0.0134985176708953,0.0141031712239053
346,2020-01-14 21:00:00+00:00,8830.0,BTCG20 Curncy,8881.87,8.13%,0.0667304270829819,0.0781599306228734
347,2020-01-13 21:00:00+00:00,8260.0,BTCG20 Curncy,8214.1,0.03%,0.009732436918231,0.0108646163026374
348,2020-01-10 21:00:00+00:00,8180.0,BTCG20 Curncy,8125.34,3.59%,0.0304087966362832,0.0352871110045889
349,2020-01-09 21:00:00+00:00,7935.0,BTCG20 Curncy,7843.62,-2.42%,-0.0279608149976432,-0.0244561955372753
350,2020-01-08 21:00:00+00:00,8160.0,BTCG20 Curncy,8037.81,-2.04%,-0.0188169436688753,-0.0205785350955508
351,2020-01-07 21:00:00+00:00,8315.0,BTCG20 Curncy,8204.93,6.65%,0.0827020835352438,0.0643866727487552
352,2020-01-06 21:00:00+00:00,7655.0,BTCG20 Curncy,7693.29,2.51%,0.0318540535197516,0.0436787192925004
353,2020-01-03 21:00:00+00:00,7415.0,BTCG20 Curncy,7364.49,5.53%,0.0597399828809702,0.0538186115899627
354,2020-01-02 21:00:00+00:00,6985.0,BTCG20 Curncy,6978.62,-4.06%,-0.0358562136886998,-0.0290134933669769
355,2019-12-31 21:00:00+00:00,7240.0,BTCG20 Curncy,7184.06,-1.53%,-0.0123543095009351,-0.0154601992989384
356,2019-12-30 21:00:00+00:00,7330.0,BTCG20 Curncy,7295.99,-1.96%,0.002732242136873,0.0099299088845842
357,2019-12-27 21:00:00+00:00,7310.0,BTCG20 Curncy,7223.9,-0.40%,0.0013689256073417,-0.0040477775252617
358,2019-12-26 21:00:00+00:00,7300.0,BTCF20 Curncy,7253.2,0.26%,0.0034305350967892,0.0031124324863476
359,2019-12-24 21:00:00+00:00,7275.0,BTCF20 Curncy,7230.66,-2.24%,-0.0244411351591455,-0.0226847089507047
360,2019-12-23 21:00:00+00:00,7455.0,BTCF20 Curncy,7396.56,-0.63%,0.0278834793501184,0.0216452336814889
361,2019-12-20 21:00:00+00:00,7250.0,BTCF20 Curncy,7238.18,1.02%,0.008310297133628,0.0101770848258523
362,2019-12-19 21:00:00+00:00,7190.0,BTCF20 Curncy,7164.89,-0.20%,0.0041811907604011,-0.0020049978273135
363,2019-12-18 21:00:00+00:00,7160.0,BTCF20 Curncy,7179.27,8.13%,0.0806830429982655,0.0781459858721354
364,2019-12-17 21:00:00+00:00,6605.0,BTCF20 Curncy,6639.6,-4.99%,-0.0415181942063295,-0.0511913252151377
365,2019-12-16 21:00:00+00:00,6885.0,BTCF20 Curncy,6988.34,-4.59%,-0.0578440497941308,-0.0643266279164714
366,2019-12-13 21:00:00+00:00,7295.0,BTCF20 Curncy,7452.65,0.13%,-0.0013698632279138,0.0013252388745435
367,2019-12-12 21:00:00+00:00,7305.0,BTCF20 Curncy,7442.78,1.11%,0.0117040922979279,0.0110146796903494
368,2019-12-11 21:00:00+00:00,7220.0,BTCF20 Curncy,7361.25,-0.46%,-0.0075888601528213,-0.0046122035905489
369,2019-12-10 21:00:00+00:00,7275.0,BTCF20 Curncy,7395.28,-1.39%,-0.0143298255548249,-0.0139810584749016
370,2019-12-09 21:00:00+00:00,7380.0,BTCF20 Curncy,7499.4,-3.05%,-0.0187924993493672,-0.0159651633103333
371,2019-12-06 21:00:00+00:00,7520.0,BTCF20 Curncy,7620.09,0.61%,0.0066711388170226,0.0060945779897412
372,2019-12-05 21:00:00+00:00,7470.0,BTCF20 Curncy,7573.79,2.46%,0.0278267021224796,0.0242722707522514
373,2019-12-04 21:00:00+00:00,7265.0,BTCF20 Curncy,7392.17,-1.51%,-0.0190871506975158,-0.015242732297954
374,2019-12-03 21:00:00+00:00,7405.0,BTCF20 Curncy,7505.71,0.09%,0.0006754475096379,0.000869049498544
375,2019-12-02 21:00:00+00:00,7400.0,BTCF20 Curncy,7499.19,-1.01%,-0.0596702714974603,-0.0571913057402767
376,2019-11-29 21:00:00+00:00,7855.0,BTCF20 Curncy,7940.58,2.06%,0.029717949214109,0.0213185517279659
377,2019-11-27 21:00:00+00:00,7625.0,BTCZ19 Curncy,7773.09,5.87%,0.067822596338761,0.0570769142566523
378,2019-11-26 21:00:00+00:00,7125.0,BTCZ19 Curncy,7341.85,-0.51%,-0.0090814455782411,-0.0050919941177287
379,2019-11-25 21:00:00+00:00,7190.0,BTCZ19 Curncy,7379.33,1.34%,-0.0226891823204454,-0.0271904445409575
380,2019-11-22 21:00:00+00:00,7355.0,BTCZ19 Curncy,7582.73,-3.43%,-0.0347396322937242,-0.0348644173618628
381,2019-11-21 21:00:00+00:00,7615.0,BTCZ19 Curncy,7851.76,-6.37%,-0.0678979409056461,-0.0658509796852064
382,2019-11-20 21:00:00+00:00,8150.0,BTCZ19 Curncy,8386.21,-0.17%,0.0,-0.0017239647824943
383,2019-11-19 21:00:00+00:00,8150.0,BTCZ19 Curncy,8400.68,-1.45%,-0.0134066602801153,-0.0146364078157096
384,2019-11-18 21:00:00+00:00,8260.0,BTCZ19 Curncy,8524.54,-4.01%,-0.0339217290346675,-0.030611039928046
385,2019-11-15 21:00:00+00:00,8545.0,BTCZ19 Curncy,8789.52,-2.25%,-0.0225638730998898,-0.0228052166934257
386,2019-11-14 21:00:00+00:00,8740.0,BTCZ19 Curncy,8992.27,-1.26%,-0.012507269352394,-0.0126791272505841
387,2019-11-13 21:00:00+00:00,8850.0,BTCZ19 Curncy,9107.01,-0.41%,-0.004509590505975,-0.0040611351147774
388,2019-11-12 21:00:00+00:00,8890.0,BTCZ19 Curncy,9144.07,0.61%,0.0096073075776436,0.0061298133059016
389,2019-11-11 21:00:00+00:00,8805.0,BTCZ19 Curncy,9088.19,-3.29%,-0.0118544995345484,-0.0048188156219406
390,2019-11-08 21:00:00+00:00,8910.0,BTCZ19 Curncy,9132.09,-3.77%,-0.0433776486114961,-0.0383839635211867
391,2019-11-07 21:00:00+00:00,9305.0,BTCZ19 Curncy,9489.43,-1.54%,-0.0149336108592588,-0.0154728151072035
392,2019-11-06 21:00:00+00:00,9445.0,BTCZ19 Curncy,9637.4,-0.58%,-0.0073839997946399,-0.0058341116035566
393,2019-11-05 21:00:00+00:00,9515.0,BTCZ19 Curncy,9693.79,-0.45%,-0.0140884146027817,-0.0045102333627969
394,2019-11-04 21:00:00+00:00,9650.0,BTCZ19 Curncy,9737.61,3.37%,0.0342589498210153,0.0319734259823196
395,2019-11-01 20:00:00+00:00,9325.0,BTCZ19 Curncy,9431.19,-0.61%,0.0021470754356652,-0.0061636425100776
396,2019-10-31 20:00:00+00:00,9305.0,BTCX19 Curncy,9489.5,0.13%,0.0037685105164502,0.0012790725780004
397,2019-10-30 20:00:00+00:00,9270.0,BTCX19 Curncy,9477.37,-0.64%,-0.004842624475788,-0.0064220500695841
398,2019-10-29 20:00:00+00:00,9315.0,BTCX19 Curncy,9538.43,-1.04%,-0.0228187136125589,-0.0104334806467361
399,2019-10-28 20:00:00+00:00,9530.0,BTCX19 Curncy,9638.47,-2.77%,0.0893990386941265,0.0710932896905125
400,2019-10-25 20:00:00+00:00,8715.0,BTCX19 Curncy,8977.03,14.22%,0.1501426584297194,0.132920654868875
401,2019-10-24 20:00:00+00:00,7500.0,BTCX19 Curncy,7859.7,0.56%,-0.0006664445431605,0.0056062297483371
402,2019-10-23 20:00:00+00:00,7505.0,BTCX19 Curncy,7815.76,-8.26%,-0.0922165496035531,-0.0862213145195217
403,2019-10-22 20:00:00+00:00,8230.0,BTCX19 Curncy,8519.55,-0.31%,-0.0024271856576111,-0.003140768670923
404,2019-10-21 20:00:00+00:00,8250.0,BTCX19 Curncy,8546.35,-0.46%,0.0320224405684062,0.025152358922836
405,2019-10-18 20:00:00+00:00,7990.0,BTCX19 Curncy,8334.07,-1.37%,-0.0142903954094561,-0.0137695376506407
406,2019-10-17 20:00:00+00:00,8105.0,BTCX19 Curncy,8449.62,1.80%,0.0142903954094561,0.0178189682932219
407,2019-10-16 20:00:00+00:00,7990.0,BTCX19 Curncy,8300.39,-2.73%,-0.0295952549107951,-0.0276431855761132
408,2019-10-15 20:00:00+00:00,8230.0,BTCX19 Curncy,8533.04,-2.16%,-0.0222298129537908,-0.0218501406059859
409,2019-10-14 20:00:00+00:00,8415.0,BTCX19 Curncy,8721.54,-0.61%,0.0,0.0071007359358842
410,2019-10-11 20:00:00+00:00,8415.0,BTCX19 Curncy,8659.83,-2.90%,-0.0275434933010185,-0.0294293153195285
411,2019-10-10 20:00:00+00:00,8650.0,BTCX19 Curncy,8918.47,-0.56%,-0.0040380787492802,-0.0056241357063617
412,2019-10-09 20:00:00+00:00,8685.0,BTCX19 Curncy,8968.77,5.21%,0.0544191030416326,0.0507994801531021
413,2019-10-08 20:00:00+00:00,8225.0,BTCX19 Curncy,8524.54,-0.80%,-0.007871672495768,-0.0080128203192301
414,2019-10-07 20:00:00+00:00,8290.0,BTCX19 Curncy,8593.12,4.76%,0.0042308917751122,0.0110298462340569
415,2019-10-04 20:00:00+00:00,8255.0,BTCX19 Curncy,8498.86,1.14%,0.0060753528300371,0.0113575326245904
416,2019-10-03 20:00:00+00:00,8205.0,BTCX19 Curncy,8402.88,-1.56%,-0.013918530291063,-0.0157496400095589
417,2019-10-02 20:00:00+00:00,8320.0,BTCX19 Curncy,8536.27,-0.28%,-0.0059916296682667,-0.0027748776890646
418,2019-10-01 20:00:00+00:00,8370.0,BTCX19 Curncy,8559.99,-0.01%,0.0005975500625965,-8.994933055150398e-05
419,2019-09-30 20:00:00+00:00,8365.0,BTCX19 Curncy,8560.76,4.60%,0.0346644619057832,0.0390530785380415
420,2019-09-27 20:00:00+00:00,8080.0,BTCX19 Curncy,8232.88,-1.10%,-0.0123002780816516,-0.011026237153589
421,2019-09-26 20:00:00+00:00,8180.0,BTCV19 Curncy,8324.16,-2.63%,-0.0271346162459232,-0.0266217737930551
422,2019-09-25 20:00:00+00:00,8405.0,BTCV19 Curncy,8548.74,-1.07%,-0.0029700051531852,-0.010751772142727
423,2019-09-24 20:00:00+00:00,8430.0,BTCV19 Curncy,8641.15,-14.59%,-0.1622519899579952,-0.1576815014132028
424,2019-09-23 20:00:00+00:00,9915.0,BTCV19 Curncy,10117.0,-1.39%,-0.035664998410539,-0.0373590121324516
425,2019-09-20 20:00:00+00:00,10275.0,BTCV19 Curncy,10502.11,-0.47%,0.0043891804187631,-0.0047297491374811
426,2019-09-19 20:00:00+00:00,10230.0,BTCV19 Curncy,10551.9,-0.38%,-0.0068193152720549,-0.0037779548466922
427,2019-09-18 20:00:00+00:00,10300.0,BTCV19 Curncy,10591.84,0.11%,-0.0086999098755459,0.0011326447044911
428,2019-09-17 20:00:00+00:00,10390.0,BTCV19 Curncy,10579.85,2.94%,0.0145421854997743,0.0289445871143864
429,2019-09-16 20:00:00+00:00,10240.0,BTCV19 Curncy,10278.01,-1.35%,-0.0121331262763811,0.0028138375882096
430,2019-09-13 20:00:00+00:00,10365.0,BTCV19 Curncy,10249.13,-0.89%,-0.0115109184661403,-0.0089750032528758
431,2019-09-12 20:00:00+00:00,10485.0,BTCV19 Curncy,10341.53,2.10%,0.026578032177309,0.0207563451423659
432,2019-09-11 20:00:00+00:00,10210.0,BTCV19 Curncy,10129.09,0.27%,0.0058939266887777,0.0027285443248184
433,2019-09-10 20:00:00+00:00,10150.0,BTCV19 Curncy,10101.49,-2.65%,-0.0291282729230237,-0.0268086542376134
434,2019-09-09 20:00:00+00:00,10450.0,BTCV19 Curncy,10375.96,-0.20%,-0.0095238815112554,0.0062851546227322
435,2019-09-06 20:00:00+00:00,10550.0,BTCV19 Curncy,10310.95,-1.27%,-0.0136504826122934,-0.0128260009293219
436,2019-09-05 20:00:00+00:00,10695.0,BTCV19 Curncy,10444.05,-1.92%,-0.0203616474675382,-0.0194016243798029
437,2019-09-04 20:00:00+00:00,10915.0,BTCV19 Curncy,10648.66,0.14%,0.005512186671652,0.0013955149388191
438,2019-09-03 20:00:00+00:00,10855.0,BTCV19 Curncy,10633.81,4.02%,0.11301551463564,0.0971241566165044
439,2019-08-30 20:00:00+00:00,9695.0,BTCV19 Curncy,9649.58,0.51%,0.0129770832297522,0.0050710874970577
440,2019-08-29 20:00:00+00:00,9570.0,BTCU19 Curncy,9600.77,-1.63%,-0.0181211274946612,-0.0164050384867896
441,2019-08-28 20:00:00+00:00,9745.0,BTCU19 Curncy,9759.57,-5.33%,-0.0553895622760659,-0.0547747781770576
442,2019-08-27 20:00:00+00:00,10300.0,BTCU19 Curncy,10309.06,-1.24%,-0.0163701296468554,-0.0125103449156299
443,2019-08-26 20:00:00+00:00,10470.0,BTCU19 Curncy,10438.84,2.04%,-0.0076118350396299,-0.0143710287048005
444,2019-08-23 20:00:00+00:00,10550.0,BTCU19 Curncy,10589.94,2.19%,0.0264120995397772,0.0216752683814227
445,2019-08-22 20:00:00+00:00,10275.0,BTCU19 Curncy,10362.87,1.11%,0.006346128205724,0.0110578670271143
446,2019-08-21 20:00:00+00:00,10210.0,BTCU19 Curncy,10248.91,-5.47%,-0.0603365121022635,-0.056242287190315
447,2019-08-20 20:00:00+00:00,10845.0,BTCU19 Curncy,10841.85,-0.04%,0.0013840832659385,-0.0003845467582927
448,2019-08-19 20:00:00+00:00,10830.0,BTCU19 Curncy,10846.02,2.33%,0.0191103462024187,0.026607496788103
449,2019-08-16 20:00:00+00:00,10625.0,BTCU19 Curncy,10561.24,2.91%,0.0369080951991188,0.0286922720073308
